reach,x,t,day_no,date_time,Qsite,Ci,PAR,Cobs,Temp,P
1,0,0,,04/08/2019 10:25,43.677709,11.07,1.153588777,11.21,10.56,98.2
1,1,5,,04/08/2019 10:30,43.94283109,10.67,1.167298661,11.19,10.85,98.2
1,2,10,,04/08/2019 10:35,44.20795318,11.12,1.181987822,11.2,10.79,98.2
1,3,15,,04/08/2019 10:40,44.47307527,11.13,1.196676983,11.22,10.88,98.2
1,4,20,,04/08/2019 10:45,44.73819736,11.13,1.211366144,11.2,10.94,98.2
1,5,25,,04/08/2019 10:50,45.00331945,11.12,1.22409675,11.23,10.94,98.2
1,6,30,,04/08/2019 10:55,45.26844154,11.13,1.235848079,11.25,10.83,98.1
1,7,35,,04/08/2019 11:00,45.53356363,11.13,1.24662013,11.24,10.98,98.1
1,8,40,,04/08/2019 11:05,45.73103311,11.14,1.260330014,11.24,11.03,98.1
1,9,45,,04/08/2019 11:10,45.92850259,11.14,1.272081343,11.28,10.97,98.1
1,10,50,,04/08/2019 11:15,46.12597207,11.11,1.284811949,11.27,11.05,98.1
1,11,55,,04/08/2019 11:20,46.32344154,11.11,1.296563278,11.27,11.06,98.1
1,12,60,,04/08/2019 11:25,46.52091102,11.12,1.308314606,11.31,11.11,98.1
1,13,65,,04/08/2019 11:30,46.7183805,11.13,1.31810738,11.27,11.24,98.1
1,14,70,,04/08/2019 11:35,46.91584998,11.11,1.327900154,11.3,11.22,98.1
1,15,75,,04/08/2019 11:40,47.11331946,11.11,1.338672206,11.32,11.21,98.1
1,16,80,,04/08/2019 11:45,47.31078894,11.11,1.34846498,11.31,11.32,98.1
1,17,85,,04/08/2019 11:50,47.50825841,11.1,1.358257754,11.33,11.36,98.1
1,18,90,,04/08/2019 11:55,47.70572789,11.12,1.36707125,11.31,11.41,98.1
1,19,95,,04/08/2019 12:00,47.90319737,11.09,1.375884747,11.31,11.47,98.1
1,20,100,,04/08/2019 12:05,48.05037303,11.11,1.380781134,11.33,11.47,98.1
1,21,105,,04/08/2019 12:10,48.19754869,11.09,1.385677521,11.33,11.52,98.1
1,22,110,,04/08/2019 12:15,48.34472436,11.09,1.390573908,11.34,11.65,98.1
1,23,115,,04/08/2019 12:20,48.49190002,11.08,1.396449572,11.33,11.7,98.1
1,24,120,,04/08/2019 12:25,48.63907568,11.11,1.403304514,11.34,11.69,98.1
1,25,125,,04/08/2019 12:30,48.78625134,11.09,1.408200901,11.33,11.78,98.1
1,26,130,,04/08/2019 12:35,48.933427,11.09,1.417014398,11.35,11.75,98.1
1,27,135,,04/08/2019 12:40,49.08060266,11.09,1.432682836,11.34,11.93,98.1
1,28,140,,04/08/2019 12:45,49.22777833,11.09,1.420931507,11.36,11.84,98.1
1,29,145,,04/08/2019 12:50,49.37495399,11.07,1.430724281,11.37,11.84,98.1
1,30,150,,04/08/2019 12:55,49.52212965,11.08,1.425827894,11.33,12.07,98
1,31,155,,04/08/2019 13:00,49.66930531,11.1,1.453247662,11.31,12.11,98
1,32,160,,04/08/2019 13:05,49.74834512,11.08,1.236827356,11.33,12.15,98
1,33,165,,04/08/2019 13:10,49.82738493,11.06,0.945002691,11.33,12.25,98
1,34,170,,04/08/2019 13:15,49.90642474,11.07,1.508087196,11.32,12.31,98
1,35,175,,04/08/2019 13:20,49.98546455,11.06,1.335734374,11.34,12.28,98
1,36,180,,04/08/2019 13:25,50.06450436,11.04,1.283832671,11.33,12.33,98
1,37,185,,04/08/2019 13:30,50.14354417,11.04,1.458144049,11.31,12.53,98
1,38,190,,04/08/2019 13:35,50.22258398,11.03,1.354340644,11.32,12.56,98
1,39,195,,04/08/2019 13:40,50.30162379,11.03,0.653080098,11.32,12.61,98
1,40,200,,04/08/2019 13:45,50.3806636,11.04,1.51396286,11.32,12.66,98
1,41,205,,04/08/2019 13:50,50.4597034,11.05,1.39351174,11.33,12.7,98
1,42,210,,04/08/2019 13:55,50.53874321,11.02,0.845116396,11.32,12.78,98
1,43,215,,04/08/2019 14:00,50.61778302,11.03,0.852950615,11.32,12.85,98
1,44,220,,04/08/2019 14:05,50.64312489,11.02,1.304397497,11.33,12.9,98
1,45,225,,04/08/2019 14:10,50.66846676,11.02,1.379801857,11.33,12.95,98
1,46,230,,04/08/2019 14:15,50.69380863,11.03,1.392532463,11.32,13.07,98
1,47,235,,04/08/2019 14:20,50.71915049,11.01,1.304397497,11.32,13.12,98
1,48,240,,04/08/2019 14:25,50.74449236,11.02,1.309293884,11.32,13.15,98
1,49,245,,04/08/2019 14:30,50.76983423,11.02,1.302438942,11.33,13.24,98
1,50,250,,04/08/2019 14:35,50.79517609,11,1.168277938,11.34,13.24,98
1,51,255,,04/08/2019 14:40,50.82051796,11.02,1.163381551,11.32,13.31,98
1,52,260,,04/08/2019 14:45,50.84585983,11.02,1.023344883,11.32,13.39,98
1,53,265,,04/08/2019 14:50,50.8712017,11.03,0.868619054,11.32,13.44,98
1,54,270,,04/08/2019 14:55,50.89654356,11.02,0.891142434,11.32,13.47,98
1,55,275,,04/08/2019 15:00,50.92188543,11.02,0.62830438,11.33,13.49,98
1,56,280,,04/08/2019 15:05,50.88852862,11.03,0.638782648,11.33,13.52,98
1,57,285,,04/08/2019 15:10,50.8551718,11.03,0.68764859,11.32,13.55,98
1,58,290,,04/08/2019 15:15,50.82181499,11.02,0.718985467,11.33,13.64,98
1,59,295,,04/08/2019 15:20,50.78845818,11.02,0.636138599,11.33,13.66,98
1,60,300,,04/08/2019 15:25,50.75510136,11.02,0.596771648,11.32,13.69,98
1,61,305,,04/08/2019 15:30,50.72174455,11.02,0.63741166,11.32,13.74,98
1,62,310,,04/08/2019 15:35,50.68838773,11.02,0.600884613,11.33,13.76,98
1,63,315,,04/08/2019 15:40,50.65503092,11.02,0.630165007,11.33,13.82,98
1,64,320,,04/08/2019 15:45,50.62167411,11.02,0.629969151,11.33,13.84,98
1,65,325,,04/08/2019 15:50,50.58831729,11.03,0.757177286,11.34,13.85,98
1,66,330,,04/08/2019 15:55,50.55496048,11.02,0.665516921,11.32,13.92,98
1,67,335,,04/08/2019 16:00,50.52160366,11.02,0.584432752,11.33,13.93,98
1,68,340,,04/08/2019 16:05,50.45173765,11.01,0.38563944,11.33,13.97,98
1,69,345,,04/08/2019 16:10,50.38187163,11.01,0.348035188,11.32,14.04,98
1,70,350,,04/08/2019 16:15,50.31200561,11.01,0.333248099,11.33,14.01,98
1,71,355,,04/08/2019 16:20,50.24213959,11.02,0.322965687,11.33,14.06,98
1,72,360,,04/08/2019 16:25,50.17227357,11,0.316404528,11.33,14.07,98
1,73,365,,04/08/2019 16:30,50.10240755,11.03,0.3163066,11.33,14.08,98
1,74,370,,04/08/2019 16:35,50.03254153,11.01,0.321790554,11.31,14.16,98
1,75,375,,04/08/2019 16:40,49.96267551,11,0.309157875,11.32,14.22,98
1,76,380,,04/08/2019 16:45,49.89280949,10.99,0.294860425,11.34,14.15,98
1,77,385,,04/08/2019 16:50,49.82294347,10.99,0.288299267,11.33,14.23,98
1,78,390,,04/08/2019 16:55,49.75307745,10.98,0.273120467,11.36,14.21,98
1,79,395,,04/08/2019 17:00,49.68321143,10.99,0.261075355,11.34,14.28,98
1,80,400,,04/08/2019 17:05,49.71964225,10.97,0.249324026,11.36,14.24,98
1,81,405,,04/08/2019 17:10,49.75607306,10.97,0.235320359,11.36,14.24,98
1,82,410,,04/08/2019 17:15,49.79250387,10.96,0.221316692,11.35,14.31,98
1,83,415,,04/08/2019 17:20,49.82893468,10.96,0.212796979,11.37,14.28,98
1,84,420,,04/08/2019 17:25,49.8653655,10.97,0.204864832,11.36,14.28,98
1,85,425,,04/08/2019 17:30,49.90179631,10.95,0.197814035,11.37,14.27,98
1,86,430,,04/08/2019 17:35,49.93822712,10.97,0.212992835,11.37,14.29,98
1,87,435,,04/08/2019 17:40,49.97465793,10.97,0.246875833,11.38,14.23,98
1,88,440,,04/08/2019 17:45,50.01108875,10.95,0.192232154,11.36,14.26,98
1,89,445,,04/08/2019 17:50,50.04751956,10.97,0.212209413,11.39,14.22,98
1,90,450,,04/08/2019 17:55,50.08395037,10.96,0.161286988,11.37,14.29,98
1,91,455,,04/08/2019 18:00,50.12038118,10.99,0.153061058,11.38,14.24,98
1,92,460,,04/08/2019 18:05,50.43771534,10.98,0.148556382,11.42,14.18,98
1,93,465,,04/08/2019 18:10,50.7550495,10.99,0.147185393,11.38,14.24,98
1,94,470,,04/08/2019 18:15,51.07238366,10.97,0.143953778,11.4,14.19,98
1,95,475,,04/08/2019 18:20,51.38971782,10.97,0.149437731,11.36,14.28,98
1,96,480,,04/08/2019 18:25,51.70705198,10.97,0.142876573,11.38,14.23,98
1,97,485,,04/08/2019 18:30,52.02438614,10.94,0.174409305,11.38,14.23,98
1,98,490,,04/08/2019 18:35,52.3417203,10.97,0.204668977,11.38,14.22,98
1,99,495,,04/08/2019 18:40,52.65905446,10.99,0.165497881,11.38,14.22,98
1,100,500,,04/08/2019 18:45,52.97638862,11.01,0.222785609,11.38,14.2,98
1,101,505,,04/08/2019 18:50,53.29372278,11.05,0.137196764,11.36,14.2,98
1,102,510,,04/08/2019 18:55,53.61105694,11.05,0.135727848,11.35,14.25,98
1,103,515,,04/08/2019 19:00,53.9283911,11.07,0.121234542,11.33,14.25,98
1,104,520,,04/08/2019 19:05,54.44351951,11.08,0.114085817,11.36,14.17,98
1,105,525,,04/08/2019 19:10,54.95864791,11.1,0.107230875,11.37,14.13,98
1,106,530,,04/08/2019 19:15,55.47377632,11.09,0.102334488,11.35,14.15,98
1,107,535,,04/08/2019 19:20,55.98890472,11.14,0.095479547,11.36,14.13,98
1,108,540,,04/08/2019 19:25,56.50403312,11.15,0.08970181,11.37,14.11,98
1,109,545,,04/08/2019 19:30,57.01916153,11.16,0.083924073,11.35,14.11,98
1,110,550,,04/08/2019 19:35,57.53428993,11.2,0.078635975,11.34,14.15,98
1,111,555,,04/08/2019 19:40,58.04941834,11.21,0.07417047,11.34,14.06,98
1,112,560,,04/08/2019 19:45,58.56454674,11.22,0.069381804,11.34,14.06,98
1,113,565,,04/08/2019 19:50,59.07967515,11.22,0.063535518,11.32,14.07,98
1,114,570,,04/08/2019 19:55,59.59480355,11.28,0.057992808,11.33,14.02,98
1,115,575,,04/08/2019 20:00,60.10993196,11.3,0.052254242,11.32,13.95,98
1,116,580,,04/08/2019 20:05,60.49108466,11.3,0.046554848,11.31,14.04,98
1,117,585,,04/08/2019 20:10,60.87223737,11.32,0.041364677,11.3,13.97,98
1,118,590,,04/08/2019 20:15,61.25339008,11.32,0.036370363,11.25,14.02,98
1,119,595,,04/08/2019 20:20,61.63454279,11.34,0.031072472,11.31,13.82,98
1,120,600,,04/08/2019 20:25,62.01569549,11.36,0.025676653,11.28,13.92,98
1,121,605,,04/08/2019 20:30,62.3968482,11.35,0.02072151,11.29,13.88,98
1,122,610,,04/08/2019 20:35,62.77800091,11.35,0.01627559,11.27,13.84,98
1,123,615,,04/08/2019 20:40,63.15915361,11.35,0.012358481,11.27,13.75,98
1,124,620,,04/08/2019 20:45,63.54030632,11.35,0.008989767,11.27,13.71,98
1,125,625,,04/08/2019 20:50,63.92145903,11.34,0.006345718,11.26,13.72,98
1,126,630,,04/08/2019 20:55,64.30261174,11.33,0.004448857,11.25,13.74,98
1,127,635,,04/08/2019 21:00,64.68376444,11.34,0.00314348,11.25,13.68,98
1,128,640,,04/08/2019 21:05,64.96114657,11.34,0.00215539,11.21,13.67,98
1,129,645,,04/08/2019 21:10,65.2385287,11.33,0.001405263,11.27,13.56,98
1,130,650,,04/08/2019 21:15,65.51591082,11.34,0.000864702,11.21,13.64,98.1
1,131,655,,04/08/2019 21:20,65.79329295,11.32,0.000520976,11.19,13.59,98.1
1,132,660,,04/08/2019 21:25,66.07067508,11.32,0.000308472,11.2,13.52,98.1
1,133,665,,04/08/2019 21:30,66.3480572,11.3,0.000196835,11.18,13.51,98.1
1,134,670,,04/08/2019 21:35,66.62543933,11.29,0.000139057,11.16,13.49,98.1
1,135,675,,04/08/2019 21:40,66.90282146,11.28,0.0001087,11.21,13.29,98.1
1,136,680,,04/08/2019 21:45,67.18020358,11.26,8.72E-05,11.17,13.33,98.1
1,137,685,,04/08/2019 21:50,67.45758571,11.25,6.76E-05,11.15,13.36,98.1
1,138,690,,04/08/2019 21:55,67.73496784,11.23,5.58E-05,11.14,13.31,98.1
1,139,695,,04/08/2019 22:00,68.01234997,11.21,5.68E-05,11.16,13.17,98.1
1,140,700,,04/08/2019 22:05,68.20516532,11.21,4.70E-05,11.14,13.18,98.1
1,141,705,,04/08/2019 22:10,68.39798067,11.18,4.02E-05,11.09,13.2,98.1
1,142,710,,04/08/2019 22:15,68.59079602,11.18,3.62E-05,11.09,13.24,98.1
1,143,715,,04/08/2019 22:20,68.78361136,11.17,4.31E-05,11.08,13.18,98.1
1,144,720,,04/08/2019 22:25,68.97642671,11.16,4.21E-05,11.09,13.14,98.1
1,145,725,,04/08/2019 22:30,69.16924206,11.15,3.92E-05,11.06,13.05,98.1
1,146,730,,04/08/2019 22:35,69.36205741,11.16,4.21E-05,11.11,12.85,98.1
1,147,735,,04/08/2019 22:40,69.55487276,11.14,4.21E-05,11.07,12.99,98.1
1,148,740,,04/08/2019 22:45,69.74768811,11.13,4.21E-05,11.07,12.95,98.1
1,149,745,,04/08/2019 22:50,69.94050346,11.14,4.41E-05,11.08,12.84,98.1
1,150,750,,04/08/2019 22:55,70.13331881,11.14,4.21E-05,11.06,12.8,98.1
1,151,755,,04/08/2019 23:00,70.32613416,11.14,4.02E-05,11.06,12.75,98.1
1,152,760,,04/08/2019 23:05,70.30481739,11.13,4.11E-05,10.97,12.88,98.1
1,153,765,,04/08/2019 23:10,70.28350061,11.13,3.62E-05,11.02,12.74,98.1
1,154,770,,04/08/2019 23:15,70.26218384,11.13,3.62E-05,11,12.77,98.1
1,155,775,,04/08/2019 23:20,70.24086706,11.13,3.72E-05,10.98,12.74,98.1
1,156,780,,04/08/2019 23:25,70.21955029,11.12,3.92E-05,11.01,12.66,98.1
1,157,785,,04/08/2019 23:30,70.19823351,11.13,3.62E-05,11,12.57,98.1
1,158,790,,04/08/2019 23:35,70.17691673,11.11,3.82E-05,10.98,12.6,98.1
1,159,795,,04/08/2019 23:40,70.15559996,11.09,3.82E-05,10.94,12.6,98.1
1,160,800,,04/08/2019 23:45,70.13428318,11.09,3.92E-05,10.97,12.54,98.1
1,161,805,,04/08/2019 23:50,70.11296641,11.09,3.82E-05,10.92,12.6,98.1
1,162,810,,04/08/2019 23:55,70.09164963,11.06,3.82E-05,10.91,12.58,98.1
1,163,815,0,05/08/2019 00:00,70.07033286,11.06,3.82E-05,10.91,12.54,98.1
1,164,820,0,05/08/2019 00:05,69.00289084,11.05,3.72E-05,10.91,12.46,98.1
1,165,825,0,05/08/2019 00:10,67.93544882,11.03,3.72E-05,10.91,12.39,98.1
1,166,830,0,05/08/2019 00:15,66.86800681,11.02,4.11E-05,10.9,12.35,98.1
1,167,835,0,05/08/2019 00:20,65.80056479,10.99,3.82E-05,10.86,12.37,98.1
1,168,840,0,05/08/2019 00:25,64.73312277,11,3.82E-05,10.85,12.38,98.1
1,169,845,0,05/08/2019 00:30,63.66568076,10.99,3.92E-05,10.86,12.31,98.1
1,170,850,0,05/08/2019 00:35,62.59823874,10.98,4.02E-05,10.86,12.28,98.1
1,171,855,0,05/08/2019 00:40,61.53079673,10.96,3.72E-05,10.84,12.24,98.1
1,172,860,0,05/08/2019 00:45,60.46335471,10.97,3.82E-05,10.87,12.08,98.1
1,173,865,0,05/08/2019 00:50,59.39591269,10.95,4.21E-05,10.83,12.11,98.1
1,174,870,0,05/08/2019 00:55,58.32847068,10.93,4.02E-05,10.82,12.12,98.1
1,175,875,0,05/08/2019 01:00,57.26102866,10.93,3.82E-05,10.82,12,98.1
1,176,880,0,05/08/2019 01:05,56.45257466,10.9,3.72E-05,10.8,12.07,98.1
1,177,885,0,05/08/2019 01:10,55.64412067,10.9,3.43E-05,10.8,12.03,98.1
1,178,890,0,05/08/2019 01:15,54.83566667,10.88,3.43E-05,10.78,11.99,98.1
1,179,895,0,05/08/2019 01:20,54.02721268,10.87,3.33E-05,10.81,11.85,98.1
1,180,900,0,05/08/2019 01:25,53.21875868,10.86,3.62E-05,10.79,11.83,98.1
1,181,905,0,05/08/2019 01:30,52.41030468,10.85,3.92E-05,10.78,11.84,98.1
1,182,910,0,05/08/2019 01:35,51.60185069,10.82,3.62E-05,10.79,11.71,98.1
1,183,915,0,05/08/2019 01:40,50.79339669,10.82,3.33E-05,10.77,11.71,98.1
1,184,920,0,05/08/2019 01:45,49.9849427,10.79,3.13E-05,10.73,11.8,98.1
1,185,925,0,05/08/2019 01:50,49.1764887,10.77,2.84E-05,10.75,11.73,98.1
1,186,930,0,05/08/2019 01:55,48.36803471,10.76,2.94E-05,10.74,11.67,98.1
1,187,935,0,05/08/2019 02:00,47.55958071,10.73,3.33E-05,10.74,11.68,98.1
1,188,940,0,05/08/2019 02:05,46.95038656,10.71,2.84E-05,10.73,11.6,98.1
1,189,945,0,05/08/2019 02:10,46.34119241,10.69,3.23E-05,10.77,11.5,98.1
1,190,950,0,05/08/2019 02:15,45.73199825,10.66,2.55E-05,10.71,11.63,98.1
1,191,955,0,05/08/2019 02:20,45.1228041,10.61,2.64E-05,10.72,11.56,98.1
1,192,960,0,05/08/2019 02:25,44.51360995,10.58,3.04E-05,10.69,11.76,98.1
1,193,965,0,05/08/2019 02:30,43.9044158,10.57,2.84E-05,10.68,11.8,98.1
1,194,970,0,05/08/2019 02:35,43.29522164,10.52,3.04E-05,10.67,11.75,98.1
1,195,975,0,05/08/2019 02:40,42.68602749,10.48,3.23E-05,10.65,11.87,98.1
1,196,980,0,05/08/2019 02:45,42.07683334,10.43,3.04E-05,10.67,11.56,98.1
1,197,985,0,05/08/2019 02:50,41.46763919,10.4,2.94E-05,10.71,11.45,98.1
1,198,990,0,05/08/2019 02:55,40.85844504,10.37,3.13E-05,10.65,11.69,98.1
1,199,995,0,05/08/2019 03:00,40.24925088,10.34,3.53E-05,10.61,11.91,98.1
1,200,1000,0,05/08/2019 03:05,39.80754401,10.29,2.74E-05,10.68,11.56,98.1
1,201,1005,0,05/08/2019 03:10,39.36583713,10.26,3.13E-05,10.63,11.8,98.1
1,202,1010,0,05/08/2019 03:15,38.92413025,10.25,3.72E-05,10.58,11.98,98.1
1,203,1015,0,05/08/2019 03:20,38.48242337,10.2,3.23E-05,10.59,11.95,98.1
1,204,1020,0,05/08/2019 03:25,38.04071649,10.15,3.33E-05,10.61,11.84,98.1
1,205,1025,0,05/08/2019 03:30,37.59900961,10.15,3.43E-05,10.62,11.78,98.1
1,206,1030,0,05/08/2019 03:35,37.15730273,10.12,4.11E-05,10.57,11.9,98.1
1,207,1035,0,05/08/2019 03:40,36.71559585,10.09,5.19E-05,10.58,11.66,98.1
1,208,1040,0,05/08/2019 03:45,36.27388897,10.08,6.66E-05,10.56,11.87,98
1,209,1045,0,05/08/2019 03:50,35.83218209,10.05,9.30E-05,10.54,12.03,98
1,210,1050,0,05/08/2019 03:55,35.39047521,10.03,0.000130244,10.56,11.83,98
1,211,1055,0,05/08/2019 04:00,34.94876833,10.01,0.000200752,10.56,11.73,98
1,212,1060,0,05/08/2019 04:05,34.61345837,9.98,0.000307493,10.57,11.73,98
1,213,1065,0,05/08/2019 04:10,34.27814841,9.97,0.000480825,10.56,11.74,98
1,214,1070,0,05/08/2019 04:15,33.94283845,9.95,0.000816717,10.53,11.84,98
1,215,1075,0,05/08/2019 04:20,33.60752848,9.92,0.001255434,10.53,11.83,98
1,216,1080,0,05/08/2019 04:25,33.27221852,9.91,0.001740176,10.55,11.74,98
1,217,1085,0,05/08/2019 04:30,32.93690856,9.89,0.002293468,10.53,11.75,98
1,218,1090,0,05/08/2019 04:35,32.60159859,9.86,0.003175797,10.54,11.64,98
1,219,1095,0,05/08/2019 04:40,32.26628863,9.85,0.004386183,10.54,11.66,98
1,220,1100,0,05/08/2019 04:45,31.93097867,9.83,0.005414425,10.58,11.41,98
1,221,1105,0,05/08/2019 04:50,31.5956687,9.83,0.006742325,10.55,11.6,98
1,222,1110,0,05/08/2019 04:55,31.26035874,9.81,0.008588263,10.53,11.58,98
1,223,1115,0,05/08/2019 05:00,30.92504878,9.8,0.011046249,10.56,11.38,98
1,224,1120,0,05/08/2019 05:05,31.08866494,9.8,0.012280139,10.56,11.4,98
1,225,1125,0,05/08/2019 05:10,31.2522811,9.78,0.01383719,10.54,11.47,98
1,226,1130,0,05/08/2019 05:15,31.41589727,9.77,0.01634414,10.53,11.43,98
1,227,1135,0,05/08/2019 05:20,31.57951343,9.78,0.019810782,10.57,11.21,98
1,228,1140,0,05/08/2019 05:25,31.74312959,9.78,0.021622445,10.58,11.13,98
1,229,1145,0,05/08/2019 05:30,31.90674576,9.76,0.026185878,10.57,11.16,98
1,230,1150,0,05/08/2019 05:35,32.07036192,9.78,0.026391526,10.55,11.13,98
1,231,1155,0,05/08/2019 05:40,32.23397808,9.78,0.028820134,10.57,11.15,98
1,232,1160,0,05/08/2019 05:45,32.39759424,9.79,0.03367735,10.55,11.12,98
1,233,1165,0,05/08/2019 05:50,32.56121041,9.82,0.038113476,10.62,10.87,98
1,234,1170,0,05/08/2019 05:55,32.72482657,9.85,0.042735666,10.58,10.92,98
1,235,1175,0,05/08/2019 06:00,32.88844273,9.88,0.051872324,10.61,10.83,98
1,236,1180,0,05/08/2019 06:05,33.36088798,9.92,0.057532547,10.62,10.8,98
1,237,1185,0,05/08/2019 06:10,33.83333323,9.98,0.064475624,10.63,10.73,98
1,238,1190,0,05/08/2019 06:15,34.30577848,10.06,0.075639386,10.62,10.75,98
1,239,1195,0,05/08/2019 06:20,34.77822372,10.15,0.083238579,10.64,10.71,98
1,240,1200,0,05/08/2019 06:25,35.25066897,10.26,0.092345859,10.63,10.74,98
1,241,1205,0,05/08/2019 06:30,35.72311422,10.36,0.099690439,10.64,10.68,98
1,242,1210,0,05/08/2019 06:35,36.19555947,10.44,0.11134384,10.66,10.66,98
1,243,1215,0,05/08/2019 06:40,36.66800472,10.5,0.125445435,10.69,10.55,98
1,244,1220,0,05/08/2019 06:45,37.14044997,10.57,0.139644957,10.66,10.67,98
1,245,1225,0,05/08/2019 06:50,37.61289521,10.64,0.150025298,10.71,10.57,98
1,246,1230,0,05/08/2019 06:55,38.08534046,10.73,0.157076095,10.71,10.61,98
1,247,1235,0,05/08/2019 07:00,38.55778571,10.81,0.168533641,10.73,10.58,98
1,248,1240,0,05/08/2019 07:05,38.96703279,10.89,0.175094799,10.74,10.56,98
1,249,1245,0,05/08/2019 07:10,39.37627988,10.94,0.191840443,10.77,10.49,98
1,250,1250,0,05/08/2019 07:15,39.78552696,10.99,0.209565364,10.81,10.38,98
1,251,1255,0,05/08/2019 07:20,40.19477404,11.01,0.220827054,10.8,10.52,98
1,252,1260,0,05/08/2019 07:25,40.60402112,11.05,0.223960741,10.81,10.53,98
1,253,1265,0,05/08/2019 07:30,41.0132682,11.07,0.234732793,10.8,10.49,98
1,254,1270,0,05/08/2019 07:35,41.42251529,11.09,0.275176949,10.83,10.5,98
1,255,1275,0,05/08/2019 07:40,41.83176237,11.12,0.305338693,10.84,10.5,98
1,256,1280,0,05/08/2019 07:45,42.24100945,11.12,0.350287526,10.87,10.45,98
1,257,1285,0,05/08/2019 07:50,42.65025653,11.15,0.328743423,10.88,10.48,98
1,258,1290,0,05/08/2019 07:55,43.05950361,11.15,0.380351342,10.91,10.5,98
1,259,1295,0,05/08/2019 08:00,43.4687507,11.16,0.419816221,10.92,10.43,98
1,260,1300,0,05/08/2019 08:05,43.77773633,11.19,0.354400491,10.93,10.44,98
1,261,1305,0,05/08/2019 08:10,44.08672197,11.2,0.392984021,10.96,10.46,98
1,262,1310,0,05/08/2019 08:15,44.39570761,11.21,0.349602032,10.97,10.43,98
1,263,1315,0,05/08/2019 08:20,44.70469325,11.22,0.364878759,10.98,10.44,98
1,264,1320,0,05/08/2019 08:25,45.01367888,11.23,0.518723239,11.01,10.28,97.9
1,265,1325,0,05/08/2019 08:30,45.32266452,11.23,0.755904225,11.01,10.44,97.9
1,266,1330,0,05/08/2019 08:35,45.63165016,11.26,0.454482641,11.07,10.34,97.9
1,267,1335,0,05/08/2019 08:40,45.94063579,11.22,0.505600922,11.03,10.46,97.9
1,268,1340,0,05/08/2019 08:45,46.24962143,11.26,0.531355917,11.06,10.47,97.9
1,269,1345,0,05/08/2019 08:50,46.55860707,11.26,0.392494382,11.06,10.58,97.9
1,270,1350,0,05/08/2019 08:55,46.86759271,11.4,0.398174191,11.09,10.44,97.9
1,271,1355,0,05/08/2019 09:00,47.17657834,11.39,0.405420844,11.09,10.45,97.9
1,272,1360,0,05/08/2019 09:05,47.47800509,11.42,0.565924409,11.1,10.49,97.9
1,273,1365,0,05/08/2019 09:10,47.77943183,11.39,0.523815481,11.11,10.53,97.9
1,274,1370,0,05/08/2019 09:15,48.08085857,11.39,0.403462289,11.1,10.61,97.9
1,275,1375,0,05/08/2019 09:20,48.38228531,11.39,0.39386537,11.14,10.53,97.9
1,276,1380,0,05/08/2019 09:25,48.68371205,11.39,0.452426159,11.12,10.52,97.9
1,277,1385,0,05/08/2019 09:30,48.9851388,11.43,0.616553051,11.16,10.54,97.9
1,278,1390,0,05/08/2019 09:35,49.28656554,11.4,0.370656496,11.16,10.53,97.9
1,279,1395,0,05/08/2019 09:40,49.58799228,11.41,0.608620904,11.12,10.58,97.9
1,280,1400,0,05/08/2019 09:45,49.88941902,11.41,0.751007838,11.18,10.49,97.9
1,281,1405,0,05/08/2019 09:50,50.19084576,11.4,0.833365067,11.24,10.46,97.9
1,282,1410,0,05/08/2019 09:55,50.4922725,11.4,0.49179311,11.23,10.48,97.9
1,283,1415,0,05/08/2019 10:00,50.79369925,11.41,0.498843908,11.21,10.56,97.9
1,284,1420,0,05/08/2019 10:05,51.0268492,11.4,0.486798796,11.23,10.56,97.9
1,285,1425,0,05/08/2019 10:10,51.25999916,11.38,0.45800804,11.24,10.46,97.9
1,286,1430,0,05/08/2019 10:15,51.49314912,11.37,0.459476956,11.25,10.53,97.9
1,287,1435,0,05/08/2019 10:20,51.72629907,11.39,0.47837701,11.22,10.62,97.9
1,288,1440,0,05/08/2019 10:25,51.95944903,11.4,0.494633015,11.24,10.7,97.9
1,289,1445,0,05/08/2019 10:30,52.19259899,11.37,0.475537105,11.25,10.76,97.9
1,290,1450,0,05/08/2019 10:35,52.42574894,11.37,0.514120635,11.28,10.56,97.9
1,291,1455,0,05/08/2019 10:40,52.6588989,11.37,0.486211229,11.26,10.79,97.9
1,292,1460,0,05/08/2019 10:45,52.89204886,11.37,0.404931205,11.27,10.76,97.9
1,293,1465,0,05/08/2019 10:50,53.12519881,11.36,0.459183173,11.28,10.72,97.8
1,294,1470,0,05/08/2019 10:55,53.35834877,11.37,0.48268583,11.3,10.72,97.8
1,295,1475,0,05/08/2019 11:00,53.59149873,11.35,0.451740665,11.29,10.79,97.8
1,296,1480,0,05/08/2019 11:05,53.77100453,11.35,0.446550494,11.31,10.73,97.8
1,297,1485,0,05/08/2019 11:10,53.95051033,11.36,0.401895445,11.31,10.69,97.8
1,298,1490,0,05/08/2019 11:15,54.13001614,11.33,0.441752035,11.33,10.71,97.8
1,299,1495,0,05/08/2019 11:20,54.30952194,11.36,0.483077541,11.31,10.84,97.8
1,300,1500,0,05/08/2019 11:25,54.48902774,11.34,0.530572495,11.32,10.85,97.8
1,301,1505,0,05/08/2019 11:30,54.66853355,11.32,0.445375362,11.33,10.77,97.8
1,302,1510,0,05/08/2019 11:35,54.84803935,11.33,0.466723609,11.35,10.78,97.8
1,303,1515,0,05/08/2019 11:40,55.02754515,11.32,1.150650945,11.34,10.87,97.8
1,304,1520,0,05/08/2019 11:45,55.20705096,11.3,0.604116228,11.31,10.92,97.8
1,305,1525,0,05/08/2019 11:50,55.38655676,11.31,1.1526095,11.31,11.05,97.8
1,306,1530,0,05/08/2019 11:55,55.56606256,11.31,1.22017964,11.31,11.1,97.8
1,307,1535,0,05/08/2019 12:00,55.74556837,11.28,0.8363029,11.32,11.06,97.8
1,308,1540,0,05/08/2019 12:05,55.76476238,11.28,1.460102603,11.31,11.23,97.8
1,309,1545,0,05/08/2019 12:10,55.78395638,11.28,1.154568055,11.3,11.19,97.8
1,310,1550,0,05/08/2019 12:15,55.80315039,11.26,1.154568055,11.31,11.24,97.8
1,311,1555,0,05/08/2019 12:20,55.8223444,11.27,0.747286584,11.32,11.3,97.8
1,312,1560,0,05/08/2019 12:25,55.84153841,11.24,1.07720514,11.29,11.35,97.8
1,313,1565,0,05/08/2019 12:30,55.86073242,11.26,1.29950111,11.29,11.46,97.8
1,314,1570,0,05/08/2019 12:35,55.87992643,11.24,1.27306062,11.33,11.45,97.8
1,315,1575,0,05/08/2019 12:40,55.89912044,11.23,1.32202449,11.31,11.47,97.8
1,316,1580,0,05/08/2019 12:45,55.91831445,11.23,1.074267308,11.29,11.6,97.8
1,317,1585,0,05/08/2019 12:50,55.93750846,11.23,1.169257216,11.3,11.59,97.8
1,318,1590,0,05/08/2019 12:55,55.95670247,11.24,0.425789814,11.28,11.7,97.8
1,319,1595,0,05/08/2019 13:00,55.97589648,11.09,1.427786449,11.27,11.81,97.8
1,320,1600,0,05/08/2019 13:05,56.08734162,11.11,1.516900693,11.26,11.9,97.8
1,321,1605,0,05/08/2019 13:10,56.19878677,11.27,0.551431104,11.24,11.93,97.8
1,322,1610,0,05/08/2019 13:15,56.31023191,11.37,0.895059544,11.25,12.01,97.8
1,323,1615,0,05/08/2019 13:20,56.42167706,11.36,1.57076095,11.24,12.08,97.7
1,324,1620,0,05/08/2019 13:25,56.5331222,11.34,1.524734912,11.25,12.12,97.7
1,325,1625,0,05/08/2019 13:30,56.64456734,11.32,1.422890062,11.25,12.22,97.7
1,326,1630,0,05/08/2019 13:35,56.75601249,11.31,1.51396286,11.24,12.29,97.7
1,327,1635,0,05/08/2019 13:40,56.86745763,11.3,1.181008544,11.24,12.29,97.7
1,328,1640,0,05/08/2019 13:45,56.97890278,11.29,1.515921415,11.26,12.34,97.7
1,329,1645,0,05/08/2019 13:50,57.09034792,11.3,1.510045751,11.25,12.41,97.7
1,330,1650,0,05/08/2019 13:55,57.20179307,11.29,0.892121711,11.24,12.53,97.7
1,331,1655,0,05/08/2019 14:00,57.31323821,11.29,0.656605497,11.24,12.52,97.7
1,332,1660,0,05/08/2019 14:05,57.28424257,11.28,1.496335867,11.25,12.53,97.7
1,333,1665,0,05/08/2019 14:10,57.25524693,11.29,1.340630761,11.26,12.59,97.7
1,334,1670,0,05/08/2019 14:15,57.22625129,11.29,1.39742885,11.25,12.66,97.7
1,335,1675,0,05/08/2019 14:20,57.19725565,11.29,1.483605261,11.26,12.72,97.7
1,336,1680,0,05/08/2019 14:25,57.16826001,11.29,1.435620668,11.28,12.74,97.7
1,337,1685,0,05/08/2019 14:30,57.13926437,11.29,1.353361367,11.26,12.83,97.7
1,338,1690,0,05/08/2019 14:35,57.11026873,11.29,1.288729058,11.28,12.79,97.7
1,339,1695,0,05/08/2019 14:40,57.08127309,11.28,1.167298661,11.31,12.84,97.7
1,340,1700,0,05/08/2019 14:45,57.05227745,11.26,1.006697167,11.31,12.83,97.7
1,341,1705,0,05/08/2019 14:50,57.02328181,11.26,0.910727982,11.34,12.85,97.7
1,342,1710,0,05/08/2019 14:55,56.99428617,11.24,0.552116598,11.3,12.96,97.7
1,343,1715,0,05/08/2019 15:00,56.96529053,11.22,0.83238579,11.36,12.82,97.7
1,344,1720,0,05/08/2019 15:05,56.7907725,11.19,0.824551571,11.35,12.89,97.7
1,345,1725,0,05/08/2019 15:10,56.61625447,11.18,1.003759335,11.36,12.93,97.7
1,346,1730,0,05/08/2019 15:15,56.44173643,11.17,1.17904999,11.39,12.82,97.7
1,347,1735,0,05/08/2019 15:20,56.2672184,11.14,1.208428312,11.38,12.87,97.7
1,348,1740,0,05/08/2019 15:25,56.09270036,11.13,1.239765188,11.41,12.89,97.7
1,349,1745,0,05/08/2019 15:30,55.91818233,11.11,1.239765188,11.41,12.91,97.7
1,350,1750,0,05/08/2019 15:35,55.74366429,11.07,1.060557424,11.38,13.03,97.7
1,351,1755,0,05/08/2019 15:40,55.56914626,11.04,0.841199287,11.44,12.93,97.7
1,352,1760,0,05/08/2019 15:45,55.39462822,11.06,1.014531386,11.42,12.99,97.7
1,353,1765,0,05/08/2019 15:50,55.22011019,11.05,0.924437866,11.45,12.97,97.7
1,354,1770,0,05/08/2019 15:55,55.04559215,11.02,0.789297584,11.45,13.05,97.7
1,355,1775,0,05/08/2019 16:00,54.87107412,11.02,0.720748166,11.45,13.06,97.7
1,356,1780,0,05/08/2019 16:05,54.74525291,11,0.41942451,11.47,12.97,97.6
1,357,1785,0,05/08/2019 16:10,54.61943169,10.98,0.402385084,11.49,13.01,97.6
1,358,1790,0,05/08/2019 16:15,54.49361048,10.98,0.413059207,11.46,13.15,97.6
1,359,1795,0,05/08/2019 16:20,54.36778927,10.93,0.388968983,11.47,13.07,97.6
1,360,1800,0,05/08/2019 16:25,54.24196806,10.94,0.407281471,11.51,13.04,97.6
1,361,1805,0,05/08/2019 16:30,54.11614685,10.94,0.392788165,11.55,12.91,97.6
1,362,1810,0,05/08/2019 16:35,53.99032563,10.94,0.397096986,11.53,12.99,97.6
1,363,1815,0,05/08/2019 16:40,53.86450442,10.94,0.394942575,11.54,13.04,97.6
1,364,1820,0,05/08/2019 16:45,53.73868321,10.94,0.401503734,11.51,13.17,97.6
1,365,1825,0,05/08/2019 16:50,53.612862,10.94,0.358905167,11.54,13.05,97.6
1,366,1830,0,05/08/2019 16:55,53.48704079,10.95,0.312977057,11.53,13.06,97.6
1,367,1835,0,05/08/2019 17:00,53.36121957,10.94,0.270868129,11.54,13.17,97.6
1,368,1840,0,05/08/2019 17:05,53.28167932,10.95,0.271651551,11.57,13.05,97.6
1,369,1845,0,05/08/2019 17:10,53.20213907,10.95,0.273512178,11.54,13.14,97.6
1,370,1850,0,05/08/2019 17:15,53.12259882,10.93,0.258725089,11.53,13.13,97.6
1,371,1855,0,05/08/2019 17:20,53.04305858,10.95,0.246386194,11.57,13.05,97.6
1,372,1860,0,05/08/2019 17:25,52.96351833,10.93,0.258333378,11.57,13.11,97.6
1,373,1865,0,05/08/2019 17:30,52.88397808,10.94,0.271651551,11.53,13.15,97.6
1,374,1870,0,05/08/2019 17:35,52.80443783,10.96,0.300246451,11.54,13.16,97.6
1,375,1875,0,05/08/2019 17:40,52.72489758,10.94,0.320909204,11.56,13.1,97.6
1,376,1880,0,05/08/2019 17:45,52.64535733,10.95,0.267440658,11.58,13.06,97.6
1,377,1885,0,05/08/2019 17:50,52.56581708,10.96,0.257843739,11.57,13.14,97.6
1,378,1890,0,05/08/2019 17:55,52.48627683,11.17,0.241098096,11.57,13.15,97.6
1,379,1895,0,05/08/2019 18:00,52.40673658,11.16,0.228563345,11.55,13.19,97.6
1,380,1900,0,05/08/2019 18:05,52.54381226,11.16,0.222883536,11.59,13.11,97.6
1,381,1905,0,05/08/2019 18:10,52.68088795,11.17,0.218183005,11.54,13.22,97.6
1,382,1910,0,05/08/2019 18:15,52.81796363,11.16,0.20711717,11.57,13.15,97.6
1,383,1915,0,05/08/2019 18:20,52.95503932,11.19,0.208096448,11.55,13.17,97.6
1,384,1920,0,05/08/2019 18:25,53.092115,11.08,0.213972112,11.56,13.22,97.6
1,385,1925,0,05/08/2019 18:30,53.22919068,11.09,0.2305219,11.54,13.24,97.6
1,386,1930,0,05/08/2019 18:35,53.36626637,11.12,0.210740496,11.54,13.21,97.6
1,387,1935,0,05/08/2019 18:40,53.50334205,11.11,0.187237839,11.57,13.13,97.6
1,388,1940,0,05/08/2019 18:45,53.64041774,11.12,0.254122485,11.57,13.15,97.6
1,389,1945,0,05/08/2019 18:50,53.77749342,11.13,0.154627901,11.57,13.11,97.6
1,390,1950,0,05/08/2019 18:55,53.91456911,11.14,0.157761589,11.52,13.26,97.6
1,391,1955,0,05/08/2019 19:00,54.05164479,11.13,0.137882258,11.54,13.2,97.6
1,392,1960,0,05/08/2019 19:05,54.17294998,11.23,0.13866568,11.55,13.11,97.6
1,393,1965,0,05/08/2019 19:10,54.29425518,11.24,0.127991556,11.53,13.15,97.6
1,394,1970,0,05/08/2019 19:15,54.41556037,11.22,0.112616901,11.52,13.18,97.6
1,395,1975,0,05/08/2019 19:20,54.53686556,11.22,0.095577474,11.51,13.2,97.6
1,396,1980,0,05/08/2019 19:25,54.65817076,11.22,0.088037038,11.51,13.13,97.6
1,397,1985,0,05/08/2019 19:30,54.77947595,11.22,0.0857847,11.51,13.1,97.6
1,398,1990,0,05/08/2019 19:35,54.90078114,11.22,0.08274894,11.51,13.14,97.6
1,399,1995,0,05/08/2019 19:40,55.02208633,11.22,0.079125614,11.51,13.07,97.6
1,400,2000,0,05/08/2019 19:45,55.14339153,11.22,0.074160678,11.5,13.11,97.6
1,401,2005,0,05/08/2019 19:50,55.26469672,11.19,0.068755066,11.48,13.11,97.6
1,402,2010,0,05/08/2019 19:55,55.38600191,11.21,0.062213493,11.49,13.05,97.6
1,403,2015,0,05/08/2019 20:00,55.50730711,11.2,0.053635023,11.46,13.11,97.6
1,404,2020,0,05/08/2019 20:05,55.5873196,11.19,0.045957488,11.47,13.07,97.6
1,405,2025,0,05/08/2019 20:10,55.6673321,11.19,0.03974887,11.46,13.01,97.6
1,406,2030,0,05/08/2019 20:15,55.7473446,11.15,0.034118025,11.44,13.1,97.7
1,407,2035,0,05/08/2019 20:20,55.82735709,11.14,0.028154225,11.42,13.05,97.7
1,408,2040,0,05/08/2019 20:25,55.90736959,11.13,0.022562551,11.42,13.04,97.7
1,409,2045,0,05/08/2019 20:30,55.98738209,11.1,0.017303832,11.43,12.97,97.7
1,410,2050,0,05/08/2019 20:35,56.06739459,11.12,0.013034182,11.41,13.02,97.7
1,411,2055,0,05/08/2019 20:40,56.14740708,11.11,0.009430441,11.4,13.01,97.7
1,412,2060,0,05/08/2019 20:45,56.22741958,11.1,0.006474982,11.37,13.01,97.7
1,413,2065,0,05/08/2019 20:50,56.30743208,11.06,0.004329385,11.34,13.06,97.7
1,414,2070,0,05/08/2019 20:55,56.38744457,11.05,0.002836967,11.37,12.9,97.7
1,415,2075,0,05/08/2019 21:00,56.46745707,11.03,0.00177543,11.34,13,97.7
1,416,2080,0,05/08/2019 21:05,56.5608296,11,0.001086998,11.35,12.9,97.7
1,417,2085,0,05/08/2019 21:10,56.65420213,10.99,0.000638489,11.32,12.96,97.7
1,418,2090,0,05/08/2019 21:15,56.74757465,10.97,0.000382897,11.31,12.96,97.7
1,419,2095,0,05/08/2019 21:20,56.84094718,10.96,0.000238944,11.29,12.88,97.7
1,420,2100,0,05/08/2019 21:25,56.93431971,10.95,0.000160601,11.29,12.88,97.7
1,421,2105,0,05/08/2019 21:30,57.02769223,10.94,0.000118493,11.29,12.88,97.7
1,422,2110,0,05/08/2019 21:35,57.12106476,10.92,8.62E-05,11.29,12.88,97.6
1,423,2115,0,05/08/2019 21:40,57.21443729,10.91,6.56E-05,11.24,12.86,97.6
1,424,2120,0,05/08/2019 21:45,57.30780981,10.91,4.90E-05,11.27,12.77,97.6
1,425,2125,0,05/08/2019 21:50,57.40118234,10.9,3.92E-05,11.24,12.8,97.6
1,426,2130,0,05/08/2019 21:55,57.49455487,10.89,3.53E-05,11.24,12.73,97.6
1,427,2135,0,05/08/2019 22:00,57.5879274,10.89,2.94E-05,11.25,12.71,97.6
1,428,2140,0,05/08/2019 22:05,57.50850175,10.9,2.74E-05,11.22,12.72,97.6
1,429,2145,0,05/08/2019 22:10,57.42907611,10.89,3.04E-05,11.18,12.73,97.6
1,430,2150,0,05/08/2019 22:15,57.34965047,10.88,2.74E-05,11.19,12.7,97.6
1,431,2155,0,05/08/2019 22:20,57.27022483,10.87,2.74E-05,11.18,12.64,97.6
1,432,2160,0,05/08/2019 22:25,57.19079919,10.87,2.35E-05,11.17,12.63,97.6
1,433,2165,0,05/08/2019 22:30,57.11137354,10.86,1.96E-05,11.15,12.67,97.6
1,434,2170,0,05/08/2019 22:35,57.0319479,10.86,2.25E-05,11.16,12.57,97.6
1,435,2175,0,05/08/2019 22:40,56.95252226,10.86,2.25E-05,11.13,12.65,97.6
1,436,2180,0,05/08/2019 22:45,56.87309662,10.85,2.35E-05,11.11,12.64,97.6
1,437,2185,0,05/08/2019 22:50,56.79367098,10.86,1.47E-05,11.09,12.65,97.6
1,438,2190,0,05/08/2019 22:55,56.71424534,10.86,1.96E-05,11.08,12.64,97.6
1,439,2195,0,05/08/2019 23:00,56.63481969,10.84,1.47E-05,11.09,12.54,97.6
1,440,2200,0,05/08/2019 23:05,56.1594615,10.84,1.86E-05,11.04,12.58,97.6
1,441,2205,0,05/08/2019 23:10,55.68410331,10.83,1.76E-05,11.03,12.62,97.6
1,442,2210,0,05/08/2019 23:15,55.20874512,10.81,2.06E-05,11,12.58,97.6
1,443,2215,0,05/08/2019 23:20,54.73338693,10.8,1.76E-05,11.02,12.57,97.6
1,444,2220,0,05/08/2019 23:25,54.25802874,10.8,1.86E-05,11,12.57,97.6
1,445,2225,0,05/08/2019 23:30,53.78267054,10.78,1.47E-05,10.99,12.51,97.6
1,446,2230,0,05/08/2019 23:35,53.30731235,10.8,2.15E-05,10.97,12.59,97.6
1,447,2235,0,05/08/2019 23:40,52.83195416,10.77,1.47E-05,10.99,12.47,97.6
1,448,2240,0,05/08/2019 23:45,52.35659597,10.76,1.47E-05,10.95,12.56,97.6
1,449,2245,0,05/08/2019 23:50,51.88123778,10.76,1.18E-05,10.95,12.52,97.6
1,450,2250,0,05/08/2019 23:55,51.40587959,10.75,1.08E-05,10.93,12.54,97.6
1,451,2255,1,06/08/2019 00:00,50.93052139,10.72,1.96E-06,10.91,12.53,97.6
1,452,2260,1,06/08/2019 00:05,50.56318216,10.72,0,10.89,12.56,97.6
1,453,2265,1,06/08/2019 00:10,50.19584293,10.68,0,10.89,12.47,97.6
1,454,2270,1,06/08/2019 00:15,49.8285037,10.67,0,10.88,12.53,97.6
1,455,2275,1,06/08/2019 00:20,49.46116447,10.62,0,10.87,12.52,97.6
1,456,2280,1,06/08/2019 00:25,49.09382524,10.59,0,10.87,12.44,97.6
1,457,2285,1,06/08/2019 00:30,48.72648601,10.58,0,10.85,12.47,97.6
1,458,2290,1,06/08/2019 00:35,48.35914677,10.54,0,10.85,12.43,97.6
1,459,2295,1,06/08/2019 00:40,47.99180754,10.52,0,10.84,12.41,97.6
1,460,2300,1,06/08/2019 00:45,47.62446831,10.48,0,10.85,12.33,97.6
1,461,2305,1,06/08/2019 00:50,47.25712908,10.48,0,10.81,12.43,97.6
1,462,2310,1,06/08/2019 00:55,46.88978985,10.46,0,10.8,12.41,97.6
1,463,2315,1,06/08/2019 01:00,46.52245062,10.45,0,10.8,12.39,97.6
1,464,2320,1,06/08/2019 01:05,46.20646021,10.43,0,10.82,12.28,97.6
1,465,2325,1,06/08/2019 01:10,45.8904698,10.42,0,10.78,12.35,97.6
1,466,2330,1,06/08/2019 01:15,45.5744794,10.39,0,10.78,12.33,97.6
1,467,2335,1,06/08/2019 01:20,45.25848899,10.38,0,10.79,12.3,97.6
1,468,2340,1,06/08/2019 01:25,44.94249858,10.37,0,10.77,12.3,97.6
1,469,2345,1,06/08/2019 01:30,44.62650817,10.36,0,10.76,12.27,97.6
1,470,2350,1,06/08/2019 01:35,44.31051777,10.35,0,10.74,12.28,97.6
1,471,2355,1,06/08/2019 01:40,43.99452736,10.34,0,10.73,12.27,97.6
1,472,2360,1,06/08/2019 01:45,43.67853695,10.33,0,10.76,12.13,97.6
1,473,2365,1,06/08/2019 01:50,43.36254655,10.31,0,10.73,12.19,97.6
1,474,2370,1,06/08/2019 01:55,43.04655614,10.3,0,10.7,12.29,97.6
1,475,2375,1,06/08/2019 02:00,42.73056573,10.31,0,10.72,12.11,97.6
1,476,2380,1,06/08/2019 02:05,42.38650811,10.29,0,10.7,12.2,97.6
1,477,2385,1,06/08/2019 02:10,42.04245049,10.29,0,10.73,12.06,97.6
1,478,2390,1,06/08/2019 02:15,41.69839287,10.28,0,10.71,12.05,97.6
1,479,2395,1,06/08/2019 02:20,41.35433525,10.26,0,10.68,12.12,97.6
1,480,2400,1,06/08/2019 02:25,41.01027762,10.25,0,10.68,12.06,97.6
1,481,2405,1,06/08/2019 02:30,40.66622,10.25,0,10.67,12.13,97.6
1,482,2410,1,06/08/2019 02:35,40.32216238,10.24,0,10.65,12.17,97.6
1,483,2415,1,06/08/2019 02:40,39.97810476,10.23,0,10.61,12.38,97.6
1,484,2420,1,06/08/2019 02:45,39.63404714,10.23,0,10.56,12.45,97.6
1,485,2425,1,06/08/2019 02:50,39.28998952,10.21,0,10.59,12.3,97.6
1,486,2430,1,06/08/2019 02:55,38.9459319,10.2,0,10.61,12.25,97.5
1,487,2435,1,06/08/2019 03:00,38.60187427,10.2,0,10.57,12.38,97.5
1,488,2440,1,06/08/2019 03:05,38.36295928,10.2,0,10.61,12.09,97.5
1,489,2445,1,06/08/2019 03:10,38.12404428,10.18,0,10.56,12.29,97.5
1,490,2450,1,06/08/2019 03:15,37.88512928,10.16,0,10.57,12.22,97.5
1,491,2455,1,06/08/2019 03:20,37.64621428,10.17,0,10.55,12.39,97.5
1,492,2460,1,06/08/2019 03:25,37.40729928,10.15,0,10.54,12.24,97.5
1,493,2465,1,06/08/2019 03:30,37.16838428,10.14,0,10.58,11.97,97.5
1,494,2470,1,06/08/2019 03:35,36.92946929,10.14,0,10.55,12.09,97.5
1,495,2475,1,06/08/2019 03:40,36.69055429,10.12,0,10.58,11.95,97.5
1,496,2480,1,06/08/2019 03:45,36.45163929,10.12,0,10.53,12.07,97.5
1,497,2485,1,06/08/2019 03:50,36.21272429,10.11,0,10.59,11.9,97.5
1,498,2490,1,06/08/2019 03:55,35.97380929,10.11,0,10.53,12.11,97.5
1,499,2495,1,06/08/2019 04:00,35.73489429,10.09,2.84E-05,10.51,12.11,97.5
1,500,2500,1,06/08/2019 04:05,35.56018538,10.08,9.89E-05,10.51,12.06,97.5
1,501,2505,1,06/08/2019 04:10,35.38547646,10.07,0.000193897,10.49,12.05,97.5
1,502,2510,1,06/08/2019 04:15,35.21076755,10.06,0.000385835,10.49,12.18,97.5
1,503,2515,1,06/08/2019 04:20,35.03605863,10.05,0.000804966,10.37,12.81,97.5
1,504,2520,1,06/08/2019 04:25,34.86134972,10.04,0.001360216,10.41,12.59,97.5
1,505,2525,1,06/08/2019 04:30,34.6866408,10.01,0.002020249,10.45,12.3,97.5
1,506,2530,1,06/08/2019 04:35,34.51193189,10,0.00241196,10.45,12.09,97.5
1,507,2535,1,06/08/2019 04:40,34.33722297,10,0.003392217,10.47,11.95,97.5
1,508,2540,1,06/08/2019 04:45,34.16251406,10,0.006309484,10.41,12.29,97.5
1,509,2545,1,06/08/2019 04:50,33.98780514,9.99,0.009773188,10.39,12.28,97.5
1,510,2550,1,06/08/2019 04:55,33.81309623,9.99,0.010967907,10.42,12.17,97.5
1,511,2555,1,06/08/2019 05:00,33.63838731,10,0.013318173,10.42,12.16,97.5
1,512,2560,1,06/08/2019 05:05,34.12808125,10.02,0.014052631,10.42,12.1,97.5
1,513,2565,1,06/08/2019 05:10,34.61777519,10.03,0.01464999,10.39,12.11,97.5
1,514,2570,1,06/08/2019 05:15,35.10746913,10.05,0.01885109,10.39,12.25,97.5
1,515,2575,1,06/08/2019 05:20,35.59716306,10.06,0.021720373,10.39,12.28,97.5
1,516,2580,1,06/08/2019 05:25,36.086857,10.11,0.01931135,10.41,12.07,97.5
1,517,2585,1,06/08/2019 05:30,36.57655094,10.15,0.022151255,10.41,11.87,97.5
1,518,2590,1,06/08/2019 05:35,37.06624488,10.17,0.030651383,10.37,12.11,97.5
1,519,2595,1,06/08/2019 05:40,37.55593881,10.21,0.040267887,10.41,11.83,97.5
1,520,2600,1,06/08/2019 05:45,38.04563275,10.29,0.039210267,10.44,11.64,97.5
1,521,2605,1,06/08/2019 05:50,38.53532669,10.35,0.036017823,10.4,11.82,97.4
1,522,2610,1,06/08/2019 05:55,39.02502063,10.42,0.039455086,10.46,11.52,97.4
1,523,2615,1,06/08/2019 06:00,39.51471457,10.53,0.046261064,10.45,11.48,97.4
1,524,2620,1,06/08/2019 06:05,40.00341116,10.59,0.056318243,10.44,11.47,97.4
1,525,2625,1,06/08/2019 06:10,40.49210775,10.64,0.066551692,10.46,11.37,97.4
1,526,2630,1,06/08/2019 06:15,40.98080434,10.71,0.075776485,10.48,11.25,97.4
1,527,2635,1,06/08/2019 06:20,41.46950093,10.74,0.078224679,10.5,11.2,97.4
1,528,2640,1,06/08/2019 06:25,41.95819752,10.78,0.066532107,10.47,11.35,97.4
1,529,2645,1,06/08/2019 06:30,42.44689411,10.83,0.062987122,10.48,11.23,97.4
1,530,2650,1,06/08/2019 06:35,42.9355907,10.85,0.072065024,10.5,11.23,97.4
1,531,2655,1,06/08/2019 06:40,43.42428729,10.87,0.100767644,10.5,11.2,97.4
1,532,2660,1,06/08/2019 06:45,43.91298388,10.91,0.142386934,10.5,11.15,97.4
1,533,2665,1,06/08/2019 06:50,44.40168047,10.93,0.184985501,10.52,11.18,97.4
1,534,2670,1,06/08/2019 06:55,44.89037706,10.95,0.193309359,10.55,11.13,97.4
1,535,2675,1,06/08/2019 07:00,45.37907365,10.99,0.158936722,10.54,11.18,97.4
1,536,2680,1,06/08/2019 07:05,45.7959402,11.02,0.140624235,10.54,11.16,97.4
1,537,2685,1,06/08/2019 07:10,46.21280676,11.03,0.154040335,10.56,11.08,97.4
1,538,2690,1,06/08/2019 07:15,46.62967331,11.05,0.183516585,10.55,11.15,97.4
1,539,2695,1,06/08/2019 07:20,47.04653986,11.05,0.202122855,10.56,11.19,97.4
1,540,2700,1,06/08/2019 07:25,47.46340642,11.07,0.204571049,10.58,11.17,97.4
1,541,2705,1,06/08/2019 07:30,47.88027297,11.08,0.214657606,10.62,11.04,97.4
1,542,2710,1,06/08/2019 07:35,48.29713953,11.1,0.2457007,10.59,11.19,97.4
1,543,2715,1,06/08/2019 07:40,48.71400608,11.1,0.229934334,10.66,10.99,97.4
1,544,2720,1,06/08/2019 07:45,49.13087263,11.12,0.205942037,10.65,11.04,97.4
1,545,2725,1,06/08/2019 07:50,49.54773919,11.14,0.179893258,10.63,11.14,97.4
1,546,2730,1,06/08/2019 07:55,49.96460574,11.15,0.189294321,10.64,11.13,97.4
1,547,2735,1,06/08/2019 08:00,50.38147229,11.18,0.186846128,10.66,11.1,97.4
1,548,2740,1,06/08/2019 08:05,50.73390788,11.19,0.174703088,10.71,10.99,97.4
1,549,2745,1,06/08/2019 08:10,51.08634346,11.2,0.194484492,10.71,10.85,97.4
1,550,2750,1,06/08/2019 08:15,51.43877905,11.22,0.180480825,10.69,11.03,97.4
1,551,2755,1,06/08/2019 08:20,51.79121463,11.28,0.178032631,10.72,10.99,97.4
1,552,2760,1,06/08/2019 08:25,52.14365022,11.3,0.144149633,10.72,10.97,97.4
1,553,2765,1,06/08/2019 08:30,52.4960858,11.42,0.094108558,10.73,10.94,97.4
1,554,2770,1,06/08/2019 08:35,52.84852139,11.44,0.118100854,10.75,10.89,97.4
1,555,2775,1,06/08/2019 08:40,53.20095697,11.41,0.178424342,10.76,10.89,97.4
1,556,2780,1,06/08/2019 08:45,53.55339256,11.43,0.25608104,10.73,10.99,97.4
1,557,2785,1,06/08/2019 08:50,53.90582814,11.43,0.317481733,10.75,10.96,97.4
1,558,2790,1,06/08/2019 08:55,54.25826373,11.43,0.349797887,10.8,10.83,97.4
1,559,2795,1,06/08/2019 09:00,54.61069931,11.44,0.355281841,10.78,10.83,97.4
1,560,2800,1,06/08/2019 09:05,54.86415223,11.44,0.343236729,10.77,11.01,97.4
1,561,2805,1,06/08/2019 09:10,55.11760515,11.45,0.372908834,10.77,10.98,97.4
1,562,2810,1,06/08/2019 09:15,55.37105807,11.46,0.398467974,10.8,10.79,97.4
1,563,2815,1,06/08/2019 09:20,55.62451099,11.44,0.334912871,10.8,10.87,97.4
1,564,2820,1,06/08/2019 09:25,55.87796391,11.46,0.313172913,10.82,10.88,97.4
1,565,2825,1,06/08/2019 09:30,56.13141683,11.43,0.346957983,10.81,10.91,97.3
1,566,2830,1,06/08/2019 09:35,56.38486975,11.45,0.395236359,10.83,10.9,97.3
1,567,2835,1,06/08/2019 09:40,56.63832267,11.45,0.413450918,10.84,11.01,97.3
1,568,2840,1,06/08/2019 09:45,56.89177559,11.44,0.423537476,10.84,11,97.3
1,569,2845,1,06/08/2019 09:50,57.14522851,11.44,0.419032799,10.84,10.97,97.3
1,570,2850,1,06/08/2019 09:55,57.39868142,11.43,0.314348045,10.84,10.96,97.3
1,571,2855,1,06/08/2019 10:00,57.65213434,11.45,0.257060318,10.88,10.99,97.3
1,572,2860,1,06/08/2019 10:05,57.82223647,11.43,0.392396454,10.85,11.03,97.3
1,573,2865,1,06/08/2019 10:10,57.9923386,11.43,0.507363621,10.89,10.97,97.3
1,574,2870,1,06/08/2019 10:15,58.16244072,11.42,0.611950447,10.87,11.12,97.3
1,575,2875,1,06/08/2019 10:20,58.33254285,11.44,0.627814741,10.89,10.98,97.3
1,576,2880,1,06/08/2019 10:25,58.50264498,11.43,0.422362343,10.9,10.96,97.3
1,577,2885,1,06/08/2019 10:30,58.6727471,11.44,0.354988058,10.89,11.02,97.3
1,578,2890,1,06/08/2019 10:35,58.84284923,11.43,0.409729664,10.87,11.14,97.3
1,579,2895,1,06/08/2019 10:40,59.01295136,11.43,0.359688589,10.89,11.13,97.3
1,580,2900,1,06/08/2019 10:45,59.18305348,11.43,0.313564623,10.88,11.17,97.3
1,581,2905,1,06/08/2019 10:50,59.35315561,11.43,0.358905167,10.91,11.1,97.3
1,582,2910,1,06/08/2019 10:55,59.52325774,11.42,0.382799536,10.91,11.13,97.3
1,583,2915,1,06/08/2019 11:00,59.69335986,11.43,0.421970632,10.91,11.22,97.3
1,584,2920,1,06/08/2019 11:05,59.83675105,11.44,0.426769091,10.91,11.19,97.3
1,585,2925,1,06/08/2019 11:10,59.98014224,11.41,0.411590291,10.92,11.24,97.3
1,586,2930,1,06/08/2019 11:15,60.12353343,11.41,0.378784498,10.91,11.29,97.3
1,587,2935,1,06/08/2019 11:20,60.26692462,11.4,0.286144856,10.89,11.33,97.3
1,588,2940,1,06/08/2019 11:25,60.4103158,11.41,0.264404898,10.92,11.32,97.3
1,589,2945,1,06/08/2019 11:30,60.55370699,11.38,0.326099374,10.89,11.37,97.3
1,590,2950,1,06/08/2019 11:35,60.69709818,11.36,0.368012447,10.91,11.32,97.3
1,591,2955,1,06/08/2019 11:40,60.84048937,11.35,0.485819518,10.91,11.39,97.3
1,592,2960,1,06/08/2019 11:45,60.98388055,11.36,0.517450178,10.91,11.47,97.3
1,593,2965,1,06/08/2019 11:50,61.12727174,11.35,0.435876371,10.92,11.51,97.3
1,594,2970,1,06/08/2019 11:55,61.27066293,11.34,0.229542623,10.92,11.5,97.3
1,595,2975,1,06/08/2019 12:00,61.41405412,11.34,0.11741536,10.91,11.52,97.3
1,596,2980,1,06/08/2019 12:05,61.4115833,11.31,0.090191449,10.91,11.57,97.3
1,597,2985,1,06/08/2019 12:10,61.40911248,11.31,0.136119559,10.91,11.56,97.3
1,598,2990,1,06/08/2019 12:15,61.40664166,11.29,0.192330081,10.9,11.57,97.3
1,599,2995,1,06/08/2019 12:20,61.40417084,11.29,0.253534919,10.91,11.6,97.3
1,600,3000,1,06/08/2019 12:25,61.40170003,11.29,0.272826684,10.92,11.6,97.3
1,601,3005,1,06/08/2019 12:30,61.39922921,11.29,0.232284599,10.94,11.53,97.3
1,602,3010,1,06/08/2019 12:35,61.39675839,11.27,0.155803034,10.95,11.58,97.3
1,603,3015,1,06/08/2019 12:40,61.39428757,11.25,0.14385585,10.95,11.6,97.3
1,604,3020,1,06/08/2019 12:45,61.39181675,11.24,0.172646606,10.94,11.64,97.3
1,605,3025,1,06/08/2019 12:50,61.38934593,11.21,0.184104151,10.96,11.58,97.3
1,606,3030,1,06/08/2019 12:55,61.38687512,11.21,0.146499899,10.97,11.62,97.3
1,607,3035,1,06/08/2019 13:00,61.3844043,11.19,0.150417009,10.98,11.59,97.3
1,608,3040,1,06/08/2019 13:05,61.12687468,11.19,0.13043975,11,11.51,97.3
1,609,3045,1,06/08/2019 13:10,60.86934507,11.18,0.128481195,11.01,11.57,97.3
1,610,3050,1,06/08/2019 13:15,60.61181546,11.18,0.135923703,11.01,11.59,97.3
1,611,3055,1,06/08/2019 13:20,60.35428584,11.15,0.135825775,11.04,11.51,97.3
1,612,3060,1,06/08/2019 13:25,60.09675623,11.15,0.124074447,11.04,11.57,97.3
1,613,3065,1,06/08/2019 13:30,59.83922661,11.14,0.109679069,11.06,11.55,97.3
1,614,3070,1,06/08/2019 13:35,59.581697,11.11,0.12740399,11.07,11.46,97.3
1,615,3075,1,06/08/2019 13:40,59.32416738,11.11,0.13474857,11.05,11.55,97.3
1,616,3080,1,06/08/2019 13:45,59.06663777,11.11,0.150710792,11.06,11.57,97.3
1,617,3085,1,06/08/2019 13:50,58.80910816,11,0.17460516,11.07,11.5,97.3
1,618,3090,1,06/08/2019 13:55,58.55157854,11,0.200556012,11.09,11.5,97.3
1,619,3095,1,06/08/2019 14:00,58.29404893,10.99,0.221904259,11.12,11.44,97.3
1,620,3100,1,06/08/2019 14:05,58.09387889,10.98,0.236201709,11.1,11.49,97.3
1,621,3105,1,06/08/2019 14:10,57.89370885,10.95,0.27556866,11.13,11.44,97.3
1,622,3110,1,06/08/2019 14:15,57.69353882,10.94,0.280856758,11.12,11.47,97.4
1,623,3115,1,06/08/2019 14:20,57.49336878,10.93,0.234243154,11.16,11.48,97.4
1,624,3120,1,06/08/2019 14:25,57.29319874,10.92,0.213090762,11.19,11.41,97.4
1,625,3125,1,06/08/2019 14:30,57.09302871,10.91,0.207900592,11.19,11.41,97.3
1,626,3130,1,06/08/2019 14:35,56.89285867,10.91,0.176955426,11.2,11.39,97.3
1,627,3135,1,06/08/2019 14:40,56.69268863,10.9,0.177836776,11.18,11.47,97.3
1,628,3140,1,06/08/2019 14:45,56.4925186,10.91,0.183222802,11.2,11.45,97.3
1,629,3145,1,06/08/2019 14:50,56.29234856,11.04,0.183418657,11.22,11.38,97.3
1,630,3150,1,06/08/2019 14:55,56.09217853,11.03,0.183222802,11.23,11.4,97.3
1,631,3155,1,06/08/2019 15:00,55.89200849,11.04,0.165693736,11.26,11.34,97.3
1,632,3160,1,06/08/2019 15:05,55.96303092,11.04,0.147185393,11.25,11.36,97.3
1,633,3165,1,06/08/2019 15:10,56.03405334,11.03,0.156096818,11.26,11.34,97.3
1,634,3170,1,06/08/2019 15:15,56.10507577,11.04,0.162462121,11.27,11.36,97.3
1,635,3175,1,06/08/2019 15:20,56.1760982,11.02,0.177347137,11.27,11.38,97.3
1,636,3180,1,06/08/2019 15:25,56.24712062,11.04,0.189098466,11.3,11.29,97.3
1,637,3185,1,06/08/2019 15:30,56.31814305,11.04,0.235222431,11.27,11.39,97.3
1,638,3190,1,06/08/2019 15:35,56.38916548,11.05,0.289180616,11.33,11.27,97.3
1,639,3195,1,06/08/2019 15:40,56.4601879,11.07,0.315327323,11.32,11.32,97.3
1,640,3200,1,06/08/2019 15:45,56.53121033,11.08,0.314543901,11.32,11.32,97.3
1,641,3205,1,06/08/2019 15:50,56.60223276,11.1,0.305632477,11.32,11.34,97.3
1,642,3210,1,06/08/2019 15:55,56.67325518,11.1,0.186454417,11.33,11.37,97.3
1,643,3215,1,06/08/2019 16:00,56.74427761,11.11,0.128579123,11.38,11.2,97.4
1,644,3220,1,06/08/2019 16:05,56.87638768,11.12,0.141995223,11.39,11.15,97.4
1,645,3225,1,06/08/2019 16:10,57.00849776,11.11,0.138078113,11.36,11.29,97.4
1,646,3230,1,06/08/2019 16:15,57.14060784,11.13,0.147577104,11.38,11.28,97.3
1,647,3235,1,06/08/2019 16:20,57.27271791,11.13,0.165889592,11.35,11.35,97.3
1,648,3240,1,06/08/2019 16:25,57.40482799,11.17,0.161286988,11.36,11.28,97.3
1,649,3245,1,06/08/2019 16:30,57.53693806,11.16,0.15903465,11.42,11.18,97.3
1,650,3250,1,06/08/2019 16:35,57.66904814,11.16,0.181460102,11.41,11.2,97.3
1,651,3255,1,06/08/2019 16:40,57.80115822,11.2,0.181068391,11.42,11.17,97.3
1,652,3260,1,06/08/2019 16:45,57.93326829,11.2,0.163637254,11.43,11.22,97.3
1,653,3265,1,06/08/2019 16:50,58.06537837,11.23,0.12564129,11.43,11.17,97.3
1,654,3270,1,06/08/2019 16:55,58.19748844,11.23,0.104293043,11.44,11.2,97.3
1,655,3275,1,06/08/2019 17:00,58.32959852,11.24,0.094794052,11.44,11.14,97.3
1,656,3280,1,06/08/2019 17:05,58.53328297,11.25,0.092541714,11.42,11.22,97.3
1,657,3285,1,06/08/2019 17:10,58.73696743,11.25,0.0857847,11.45,11.1,97.3
1,658,3290,1,06/08/2019 17:15,58.94065188,11.25,0.096850535,11.41,11.23,97.3
1,659,3295,1,06/08/2019 17:20,59.14433634,11.27,0.107916369,11.41,11.22,97.3
1,660,3300,1,06/08/2019 17:25,59.34802079,11.25,0.113498251,11.45,11.17,97.3
1,661,3305,1,06/08/2019 17:30,59.55170525,11.25,0.128970834,11.42,11.22,97.3
1,662,3310,1,06/08/2019 17:35,59.7553897,11.26,0.151885925,11.44,11.17,97.3
1,663,3315,1,06/08/2019 17:40,59.95907416,11.27,0.159720144,11.43,11.14,97.3
1,664,3320,1,06/08/2019 17:45,60.16275861,11.29,0.167652291,11.44,11.17,97.3
1,665,3325,1,06/08/2019 17:50,60.36644307,11.28,0.168239857,11.44,11.17,97.3
1,666,3330,1,06/08/2019 17:55,60.57012752,11.29,0.172646606,11.42,11.18,97.3
1,667,3335,1,06/08/2019 18:00,60.77381198,11.3,0.175094799,11.42,11.19,97.3
1,668,3340,1,06/08/2019 18:05,60.92523791,11.3,0.177249209,11.42,11.17,97.3
1,669,3345,1,06/08/2019 18:10,61.07666383,11.3,0.177347137,11.44,11.08,97.3
1,670,3350,1,06/08/2019 18:15,61.22808976,11.32,0.175290655,11.44,11.21,97.3
1,671,3355,1,06/08/2019 18:20,61.37951569,11.32,0.1867482,11.45,11.15,97.3
1,672,3360,1,06/08/2019 18:25,61.53094162,11.31,0.184495862,11.44,11.14,97.3
1,673,3365,1,06/08/2019 18:30,61.68236754,11.32,0.164910314,11.48,11.05,97.3
1,674,3370,1,06/08/2019 18:35,61.83379347,11.31,0.113498251,11.44,11.15,97.3
1,675,3375,1,06/08/2019 18:40,61.9852194,11.3,0.083728218,11.45,11.17,97.3
1,676,3380,1,06/08/2019 18:45,62.13664533,11.29,0.08274894,11.46,11.14,97.3
1,677,3385,1,06/08/2019 18:50,62.28807125,11.3,0.062282043,11.46,11.12,97.3
1,678,3390,1,06/08/2019 18:55,62.43949718,11.29,0.046956351,11.46,11.12,97.3
1,679,3395,1,06/08/2019 19:00,62.59092311,11.27,0.044322095,11.45,11.13,97.3
1,680,3400,1,06/08/2019 19:05,62.70655532,11.25,0.040826075,11.48,11.02,97.3
1,681,3405,1,06/08/2019 19:10,62.82218753,11.25,0.038994826,11.44,11.16,97.3
1,682,3410,1,06/08/2019 19:15,62.93781973,11.23,0.05835514,11.48,10.98,97.3
1,683,3415,1,06/08/2019 19:20,63.05345194,11.22,0.051793982,11.46,11.02,97.3
1,684,3420,1,06/08/2019 19:25,63.16908415,11.21,0.039837005,11.45,11.08,97.3
1,685,3425,1,06/08/2019 19:30,63.28471636,11.19,0.036262642,11.43,11.07,97.3
1,686,3430,1,06/08/2019 19:35,63.40034857,11.17,0.032257398,11.43,11.04,97.3
1,687,3435,1,06/08/2019 19:40,63.51598078,11.17,0.02912371,11.41,11.04,97.3
1,688,3440,1,06/08/2019 19:45,63.63161299,11.15,0.024873646,11.45,10.99,97.3
1,689,3445,1,06/08/2019 19:50,63.74724519,11.14,0.022219804,11.46,11.01,97.3
1,690,3450,1,06/08/2019 19:55,63.8628774,11.13,0.017274453,11.41,10.98,97.3
1,691,3455,1,06/08/2019 20:00,63.97850961,11.1,0.014806674,11.39,11.07,97.3
1,692,3460,1,06/08/2019 20:05,64.06062692,11.09,0.013063561,11.43,10.96,97.3
1,693,3465,1,06/08/2019 20:10,64.14274422,11.09,0.011956977,11.4,10.97,97.3
1,694,3470,1,06/08/2019 20:15,64.22486152,11.07,0.009303135,11.35,11.03,97.3
1,695,3475,1,06/08/2019 20:20,64.30697883,11.06,0.007780359,11.36,10.97,97.3
1,696,3480,1,06/08/2019 20:25,64.38909613,11.04,0.0072633,11.37,10.92,97.3
1,697,3485,1,06/08/2019 20:30,64.47121344,11.02,0.006416226,11.35,10.98,97.3
1,698,3490,1,06/08/2019 20:35,64.55333074,11,0.005031527,11.33,11.03,97.3
1,699,3495,1,06/08/2019 20:40,64.63544805,10.99,0.004048333,11.31,11.02,97.3
1,700,3500,1,06/08/2019 20:45,64.71756535,10.98,0.003065138,11.31,10.94,97.3
1,701,3505,1,06/08/2019 20:50,64.79968266,10.98,0.002189664,11.27,10.98,97.3
1,702,3510,1,06/08/2019 20:55,64.88179996,10.96,0.001055661,11.28,10.97,97.3
1,703,3515,1,06/08/2019 21:00,64.96391727,10.95,0.000645344,11.28,10.98,97.3
1,704,3520,1,06/08/2019 21:05,65.02657369,10.94,0.000369188,11.25,10.99,97.3
1,705,3525,1,06/08/2019 21:10,65.08923011,10.93,0.00016256,11.24,11.01,97.3
1,706,3530,1,06/08/2019 21:15,65.15188653,10.91,4.70E-05,11.23,11,97.3
1,707,3535,1,06/08/2019 21:20,65.21454296,10.98,0,11.22,10.99,97.3
1,708,3540,1,06/08/2019 21:25,65.27719938,10.98,0,11.22,10.94,97.3
1,709,3545,1,06/08/2019 21:30,65.3398558,10.97,0,11.2,10.98,97.3
1,710,3550,1,06/08/2019 21:35,65.40251222,10.97,0,11.18,10.96,97.3
1,711,3555,1,06/08/2019 21:40,65.46516864,10.98,0,11.19,10.96,97.3
1,712,3560,1,06/08/2019 21:45,65.52782507,10.99,0,11.17,10.95,97.3
1,713,3565,1,06/08/2019 21:50,65.59048149,10.96,0,11.17,10.94,97.3
1,714,3570,1,06/08/2019 21:55,65.65313791,10.98,0,11.15,10.94,97.3
1,715,3575,1,06/08/2019 22:00,65.71579433,10.97,0,11.13,10.97,97.3
1,716,3580,1,06/08/2019 22:05,65.75501904,10.95,0,11.12,10.93,97.3
1,717,3585,1,06/08/2019 22:10,65.79424375,10.97,0,11.12,10.89,97.3
1,718,3590,1,06/08/2019 22:15,65.83346846,10.97,0,11.11,10.91,97.3
1,719,3595,1,06/08/2019 22:20,65.87269316,10.97,0,11.1,10.9,97.3
1,720,3600,1,06/08/2019 22:25,65.91191787,10.97,0,11.09,10.91,97.3
1,721,3605,1,06/08/2019 22:30,65.95114258,10.99,0,11.08,10.91,97.3
1,722,3610,1,06/08/2019 22:35,65.99036729,10.97,0,11.06,10.89,97.3
1,723,3615,1,06/08/2019 22:40,66.02959199,10.98,0,11.06,10.88,97.3
1,724,3620,1,06/08/2019 22:45,66.0688167,10.97,0,11.05,10.87,97.4
1,725,3625,1,06/08/2019 22:50,66.10804141,10.97,0,11.05,10.84,97.4
1,726,3630,1,06/08/2019 22:55,66.14726612,10.97,0,11.05,10.83,97.4
1,727,3635,1,06/08/2019 23:00,66.18649082,10.96,0,11.03,10.83,97.4
1,728,3640,1,06/08/2019 23:05,66.00954658,10.95,0,11.03,10.83,97.4
1,729,3645,1,06/08/2019 23:10,65.83260233,10.95,0,11.02,10.82,97.4
1,730,3650,1,06/08/2019 23:15,65.65565809,10.96,0,11.01,10.77,97.4
1,731,3655,1,06/08/2019 23:20,65.47871384,10.96,0,10.99,10.8,97.4
1,732,3660,1,06/08/2019 23:25,65.3017696,10.95,0,10.99,10.8,97.3
1,733,3665,1,06/08/2019 23:30,65.12482535,10.94,0,10.98,10.78,97.4
1,734,3670,1,06/08/2019 23:35,64.94788111,10.94,0,10.98,10.78,97.3
1,735,3675,1,06/08/2019 23:40,64.77093686,10.93,0,10.97,10.76,97.4
1,736,3680,1,06/08/2019 23:45,64.59399261,10.92,0,10.98,10.72,97.4
1,737,3685,1,06/08/2019 23:50,64.41704837,10.91,0,10.95,10.75,97.4
1,738,3690,1,06/08/2019 23:55,64.24010412,10.89,0,10.94,10.72,97.4
1,739,3695,2,07/08/2019 00:00,64.06315988,10.89,0,10.92,10.72,97.4
1,740,3700,2,07/08/2019 00:05,63.53922138,10.86,0,10.93,10.67,97.4
1,741,3705,2,07/08/2019 00:10,63.01528288,10.85,0,10.93,10.68,97.4
1,742,3710,2,07/08/2019 00:15,62.49134438,10.83,0,10.92,10.67,97.4
1,743,3715,2,07/08/2019 00:20,61.96740587,10.83,0,10.92,10.63,97.4
1,744,3720,2,07/08/2019 00:25,61.44346737,10.84,0,10.93,10.59,97.4
1,745,3725,2,07/08/2019 00:30,60.91952887,10.83,0,10.92,10.54,97.4
1,746,3730,2,07/08/2019 00:35,60.39559037,10.82,0,10.9,10.57,97.4
1,747,3735,2,07/08/2019 00:40,59.87165187,10.8,0,10.93,10.49,97.3
1,748,3740,2,07/08/2019 00:45,59.34771337,10.79,0,10.91,10.49,97.3
1,749,3745,2,07/08/2019 00:50,58.82377487,10.79,0,10.88,10.53,97.3
1,750,3750,2,07/08/2019 00:55,58.29983637,10.78,0,10.88,10.55,97.3
1,751,3755,2,07/08/2019 01:00,57.77589787,10.77,0,10.89,10.51,97.3
1,752,3760,2,07/08/2019 01:05,57.13139468,10.75,0,10.89,10.44,97.3
1,753,3765,2,07/08/2019 01:10,56.4868915,10.75,0,10.85,10.47,97.3
1,754,3770,2,07/08/2019 01:15,55.84238831,10.73,0,10.88,10.35,97.3
1,755,3775,2,07/08/2019 01:20,55.19788513,10.73,0,10.85,10.47,97.3
1,756,3780,2,07/08/2019 01:25,54.55338194,10.73,0,10.87,10.4,97.3
1,757,3785,2,07/08/2019 01:30,53.90887876,10.71,0,10.85,10.38,97.3
1,758,3790,2,07/08/2019 01:35,53.26437557,10.7,0,10.83,10.42,97.3
1,759,3795,2,07/08/2019 01:40,52.61987239,10.66,0,10.85,10.33,97.3
1,760,3800,2,07/08/2019 01:45,51.97536921,10.66,0,10.88,10.3,97.3
1,761,3805,2,07/08/2019 01:50,51.33086602,10.65,0,10.81,10.4,97.3
1,762,3810,2,07/08/2019 01:55,50.68636284,10.62,0,10.86,10.27,97.3
1,763,3815,2,07/08/2019 02:00,50.04185965,10.6,0,10.82,10.29,97.3
1,764,3820,2,07/08/2019 02:05,49.47806342,10.57,0,10.83,10.28,97.3
1,765,3825,2,07/08/2019 02:10,48.91426719,10.54,0,10.78,10.36,97.3
1,766,3830,2,07/08/2019 02:15,48.35047095,10.52,0,10.8,10.33,97.3
1,767,3835,2,07/08/2019 02:20,47.78667472,10.49,0,10.81,10.25,97.3
1,768,3840,2,07/08/2019 02:25,47.22287849,10.46,0,10.8,10.27,97.3
1,769,3845,2,07/08/2019 02:30,46.65908225,10.45,0,10.8,10.25,97.3
1,770,3850,2,07/08/2019 02:35,46.09528602,10.4,0,10.79,10.24,97.3
1,771,3855,2,07/08/2019 02:40,45.53148979,10.39,0,10.8,10.2,97.3
1,772,3860,2,07/08/2019 02:45,44.96769355,10.35,0,10.75,10.28,97.3
1,773,3865,2,07/08/2019 02:50,44.40389732,10.34,0,10.75,10.29,97.3
1,774,3870,2,07/08/2019 02:55,43.84010109,10.31,0,10.74,10.27,97.3
1,775,3875,2,07/08/2019 03:00,43.27630485,10.29,0,10.74,10.22,97.3
1,776,3880,2,07/08/2019 03:05,42.89714558,10.27,0,10.72,10.27,97.3
1,777,3885,2,07/08/2019 03:10,42.5179863,10.27,0,10.74,10.22,97.3
1,778,3890,2,07/08/2019 03:15,42.13882703,10.25,0,10.72,10.24,97.3
1,779,3895,2,07/08/2019 03:20,41.75966775,10.23,0,10.71,10.25,97.3
1,780,3900,2,07/08/2019 03:25,41.38050848,10.18,0,10.73,10.14,97.3
1,781,3905,2,07/08/2019 03:30,41.00134921,10.19,0,10.7,10.22,97.3
1,782,3910,2,07/08/2019 03:35,40.62218993,10.16,0,10.69,10.23,97.3
1,783,3915,2,07/08/2019 03:40,40.24303066,10.14,0,10.69,10.23,97.3
1,784,3920,2,07/08/2019 03:45,39.86387138,10.12,0,10.68,10.18,97.3
1,785,3925,2,07/08/2019 03:50,39.48471211,10.11,0,10.69,10.16,97.3
1,786,3930,2,07/08/2019 03:55,39.10555284,10.09,0,10.67,10.21,97.3
1,787,3935,2,07/08/2019 04:00,38.72639356,10.08,1.76E-05,10.69,10.14,97.3
1,788,3940,2,07/08/2019 04:05,38.39752998,10.06,0.000123389,10.65,10.2,97.3
1,789,3945,2,07/08/2019 04:10,38.06866641,10.04,0.000313369,10.64,10.21,97.3
1,790,3950,2,07/08/2019 04:15,37.73980283,10.03,0.000756981,10.65,10.17,97.3
1,791,3955,2,07/08/2019 04:20,37.41093925,10.01,0.001378823,10.64,10.18,97.3
1,792,3960,2,07/08/2019 04:25,37.08207567,10.01,0.002291509,10.64,10.16,97.3
1,793,3965,2,07/08/2019 04:30,36.7532121,9.99,0.003396134,10.62,10.2,97.3
1,794,3970,2,07/08/2019 04:35,36.42434852,9.97,0.004562453,10.62,10.19,97.3
1,795,3975,2,07/08/2019 04:40,36.09548494,9.95,0.006853963,10.64,10.12,97.3
1,796,3980,2,07/08/2019 04:45,35.76662136,9.94,0.009518576,10.62,10.17,97.3
1,797,3985,2,07/08/2019 04:50,35.43775779,9.94,0.015404034,10.6,10.17,97.3
1,798,3990,2,07/08/2019 04:55,35.10889421,9.94,0.01803829,10.61,10.15,97.3
1,799,3995,2,07/08/2019 05:00,34.78003063,9.94,0.021044671,10.59,10.21,97.3
1,800,4000,2,07/08/2019 05:05,35.21225809,9.94,0.023463487,10.6,10.18,97.3
1,801,4005,2,07/08/2019 05:10,35.64448555,9.95,0.02421753,10.59,10.18,97.3
1,802,4010,2,07/08/2019 05:15,36.07671301,9.98,0.031904858,10.59,10.19,97.3
1,803,4015,2,07/08/2019 05:20,36.50894046,9.99,0.037369226,10.58,10.16,97.3
1,804,4020,2,07/08/2019 05:25,36.94116792,10.02,0.038661872,10.58,10.18,97.3
1,805,4025,2,07/08/2019 05:30,37.37339538,10.05,0.046662568,10.6,10.13,97.3
1,806,4030,2,07/08/2019 05:35,37.80562284,10.09,0.047073865,10.58,10.18,97.3
1,807,4035,2,07/08/2019 05:40,38.23785029,10.12,0.049345788,10.58,10.19,97.3
1,808,4040,2,07/08/2019 05:45,38.67007775,10.19,0.051372892,10.58,10.17,97.3
1,809,4045,2,07/08/2019 05:50,39.10230521,10.25,0.050736362,10.59,10.15,97.3
1,810,4050,2,07/08/2019 05:55,39.53453267,10.35,0.054300932,10.59,10.17,97.3
1,811,4055,2,07/08/2019 06:00,39.96676013,10.46,0.054281346,10.61,10.12,97.3
1,812,4060,2,07/08/2019 06:05,40.41849055,10.57,0.057865502,10.59,10.18,97.3
1,813,4065,2,07/08/2019 06:10,40.87022098,10.65,0.063750959,10.6,10.14,97.3
1,814,4070,2,07/08/2019 06:15,41.3219514,10.71,0.062987122,10.6,10.14,97.3
1,815,4075,2,07/08/2019 06:20,41.77368183,10.75,0.066708376,10.59,10.14,97.3
1,816,4080,2,07/08/2019 06:25,42.22541225,10.81,0.076089854,10.6,10.17,97.3
1,817,4085,2,07/08/2019 06:30,42.67714268,10.84,0.082553085,10.6,10.18,97.3
1,818,4090,2,07/08/2019 06:35,43.1288731,10.88,0.09577333,10.6,10.19,97.3
1,819,4095,2,07/08/2019 06:40,43.58060353,10.98,0.106545381,10.62,10.18,97.3
1,820,4100,2,07/08/2019 06:45,44.03233395,11.01,0.118198782,10.62,10.15,97.3
1,821,4105,2,07/08/2019 06:50,44.48406438,11.04,0.143562067,10.63,10.13,97.3
1,822,4110,2,07/08/2019 06:55,44.9357948,11.07,0.197324396,10.63,10.17,97.3
1,823,4115,2,07/08/2019 07:00,45.38752523,11.11,0.235124504,10.67,10.12,97.3
1,824,4120,2,07/08/2019 07:05,45.85937303,11.12,0.212601124,10.65,10.21,97.3
1,825,4125,2,07/08/2019 07:10,46.33122083,11.14,0.245015205,10.67,10.16,97.3
1,826,4130,2,07/08/2019 07:15,46.80306863,11.16,0.240314674,10.67,10.19,97.3
1,827,4135,2,07/08/2019 07:20,47.27491644,11.2,0.248638532,10.69,10.14,97.3
1,828,4140,2,07/08/2019 07:25,47.74676424,11.21,0.290061966,10.7,10.15,97.3
1,829,4145,2,07/08/2019 07:30,48.21861204,11.23,0.285263507,10.69,10.22,97.3
1,830,4150,2,07/08/2019 07:35,48.69045984,11.25,0.406106338,10.72,10.17,97.3
1,831,4155,2,07/08/2019 07:40,49.16230765,11.26,0.456245341,10.73,10.19,97.3
1,832,4160,2,07/08/2019 07:45,49.63415545,11.28,0.493164099,10.73,10.18,97.3
1,833,4165,2,07/08/2019 07:50,50.10600325,11.28,0.533020689,10.73,10.23,97.3
1,834,4170,2,07/08/2019 07:55,50.57785105,11.28,0.597555069,10.74,10.25,97.3
1,835,4175,2,07/08/2019 08:00,51.04969886,11.31,0.621743221,10.76,10.24,97.3
1,836,4180,2,07/08/2019 08:05,51.20590229,11.34,0.642308047,10.77,10.27,97.3
1,837,4185,2,07/08/2019 08:10,51.36210571,11.35,0.653373881,10.78,10.3,97.3
1,838,4190,2,07/08/2019 08:15,51.51830914,11.34,0.678835094,10.79,10.33,97.3
1,839,4195,2,07/08/2019 08:20,51.67451257,11.35,0.699008208,10.82,10.28,97.3
1,840,4200,2,07/08/2019 08:25,51.830716,11.35,0.721139877,10.83,10.33,97.3
1,841,4205,2,07/08/2019 08:30,51.98691943,11.36,0.733282917,10.83,10.32,97.3
1,842,4210,2,07/08/2019 08:35,52.14312286,11.36,0.74483839,10.84,10.38,97.3
1,843,4215,2,07/08/2019 08:40,52.29932629,11.35,0.767949337,10.85,10.39,97.3
1,844,4220,2,07/08/2019 08:45,52.45552972,11.35,0.784401197,10.86,10.44,97.2
1,845,4225,2,07/08/2019 08:50,52.61173315,11.33,0.792235417,10.87,10.45,97.2
1,846,4230,2,07/08/2019 08:55,52.76793658,11.34,0.820634461,10.88,10.36,97.2
1,847,4235,2,07/08/2019 09:00,52.92414001,11.31,0.829447958,10.91,10.41,97.2
1,848,4240,2,07/08/2019 09:05,53.02832156,11.32,0.825530848,10.92,10.44,97.2
1,849,4245,2,07/08/2019 09:10,53.13250311,11.32,0.853929893,10.92,10.43,97.2
1,850,4250,2,07/08/2019 09:15,53.23668466,11.3,0.882328937,10.94,10.44,97.2
1,851,4255,2,07/08/2019 09:20,53.3408662,11.3,0.90387304,10.92,10.62,97.2
1,852,4260,2,07/08/2019 09:25,53.44504775,11.32,0.918562201,10.97,10.47,97.2
1,853,4265,2,07/08/2019 09:30,53.5492293,11.31,0.781659221,10.98,10.44,97.2
1,854,4270,2,07/08/2019 09:35,53.65341085,11.31,0.875473996,10.95,10.62,97.2
1,855,4275,2,07/08/2019 09:40,53.7575924,11.29,0.93423064,10.98,10.58,97.2
1,856,4280,2,07/08/2019 09:45,53.86177395,11.29,0.78733903,11,10.6,97.2
1,857,4285,2,07/08/2019 09:50,53.9659555,11.29,0.727994819,11.02,10.62,97.2
1,858,4290,2,07/08/2019 09:55,54.07013704,11.3,0.597065431,11,10.68,97.2
1,859,4295,2,07/08/2019 10:00,54.17431859,11.28,0.616357196,10.98,10.71,97.2
1,860,4300,2,07/08/2019 10:05,54.25247909,11.28,1.086997914,11,10.79,97.2
1,861,4305,2,07/08/2019 10:10,54.33063959,11.28,1.225076027,10.99,10.85,97.2
1,862,4310,2,07/08/2019 10:15,54.40880009,11.27,1.214303976,11.06,10.71,97.2
1,863,4315,2,07/08/2019 10:20,54.48696059,11.26,1.296563278,11.02,10.81,97.2
1,864,4320,2,07/08/2019 10:25,54.56512109,11.27,1.133023952,11.05,10.92,97.2
1,865,4325,2,07/08/2019 10:30,54.64328159,11.27,0.510301453,11.08,10.85,97.2
1,866,4330,2,07/08/2019 10:35,54.72144209,11.26,0.769907892,11.04,10.85,97.2
1,867,4335,2,07/08/2019 10:40,54.79960259,11.26,1.265226401,11.04,10.98,97.2
1,868,4340,2,07/08/2019 10:45,54.87776309,11.26,1.190801318,11.09,10.89,97.2
1,869,4345,2,07/08/2019 10:50,54.95592359,11.28,1.067412366,11.07,11.03,97.2
1,870,4350,2,07/08/2019 10:55,55.03408409,11.26,1.202552647,11.08,11.09,97.2
1,871,4355,2,07/08/2019 11:00,55.11224459,11.26,1.134003229,11.08,11.09,97.2
1,872,4360,2,07/08/2019 11:05,55.14586207,11.25,1.227034582,11.06,11.18,97.2
1,873,4365,2,07/08/2019 11:10,55.17947954,11.24,1.333775819,11.1,11.11,97.2
1,874,4370,2,07/08/2019 11:15,55.21309701,11.23,1.284811949,11.08,11.27,97.2
1,875,4375,2,07/08/2019 11:20,55.24671448,11.23,1.076225863,11.09,11.35,97.2
1,876,4380,2,07/08/2019 11:25,55.28033196,11.22,0.896038821,11.11,11.34,97.2
1,877,4385,2,07/08/2019 11:30,55.31394943,11.23,1.069370921,11.13,11.33,97.2
1,878,4390,2,07/08/2019 11:35,55.3475669,11.23,0.988090897,11.1,11.48,97.2
1,879,4395,2,07/08/2019 11:40,55.38118437,11.22,0.972422458,11.12,11.46,97.2
1,880,4400,2,07/08/2019 11:45,55.41480185,11.19,1.000821503,11.12,11.56,97.2
1,881,4405,2,07/08/2019 11:50,55.44841932,11.2,0.968505349,11.14,11.53,97.2
1,882,4410,2,07/08/2019 11:55,55.48203679,11.2,0.711347103,11.12,11.64,97.2
1,883,4415,2,07/08/2019 12:00,55.51565426,11.19,0.418347305,11.13,11.61,97.2
1,884,4420,2,07/08/2019 12:05,55.57167457,11.15,0.396803202,11.12,11.63,97.2
1,885,4425,2,07/08/2019 12:10,55.62769488,11.16,0.371537846,11.12,11.65,97.2
1,886,4430,2,07/08/2019 12:15,55.68371518,11.15,0.372321267,11.09,11.71,97.2
1,887,4435,2,07/08/2019 12:20,55.73973549,11.15,0.42118721,11.12,11.71,97.2
1,888,4440,2,07/08/2019 12:25,55.79575579,11.12,0.480041781,11.12,11.77,97.2
1,889,4445,2,07/08/2019 12:30,55.8517761,11.13,0.452426159,11.13,11.79,97.2
1,890,4450,2,07/08/2019 12:35,55.9077964,11.13,0.481804481,11.13,11.83,97.2
1,891,4455,2,07/08/2019 12:40,55.96381671,11.1,0.641818408,11.12,11.84,97.2
1,892,4460,2,07/08/2019 12:45,56.01983701,11.11,0.831406513,11.13,11.9,97.2
1,893,4465,2,07/08/2019 12:50,56.07585732,11.13,0.992008006,11.13,11.94,97.2
1,894,4470,2,07/08/2019 12:55,56.13187763,11.13,1.17121577,11.12,12.03,97.2
1,895,4475,2,07/08/2019 13:00,56.18789793,11.15,1.185904931,11.14,12.05,97.2
1,896,4480,2,07/08/2019 13:05,56.10005857,11.13,1.045868263,11.14,12.09,97.2
1,897,4485,2,07/08/2019 13:10,56.01221922,11.13,0.945002691,11.15,12.13,97.2
1,898,4490,2,07/08/2019 13:15,55.92437986,11.14,0.892121711,11.15,12.2,97.2
1,899,4495,2,07/08/2019 13:20,55.8365405,11.15,0.826510126,11.15,12.18,97.2
1,900,4500,2,07/08/2019 13:25,55.74870115,11.16,0.806924578,11.16,12.26,97.2
1,901,4505,2,07/08/2019 13:30,55.66086179,11.15,0.875473996,11.16,12.25,97.2
1,902,4510,2,07/08/2019 13:35,55.57302243,11.14,0.867639776,11.17,12.27,97.2
1,903,4515,2,07/08/2019 13:40,55.48518308,11.14,0.749538922,11.19,12.29,97.2
1,904,4520,2,07/08/2019 13:45,55.39734372,11.11,0.641916336,11.2,12.29,97.2
1,905,4525,2,07/08/2019 13:50,55.30950436,11.12,0.711445031,11.21,12.32,97.2
1,906,4530,2,07/08/2019 13:55,55.22166501,11.11,0.870577609,11.2,12.34,97.2
1,907,4535,2,07/08/2019 14:00,55.13382565,11.12,0.65778063,11.2,12.39,97.2
1,908,4540,2,07/08/2019 14:05,54.99748482,11.1,0.631535995,11.22,12.35,97.2
1,909,4545,2,07/08/2019 14:10,54.86114399,11.11,0.679226805,11.22,12.42,97.2
1,910,4550,2,07/08/2019 14:15,54.72480315,11.11,0.758842057,11.23,12.46,97.2
1,911,4555,2,07/08/2019 14:20,54.58846232,11.09,0.822593016,11.24,12.43,97.2
1,912,4560,2,07/08/2019 14:25,54.45212149,11.1,0.931292807,11.28,12.39,97.2
1,913,4565,2,07/08/2019 14:30,54.31578066,11.09,1.03215838,11.28,12.4,97.2
1,914,4570,2,07/08/2019 14:35,54.17943983,11.09,1.036075489,11.27,12.49,97.2
1,915,4575,2,07/08/2019 14:40,54.04309899,11.1,1.040971876,11.29,12.48,97.2
1,916,4580,2,07/08/2019 14:45,53.90675816,11.07,1.085039359,11.28,12.53,97.2
1,917,4585,2,07/08/2019 14:50,53.77041733,11.09,1.095811411,11.3,12.51,97.1
1,918,4590,2,07/08/2019 14:55,53.6340765,11.08,0.896038821,11.31,12.59,97.1
1,919,4595,2,07/08/2019 15:00,53.49773567,11.03,0.519506661,11.32,12.54,97.1
1,920,4600,2,07/08/2019 15:05,53.73306098,11.04,0.670511236,11.34,12.48,97.1
1,921,4605,2,07/08/2019 15:10,53.9683863,11.03,1.018448496,11.34,12.53,97.1
1,922,4610,2,07/08/2019 15:15,54.20371162,11.14,0.991028729,11.35,12.58,97.1
1,923,4615,2,07/08/2019 15:20,54.43903693,11.14,0.898976653,11.4,12.48,97.1
1,924,4620,2,07/08/2019 15:25,54.67436225,11.18,0.671098802,11.4,12.53,97.1
1,925,4625,2,07/08/2019 15:30,54.90968756,11.19,0.624191415,11.38,12.57,97.1
1,926,4630,2,07/08/2019 15:35,55.14501288,11.19,0.52949529,11.4,12.59,97.1
1,927,4635,2,07/08/2019 15:40,55.3803382,11.18,0.388283489,11.43,12.53,97.1
1,928,4640,2,07/08/2019 15:45,55.61566351,11.2,0.332660533,11.39,12.64,97.1
1,929,4645,2,07/08/2019 15:50,55.85098883,11.21,0.343530512,11.41,12.61,97.1
1,930,4650,2,07/08/2019 15:55,56.08631415,11.23,0.392004743,11.42,12.6,97.1
1,931,4655,2,07/08/2019 16:00,56.32163946,11.22,0.530768351,11.43,12.57,97.1
1,932,4660,2,07/08/2019 16:05,56.48505175,11.23,0.534979244,11.41,12.65,97.1
1,933,4665,2,07/08/2019 16:10,56.64846403,11.25,0.551822815,11.42,12.63,97.1
1,934,4670,2,07/08/2019 16:15,56.81187632,11.26,0.538015004,11.47,12.49,97.1
1,935,4675,2,07/08/2019 16:20,56.9752886,11.28,0.520485938,11.46,12.52,97.1
1,936,4680,2,07/08/2019 16:25,57.13870089,11.29,0.597359214,11.44,12.68,97.1
1,937,4685,2,07/08/2019 16:30,57.30211318,11.29,0.538308787,11.47,12.58,97.1
1,938,4690,2,07/08/2019 16:35,57.46552546,11.3,0.459672812,11.44,12.63,97.1
1,939,4695,2,07/08/2019 16:40,57.62893775,11.31,0.378099004,11.48,12.64,97.1
1,940,4700,2,07/08/2019 16:45,57.79235003,11.29,0.298875462,11.45,12.65,97.1
1,941,4705,2,07/08/2019 16:50,57.95576232,11.31,0.226898574,11.49,12.62,97.1
1,942,4710,2,07/08/2019 16:55,58.1191746,11.3,0.170492195,11.47,12.63,97.1
1,943,4715,2,07/08/2019 17:00,58.28258689,11.29,0.142680717,11.47,12.68,97.1
1,944,4720,2,07/08/2019 17:05,58.40035622,11.29,0.131321099,11.46,12.7,97.1
1,945,4725,2,07/08/2019 17:10,58.51812555,11.28,0.12867705,11.49,12.54,97.1
1,946,4730,2,07/08/2019 17:15,58.63589488,11.26,0.117611216,11.45,12.7,97.1
1,947,4735,2,07/08/2019 17:20,58.75366422,11.24,0.109287358,11.45,12.63,97.1
1,948,4740,2,07/08/2019 17:25,58.87143355,11.22,0.109776997,11.45,12.62,97.1
1,949,4745,2,07/08/2019 17:30,58.98920288,11.2,0.120255265,11.48,12.59,97.1
1,950,4750,2,07/08/2019 17:35,59.10697221,11.17,0.133083799,11.44,12.62,97.1
1,951,4755,2,07/08/2019 17:40,59.22474155,11.18,0.15727195,11.43,12.68,97.2
1,952,4760,2,07/08/2019 17:45,59.34251088,11.16,0.165595808,11.44,12.57,97.1
1,953,4765,2,07/08/2019 17:50,59.46028021,11.13,0.163735181,11.41,12.67,97.1
1,954,4770,2,07/08/2019 17:55,59.57804954,11.14,0.158936722,11.42,12.67,97.1
1,955,4775,2,07/08/2019 18:00,59.69581887,11.12,0.153256913,11.41,12.68,97.1
1,956,4780,2,07/08/2019 18:05,59.79487173,11.13,0.130537677,11.42,12.59,97.1
1,957,4785,2,07/08/2019 18:10,59.89392458,11.1,0.110364563,11.42,12.64,97.1
1,958,4790,2,07/08/2019 18:15,59.99297743,11.11,0.100865572,11.45,12.49,97.1
1,959,4795,2,07/08/2019 18:20,60.09203028,11.09,0.107818442,11.41,12.59,97.1
1,960,4800,2,07/08/2019 18:25,60.19108313,11.09,0.114281673,11.4,12.62,97.1
1,961,4805,2,07/08/2019 18:30,60.29013599,11.09,0.10830808,11.41,12.59,97.1
1,962,4810,2,07/08/2019 18:35,60.38918884,11.08,0.103509621,11.39,12.59,97.1
1,963,4815,2,07/08/2019 18:40,60.48824169,11.09,0.09185622,11.38,12.62,97.1
1,964,4820,2,07/08/2019 18:45,60.58729454,11.15,0.060519343,11.37,12.61,97.2
1,965,4825,2,07/08/2019 18:50,60.68634739,11.15,0.051637297,11.38,12.54,97.2
1,966,4830,2,07/08/2019 18:55,60.78540025,11.15,0.036458498,11.34,12.56,97.2
1,967,4835,2,07/08/2019 19:00,60.8844531,11.17,0.02538287,11.35,12.49,97.2
1,968,4840,2,07/08/2019 19:05,60.95807226,11.17,0.023923747,11.34,12.46,97.2
1,969,4845,2,07/08/2019 19:10,61.03169142,11.17,0.025774581,11.27,12.58,97.2
1,970,4850,2,07/08/2019 19:15,61.10531058,11.17,0.029858168,11.28,12.51,97.2
1,971,4855,2,07/08/2019 19:20,61.17892974,11.17,0.032453253,11.25,12.49,97.2
1,972,4860,2,07/08/2019 19:25,61.2525489,11.19,0.03028905,11.28,12.44,97.2
1,973,4865,2,07/08/2019 19:30,61.32616806,11.19,0.023669135,11.23,12.54,97.2
1,974,4870,2,07/08/2019 19:35,61.39978722,11.18,0.020163322,11.22,12.52,97.2
1,975,4875,2,07/08/2019 19:40,61.47340638,11.18,0.019144873,11.22,12.48,97.2
1,976,4880,2,07/08/2019 19:45,61.54702555,11.19,0.017715128,11.22,12.39,97.2
1,977,4885,2,07/08/2019 19:50,61.62064471,11.16,0.015492168,11.2,12.45,97.2
1,978,4890,2,07/08/2019 19:55,61.69426387,11.15,0.01447372,11.19,12.45,97.2
1,979,4895,2,07/08/2019 20:00,61.76788303,11.14,0.014816467,11.16,12.43,97.2
1,980,4900,2,07/08/2019 20:05,61.82148109,11.12,0.014307243,11.18,12.41,97.2
1,981,4905,2,07/08/2019 20:10,61.87507915,11.14,0.014111387,11.18,12.37,97.2
1,982,4910,2,07/08/2019 20:15,61.92867721,11.11,0.013827397,11.16,12.35,97.2
1,983,4915,2,07/08/2019 20:20,61.98227527,11.11,0.012681642,11.17,12.27,97.2
1,984,4920,2,07/08/2019 20:25,62.03587333,11.1,0.010585989,11.14,12.33,97.2
1,985,4925,2,07/08/2019 20:30,62.08947139,11.07,0.008255308,11.12,12.35,97.2
1,986,4930,2,07/08/2019 20:35,62.14306945,11.08,0.006637542,11.12,12.34,97.2
1,987,4935,2,07/08/2019 20:40,62.19666751,11.05,0.004951227,11.11,12.29,97.2
1,988,4940,2,07/08/2019 20:45,62.25026557,11.05,0.003823099,11.08,12.3,97.2
1,989,4945,2,07/08/2019 20:50,62.30386363,11.07,0.002682241,11.13,12.2,97.2
1,990,4950,2,07/08/2019 20:55,62.35746169,11.05,0.001710798,11.07,12.24,97.2
1,991,4955,2,07/08/2019 21:00,62.41105975,11.07,0.00101649,11.05,12.24,97.2
1,992,4960,2,07/08/2019 21:05,62.45115858,11.08,0.000507266,11.07,12.23,97.2
1,993,4965,2,07/08/2019 21:10,62.49125742,11.06,0.000187042,11.05,12.12,97.2
1,994,4970,2,07/08/2019 21:15,62.53135625,11.06,1.96E-05,11.05,12.15,97.2
1,995,4975,2,07/08/2019 21:20,62.57145508,11.06,0,11.03,12.12,97.2
1,996,4980,2,07/08/2019 21:25,62.61155392,11.06,0,11.03,12.14,97.2
1,997,4985,2,07/08/2019 21:30,62.65165275,11.04,0,11.05,12.01,97.2
1,998,4990,2,07/08/2019 21:35,62.69175159,11.04,0,11.02,12.1,97.2
1,999,4995,2,07/08/2019 21:40,62.73185042,11.02,0,11.01,12.06,97.2
1,1000,5000,2,07/08/2019 21:45,62.77194926,11.02,0,11,12.06,97.2
1,1001,5005,2,07/08/2019 21:50,62.81204809,11.02,0,11.01,11.96,97.2
1,1002,5010,2,07/08/2019 21:55,62.85214692,11.01,0,10.98,12.07,97.2
1,1003,5015,2,07/08/2019 22:00,62.89224576,11.01,0,10.99,11.97,97.2
1,1004,5020,2,07/08/2019 22:05,62.915191,11.01,0,10.96,12.04,97.2
1,1005,5025,2,07/08/2019 22:10,62.93813624,11.02,0,10.96,12,97.2
1,1006,5030,2,07/08/2019 22:15,62.96108148,11.03,0,10.94,11.95,97.2
1,1007,5035,2,07/08/2019 22:20,62.98402672,11.02,0,10.95,11.89,97.2
1,1008,5040,2,07/08/2019 22:25,63.00697196,11.04,0,10.93,11.95,97.2
1,1009,5045,2,07/08/2019 22:30,63.0299172,11.03,0,10.94,11.89,97.2
1,1010,5050,2,07/08/2019 22:35,63.05286244,11.03,0,10.91,11.9,97.2
1,1011,5055,2,07/08/2019 22:40,63.07580768,11.04,0,10.89,11.96,97.2
1,1012,5060,2,07/08/2019 22:45,63.09875292,11.02,0,10.93,11.79,97.2
1,1013,5065,2,07/08/2019 22:50,63.12169816,11.02,0,10.88,11.89,97.2
1,1014,5070,2,07/08/2019 22:55,63.1446434,11.02,0,10.89,11.8,97.2
1,1015,5075,2,07/08/2019 23:00,63.16758864,11.01,0,10.89,11.82,97.2
1,1016,5080,2,07/08/2019 23:05,62.55508842,11,0,10.85,11.83,97.2
1,1017,5085,2,07/08/2019 23:10,61.9425882,10.99,0,10.86,11.78,97.2
1,1018,5090,2,07/08/2019 23:15,61.33008797,10.98,0,10.85,11.78,97.2
1,1019,5095,2,07/08/2019 23:20,60.71758775,10.98,0,10.85,11.73,97.2
1,1020,5100,2,07/08/2019 23:25,60.10508753,10.97,0,10.84,11.71,97.3
1,1021,5105,2,07/08/2019 23:30,59.49258731,10.94,0,10.82,11.67,97.2
1,1022,5110,2,07/08/2019 23:35,58.88008709,10.92,0,10.8,11.7,97.2
1,1023,5115,2,07/08/2019 23:40,58.26758686,10.91,0,10.82,11.6,97.2
1,1024,5120,2,07/08/2019 23:45,57.65508664,10.91,0,10.8,11.61,97.2
1,1025,5125,2,07/08/2019 23:50,57.04258642,10.9,0,10.79,11.63,97.2
1,1026,5130,2,07/08/2019 23:55,56.4300862,10.89,0,10.81,11.58,97.3
1,1027,5135,,08/08/2019 00:00,55.81758597,10.86,0,10.79,11.58,97.3
1,1028,5140,,08/08/2019 00:05,55.14390849,10.86,0,10.77,11.6,97.3
1,1029,5145,,08/08/2019 00:10,54.47023101,10.84,0,10.79,11.49,97.3
1,1030,5150,,08/08/2019 00:15,53.79655352,10.82,0,10.78,11.48,97.3
1,1031,5155,,08/08/2019 00:20,53.12287604,10.81,0,10.81,11.4,97.3
1,1032,5160,,08/08/2019 00:25,52.44919856,10.77,0,10.76,11.4,97.2
1,1033,5165,,08/08/2019 00:30,51.77552107,10.75,0,10.79,11.36,97.2
1,1034,5170,,08/08/2019 00:35,51.10184359,10.72,0,10.79,11.27,97.2
1,1035,5175,,08/08/2019 00:40,50.42816611,10.69,0,10.77,11.32,97.2
1,1036,5180,,08/08/2019 00:45,49.75448862,10.67,0,10.74,11.39,97.2
1,1037,5185,,08/08/2019 00:50,49.08081114,10.65,0,10.72,11.29,97.2
1,1038,5190,,08/08/2019 00:55,48.40713366,10.61,0,10.74,11.26,97.2
1,1039,5195,,08/08/2019 01:00,47.73345617,10.59,0,10.72,11.25,97.2
1,1040,5200,,08/08/2019 01:05,47.16561091,10.57,0,10.75,11.12,97.2
1,1041,5205,,08/08/2019 01:10,46.59776564,10.54,0,10.68,11.22,97.2
1,1042,5210,,08/08/2019 01:15,46.02992038,10.52,0,10.73,11.14,97.2
1,1043,5215,,08/08/2019 01:20,45.46207511,10.5,0,10.71,11.19,97.2
1,1044,5220,,08/08/2019 01:25,44.89422984,10.49,0,10.7,11.16,97.2
1,1045,5225,,08/08/2019 01:30,44.32638458,10.47,0,10.69,11.18,97.2
1,1046,5230,,08/08/2019 01:35,43.75853931,10.44,0,10.71,11.07,97.2
1,1047,5235,,08/08/2019 01:40,43.19069405,10.42,0,10.68,11.11,97.2
1,1048,5240,,08/08/2019 01:45,42.62284878,10.4,0,10.68,11.08,97.2
1,1049,5245,,08/08/2019 01:50,42.05500352,10.39,0,10.66,11.11,97.2
1,1050,5250,,08/08/2019 01:55,41.48715825,10.38,0,10.67,11.02,97.2
1,1051,5255,,08/08/2019 02:00,40.91931298,10.36,0,10.65,11.08,97.2
1,1052,5260,,08/08/2019 02:05,40.51312017,10.34,0,10.66,11.03,97.2
1,1053,5265,,08/08/2019 02:10,40.10692736,10.33,0,10.65,10.98,97.2
1,1054,5270,,08/08/2019 02:15,39.70073455,10.3,0,10.63,11.03,97.2
1,1055,5275,,08/08/2019 02:20,39.29454174,10.3,0,10.66,10.95,97.2
1,1056,5280,,08/08/2019 02:25,38.88834893,10.29,0,10.59,11.16,97.2
1,1057,5285,,08/08/2019 02:30,38.48215612,10.26,0,10.62,11.02,97.3
1,1058,5290,,08/08/2019 02:35,38.0759633,10.24,0,10.61,11.01,97.2
1,1059,5295,,08/08/2019 02:40,37.66977049,10.22,0,10.6,10.96,97.2
1,1060,5300,,08/08/2019 02:45,37.26357768,10.21,0,10.59,11.06,97.2
1,1061,5305,,08/08/2019 02:50,36.85738487,10.19,0,10.61,10.9,97.2
1,1062,5310,,08/08/2019 02:55,36.45119206,10.17,0,10.58,11,97.2
1,1063,5315,,08/08/2019 03:00,36.04499925,10.14,0,10.56,11.07,97.2
1,1064,5320,,08/08/2019 03:05,35.75381974,10.12,0,10.6,10.83,97.2
1,1065,5325,,08/08/2019 03:10,35.46264023,10.1,0,10.58,10.87,97.2
1,1066,5330,,08/08/2019 03:15,35.17146071,10.06,0,10.58,10.82,97.2
1,1067,5335,,08/08/2019 03:20,34.8802812,10.05,0,10.58,10.8,97.2
1,1068,5340,,08/08/2019 03:25,34.58910169,10.02,0,10.57,10.83,97.2
1,1069,5345,,08/08/2019 03:30,34.29792218,10,0,10.57,10.78,97.2
1,1070,5350,,08/08/2019 03:35,34.00674267,9.97,0,10.59,10.71,97.2
1,1071,5355,,08/08/2019 03:40,33.71556316,9.95,0,10.61,10.59,97.3
1,1072,5360,,08/08/2019 03:45,33.42438365,9.92,0,10.58,10.75,97.2
1,1073,5365,,08/08/2019 03:50,33.13320414,9.9,0,10.55,10.82,97.2
1,1074,5370,,08/08/2019 03:55,32.84202463,9.88,0,10.49,11.07,97.2
1,1075,5375,,08/08/2019 04:00,32.55084512,9.87,0,10.54,10.85,97.2
1,1076,5380,,08/08/2019 04:05,32.31586899,9.86,5.29E-05,10.5,11.01,97.2
1,1077,5385,,08/08/2019 04:10,32.08089285,9.83,0.0002174,10.49,10.98,97.2
1,1078,5390,,08/08/2019 04:15,31.84591672,9.82,0.000585608,10.43,11.33,97.2
1,1079,5395,,08/08/2019 04:20,31.61094059,9.8,0.001068392,10.47,11.11,97.2
1,1080,5400,,08/08/2019 04:25,31.37596445,9.79,0.001505149,10.43,11.18,97.2
1,1081,5405,,08/08/2019 04:30,31.14098832,9.79,0.002126991,10.48,11.03,97.2
1,1082,5410,,08/08/2019 04:35,30.90601219,9.77,0.002889848,10.45,11.1,97.3
1,1083,5415,,08/08/2019 04:40,30.67103605,9.77,0.003720275,10.48,10.97,97.3
1,1084,5420,,08/08/2019 04:45,30.43605992,9.77,0.005042299,10.47,10.91,97.2
1,1085,5425,,08/08/2019 04:50,30.20108379,9.77,0.007396482,10.45,10.93,97.2
1,1086,5430,,08/08/2019 04:55,29.96610765,9.78,0.010350962,10.47,10.82,97.2
1,1087,5435,,08/08/2019 05:00,29.73113152,9.8,0.014610819,10.45,10.92,97.2
1,1088,5440,,08/08/2019 05:05,29.96181537,9.8,0.019340729,10.49,10.72,97.2
1,1089,5445,,08/08/2019 05:10,30.19249923,9.82,0.022278561,10.43,10.92,97.2
1,1090,5450,,08/08/2019 05:15,30.42318308,9.86,0.023796441,10.44,10.94,97.2
1,1091,5455,,08/08/2019 05:20,30.65386694,9.88,0.030504491,10.45,10.79,97.2
1,1092,5460,,08/08/2019 05:25,30.88455079,9.9,0.034548907,10.45,10.77,97.2
1,1093,5465,,08/08/2019 05:30,31.11523465,9.92,0.033481494,10.45,10.75,97.2
1,1094,5470,,08/08/2019 05:35,31.3459185,9.96,0.036252849,10.47,10.64,97.2
1,1095,5475,,08/08/2019 05:40,31.57660236,9.99,0.048914906,10.43,10.75,97.2
1,1096,5480,,08/08/2019 05:45,31.80728621,10.01,0.067384078,10.49,10.57,97.2
1,1097,5485,,08/08/2019 05:50,32.03797006,10.06,0.066492935,10.48,10.58,97.2
1,1098,5490,,08/08/2019 05:55,32.26865392,10.1,0.05305725,10.48,10.62,97.2
1,1099,5495,,08/08/2019 06:00,32.49933777,10.14,0.050364237,10.49,10.55,97.2
1,1100,5500,,08/08/2019 06:05,32.78406377,10.18,0.049003041,10.49,10.53,97.2
1,1101,5505,,08/08/2019 06:10,33.06878977,10.23,0.056083217,10.5,10.52,97.3
1,1102,5510,,08/08/2019 06:15,33.35351577,10.3,0.074141092,10.5,10.54,97.3
1,1103,5515,,08/08/2019 06:20,33.63824177,10.36,0.073112851,10.5,10.54,97.3
1,1104,5520,,08/08/2019 06:25,33.92296776,10.43,0.07844012,10.51,10.5,97.3
1,1105,5525,,08/08/2019 06:30,34.20769376,10.49,0.083238579,10.52,10.5,97.3
1,1106,5530,,08/08/2019 06:35,34.49241976,10.54,0.09704639,10.53,10.5,97.3
1,1107,5535,,08/08/2019 06:40,34.77714576,10.6,0.12564129,10.53,10.53,97.3
1,1108,5540,,08/08/2019 06:45,35.06187176,10.64,0.169317062,10.53,10.54,97.3
1,1109,5545,,08/08/2019 06:50,35.34659775,10.71,0.17852227,10.55,10.47,97.3
1,1110,5550,,08/08/2019 06:55,35.63132375,10.69,0.174115522,10.56,10.49,97.3
1,1111,5555,,08/08/2019 07:00,35.91604975,10.74,0.144345489,10.57,10.46,97.3
1,1112,5560,,08/08/2019 07:05,36.1968527,10.78,0.146499899,10.59,10.46,97.3
1,1113,5565,,08/08/2019 07:10,36.47765565,10.82,0.16422482,10.6,10.46,97.3
1,1114,5570,,08/08/2019 07:15,36.7584586,10.88,0.165889592,10.61,10.47,97.3
1,1115,5575,,08/08/2019 07:20,37.03926155,10.9,0.167652291,10.6,10.51,97.3
1,1116,5580,,08/08/2019 07:25,37.3200645,10.98,0.182047669,10.62,10.48,97.3
1,1117,5585,,08/08/2019 07:30,37.60086745,11,0.227779923,10.64,10.48,97.3
1,1118,5590,,08/08/2019 07:35,37.8816704,11.02,0.275862444,10.65,10.48,97.3
1,1119,5595,,08/08/2019 07:40,38.16247335,11.03,0.463785777,10.66,10.44,97.3
1,1120,5600,,08/08/2019 07:45,38.4432763,11.05,0.377609365,10.67,10.53,97.3
1,1121,5605,,08/08/2019 07:50,38.72407925,11.06,0.474166117,10.67,10.54,97.3
1,1122,5610,,08/08/2019 07:55,39.0048822,11.07,0.612048375,10.7,10.47,97.3
1,1123,5615,,08/08/2019 08:00,39.28568515,11.07,0.443220951,10.72,10.53,97.3
1,1124,5620,,08/08/2019 08:05,39.56655044,11.09,0.308570309,10.73,10.47,97.3
1,1125,5625,,08/08/2019 08:10,39.84741572,11.08,0.564455493,10.74,10.52,97.3
1,1126,5630,,08/08/2019 08:15,40.12828101,11.11,0.628794019,10.76,10.5,97.3
1,1127,5635,,08/08/2019 08:20,40.4091463,11.12,0.457028763,10.76,10.63,97.3
1,1128,5640,,08/08/2019 08:25,40.69001159,11.15,0.528026374,10.75,10.57,97.3
1,1129,5645,,08/08/2019 08:30,40.97087688,11.16,0.681283287,10.79,10.55,97.3
1,1130,5650,,08/08/2019 08:35,41.25174217,11.18,0.73230364,10.78,10.66,97.3
1,1131,5655,,08/08/2019 08:40,41.53260745,11.2,0.728092747,10.81,10.63,97.3
1,1132,5660,,08/08/2019 08:45,41.81347274,11.21,0.690488495,10.83,10.65,97.3
1,1133,5665,,08/08/2019 08:50,42.09433803,11.22,0.543988596,10.83,10.63,97.3
1,1134,5670,,08/08/2019 08:55,42.37520332,11.22,0.560636312,10.88,10.66,97.3
1,1135,5675,,08/08/2019 09:00,42.65606861,11.23,0.343432584,10.85,10.75,97.3
1,1136,5680,,08/08/2019 09:05,42.80739463,11.13,0.639663998,10.89,10.71,97.3
1,1137,5685,,08/08/2019 09:10,42.95872065,11.11,0.762367456,10.89,10.74,97.3
1,1138,5690,,08/08/2019 09:15,43.11004668,11.12,0.691663628,10.92,10.59,97.3
1,1139,5695,,08/08/2019 09:20,43.2613727,11.15,0.886246047,10.92,10.64,97.3
1,1140,5700,,08/08/2019 09:25,43.41269872,11.14,0.874494718,10.91,10.75,97.3
1,1141,5705,,08/08/2019 09:30,43.56402475,11.14,0.785380475,10.94,10.78,97.3
1,1142,5710,,08/08/2019 09:35,43.71535077,11.14,0.370166857,10.97,10.73,97.3
1,1143,5715,,08/08/2019 09:40,43.86667679,11.15,0.35185437,10.97,10.72,97.3
1,1144,5720,,08/08/2019 09:45,44.01800282,11.17,0.290649532,11,10.73,97.3
1,1145,5725,,08/08/2019 09:50,44.16932884,11.15,0.270672273,11,10.62,97.3
1,1146,5730,,08/08/2019 09:55,44.32065486,11.16,0.298385824,11,10.68,97.3
1,1147,5735,,08/08/2019 10:00,44.47198088,11.15,0.352931575,11.05,10.53,97.3
1,1148,5740,,08/08/2019 10:05,44.5119122,11.15,0.355183913,11.04,10.71,97.3
1,1149,5745,,08/08/2019 10:10,44.55184351,11.12,0.917582924,11.04,10.71,97.3
1,1150,5750,,08/08/2019 10:15,44.59177482,11.12,0.927375698,11.04,10.71,97.2
1,1151,5755,,08/08/2019 10:20,44.63170614,11.09,0.354204636,11.04,10.71,97.2
