reach,date_time,Qi,Q,Ci,PAR,Cs,Cobs,PAR_umol
1,04/08/2019 10:25,54.26995446,43.14849112,11.07,1.153588777,10.79670786,11.21,1178
1,04/08/2019 10:30,54.31498516,43.59611614,10.67,1.167298661,10.72257678,11.19,1192
1,04/08/2019 10:35,54.34395539,44.04129546,11.12,1.181987822,10.73745924,11.2,1207
1,04/08/2019 10:40,54.36324024,44.48350736,11.13,1.196676983,10.71392208,11.22,1222
1,04/08/2019 10:45,54.37668788,44.92245059,11.13,1.211366144,10.69821438,11.2,1237
1,04/08/2019 10:50,54.38661387,45.36136349,11.12,1.22409675,10.69776457,11.23,1250
1,04/08/2019 10:55,54.39441619,45.81086196,11.13,1.235848079,10.72459689,11.25,1262
1,04/08/2019 11:00,54.40093869,46.25604856,11.13,1.24662013,10.68631376,11.24,1273
1,04/08/2019 11:05,54.40669236,46.69697477,11.14,1.260330014,10.67338387,11.24,1287
1,04/08/2019 11:10,54.41198197,47.12670118,11.14,1.272081343,10.68780905,11.28,1299
1,04/08/2019 11:15,54.41765217,47.54127788,11.11,1.284811949,10.66717198,11.27,1312
1,04/08/2019 11:20,54.423555,47.93860099,11.11,1.296563278,10.66434886,11.27,1324
1,04/08/2019 11:25,54.42959391,48.31770475,11.12,1.308314606,10.65133908,11.31,1336
1,04/08/2019 11:30,54.43571837,48.67831102,11.13,1.31810738,10.61823169,11.27,1346
1,04/08/2019 11:35,54.44189324,49.02056869,11.11,1.327900154,10.62273131,11.3,1356
1,04/08/2019 11:40,54.44809723,49.34488898,11.11,1.338672206,10.62509133,11.32,1367
1,04/08/2019 11:45,54.45431999,49.65181856,11.11,1.34846498,10.59736942,11.31,1377
1,04/08/2019 11:50,54.46055355,49.94200365,11.1,1.358257754,10.58696642,11.33,1387
1,04/08/2019 11:55,54.46679335,50.21613317,11.12,1.36707125,10.5741322,11.31,1396
1,04/08/2019 12:00,54.47303749,50.47491656,11.09,1.375884747,10.55963468,11.31,1405
1,04/08/2019 12:05,54.47928292,50.71935969,11.11,1.380781134,10.55897277,11.33,1410
1,04/08/2019 12:10,54.485531,50.94998044,11.09,1.385677521,10.54608526,11.33,1415
1,04/08/2019 12:15,54.44635963,51.16742298,11.09,1.390573908,10.51395496,11.34,1420
1,04/08/2019 12:20,54.37984526,51.37236925,11.08,1.396449572,10.50181287,11.33,1426
1,04/08/2019 12:25,54.29687618,51.56548173,11.11,1.403304514,10.50401854,11.34,1433
1,04/08/2019 12:30,54.20400988,51.74739189,11.09,1.408200901,10.48199953,11.33,1438
1,04/08/2019 12:35,54.10518844,51.91870578,11.09,1.417014398,10.48881906,11.35,1447
1,04/08/2019 12:40,54.00278116,52.08000528,11.09,1.432682836,10.44443046,11.34,1463
1,04/08/2019 12:45,53.89821863,52.23185288,11.09,1.420931507,10.46544312,11.36,1451
1,04/08/2019 12:50,53.79235639,52.37477225,11.07,1.430724281,10.46522368,11.37,1461
1,04/08/2019 12:55,53.68571168,52.50927617,11.08,1.425827894,10.40948642,11.33,1456
1,04/08/2019 13:00,53.57859617,52.63584485,11.1,1.453247662,10.40015724,11.31,1484
1,04/08/2019 13:05,53.47119556,52.75202231,11.08,1.236827356,10.39061962,11.33,1263
1,04/08/2019 13:10,53.36362445,52.85666631,11.06,0.945002691,10.36685523,11.33,965
1,04/08/2019 13:15,53.25085008,52.949393,11.07,1.508087196,10.35221858,11.32,1540
1,04/08/2019 13:20,53.13493597,53.03028204,11.06,1.335734374,10.35899219,11.34,1364
1,04/08/2019 13:25,53.01712778,53.09966538,11.04,1.283832671,10.34716644,11.33,1311
1,04/08/2019 13:30,52.89817113,53.15801961,11.04,1.458144049,10.2995617,11.31,1489
1,04/08/2019 13:35,52.77852668,53.20588675,11.03,1.354340644,10.2927451,11.32,1383
1,04/08/2019 13:40,52.65846498,53.24383884,11.03,0.653080098,10.28105046,11.32,666.9
1,04/08/2019 13:45,52.53815228,53.27244859,11.04,1.51396286,10.26885162,11.32,1546
1,04/08/2019 13:50,52.41768463,53.29227782,11.05,1.39351174,10.25920951,11.33,1423
1,04/08/2019 13:55,52.29712555,53.30386709,11.02,0.845116396,10.24094305,11.32,863
1,04/08/2019 14:00,52.17651084,53.30773772,11.03,0.852950615,10.22493887,11.32,871
1,04/08/2019 14:05,52.05586407,53.30405145,11.02,1.304397497,10.2131704,11.33,1332
1,04/08/2019 14:10,51.93519644,53.2930945,11.02,1.379801857,10.20174479,11.33,1409
1,04/08/2019 14:15,51.78636234,53.27521999,11.03,1.392532463,10.17396041,11.32,1422
1,04/08/2019 14:20,51.62045184,53.25080533,11.01,1.304397497,10.16177507,11.32,1332
1,04/08/2019 14:25,51.44418697,53.22023686,11.02,1.309293884,10.15512647,11.32,1337
1,04/08/2019 14:30,51.26164163,53.18389651,11.02,1.302438942,10.13460272,11.33,1330
1,04/08/2019 14:35,51.07528526,53.14214751,11,1.168277938,10.1338649,11.34,1193
1,04/08/2019 14:40,50.88661428,53.09534505,11.02,1.163381551,10.11775298,11.32,1188
1,04/08/2019 14:45,50.69654019,53.04381673,11.02,1.023344883,10.0997333,11.32,1045
1,04/08/2019 14:50,50.50561256,52.98787669,11.03,0.868619054,10.08843506,11.32,887
1,04/08/2019 14:55,50.31416868,52.92781799,11.02,0.891142434,10.08166886,11.32,910
1,04/08/2019 15:00,50.12240741,52.86391723,11.02,0.62830438,10.07674215,11.33,641.6
1,04/08/2019 15:05,49.93045735,52.79462211,11.03,0.638782648,10.07040513,11.33,652.3
1,04/08/2019 15:10,49.73839135,52.71920148,11.03,0.68764859,10.06355813,11.32,702.2
1,04/08/2019 15:15,49.55530154,52.63740652,11.02,0.718985467,10.04399685,11.33,734.2
1,04/08/2019 15:20,49.37769363,52.54926693,11.02,0.636138599,10.03983216,11.33,649.6
1,04/08/2019 15:25,49.20343771,52.45497246,11.02,0.596771648,10.03312964,11.32,609.4
1,04/08/2019 15:30,49.03123598,52.35479832,11.02,0.63741166,10.02145064,11.32,650.9
1,04/08/2019 15:35,48.86028955,52.24905651,11.02,0.600884613,10.01626554,11.33,613.6
1,04/08/2019 15:40,48.69011679,52.13807624,11.02,0.630165007,10.0029184,11.33,643.5
1,04/08/2019 15:45,48.52041563,52.02218664,11.02,0.629969151,9.998582081,11.33,643.3
1,04/08/2019 15:50,48.35100684,51.90170687,11.03,0.757177286,9.996359767,11.34,773.2
1,04/08/2019 15:55,48.18177677,51.77694304,11.02,0.665516921,9.980852972,11.32,679.6
1,04/08/2019 16:00,48.012661,51.64818452,11.02,0.584432752,9.97884547,11.33,596.8
1,04/08/2019 16:05,47.8436128,51.51627351,11.01,0.38563944,9.969489226,11.33,393.8
1,04/08/2019 16:10,47.67460888,51.38177876,11.01,0.348035188,9.953956022,11.32,355.4
1,04/08/2019 16:15,47.69454048,51.24508583,11.01,0.333248099,9.96014856,11.33,340.3
1,04/08/2019 16:20,47.83129937,51.10647916,11.02,0.322965687,9.948933348,11.33,329.8
1,04/08/2019 16:25,48.04049808,50.96617049,11,0.316404528,9.946530296,11.33,323.1
1,04/08/2019 16:30,48.29466738,50.82432296,11.03,0.3163066,9.944022503,11.33,323
1,04/08/2019 16:35,48.57675943,50.68107961,11.01,0.321790554,9.926373899,11.31,328.6
1,04/08/2019 16:40,48.87618177,50.53655839,11,0.309157875,9.912937057,11.32,315.7
1,04/08/2019 16:45,49.18635074,50.40131678,10.99,0.294860425,9.927836862,11.34,301.1
1,04/08/2019 16:50,49.50317085,50.26428402,10.99,0.288299267,9.909931245,11.33,294.4
1,04/08/2019 16:55,49.82410369,50.1255916,10.98,0.273120467,9.913881397,11.36,278.9
1,04/08/2019 17:00,50.14757234,49.98535732,10.99,0.261075355,9.89799683,11.34,266.6
1,04/08/2019 17:05,50.47260224,49.84369416,10.97,0.249324026,9.906198402,11.36,254.6
1,04/08/2019 17:10,50.79858934,49.71224053,10.97,0.235320359,9.906301904,11.36,240.3
1,04/08/2019 17:15,51.41836414,49.5974331,10.96,0.221316692,9.89115227,11.35,226
1,04/08/2019 17:20,52.2198227,49.50256837,10.96,0.212796979,9.8971667,11.37,217.3
1,04/08/2019 17:25,53.133762,49.42907878,10.97,0.204864832,9.896964631,11.36,209.2
1,04/08/2019 17:30,54.11721278,49.37727848,10.95,0.197814035,9.899038422,11.37,202
1,04/08/2019 17:35,55.14344931,49.34684462,10.97,0.212992835,9.894270399,11.37,217.5
1,04/08/2019 17:40,56.19587746,49.33710049,10.97,0.246875833,9.907555906,11.38,252.1
1,04/08/2019 17:45,57.26421246,49.34718254,10.95,0.192232154,9.901016281,11.36,196.3
1,04/08/2019 17:50,58.34210207,49.37614629,10.97,0.212209413,9.909019399,11.39,216.7
1,04/08/2019 17:55,59.42564744,49.42302896,10.96,0.161286988,9.893450881,11.37,164.7
1,04/08/2019 18:00,60.51246303,49.48687646,10.99,0.153061058,9.904246089,11.38,156.3
1,04/08/2019 18:05,61.60109789,49.56676832,10.98,0.148556382,9.917240139,11.42,151.7
1,04/08/2019 18:10,62.69068203,49.67972697,10.99,0.147185393,9.903937472,11.38,150.3
1,04/08/2019 18:15,63.7619838,49.83504296,10.97,0.143953778,9.914853608,11.4,147
1,04/08/2019 18:20,64.82226105,50.0373589,10.97,0.149437731,9.895529218,11.36,152.6
1,04/08/2019 18:25,65.8758645,50.28853909,10.97,0.142876573,9.906223378,11.38,145.9
1,04/08/2019 18:30,66.92540614,50.60450168,10.94,0.174409305,9.906120802,11.38,178.1
1,04/08/2019 18:35,67.97244679,51.01898101,10.97,0.204668977,9.908096967,11.38,209
1,04/08/2019 18:40,69.01791011,51.47804731,10.99,0.165497881,9.908201483,11.38,169
1,04/08/2019 18:45,70.06234898,51.98019211,11.01,0.222785609,9.913082979,11.38,227.5
1,04/08/2019 18:50,71.10608913,52.52386154,11.05,0.137196764,9.912986082,11.36,140.1
1,04/08/2019 18:55,72.14933099,53.10749984,11.05,0.135727848,9.902583893,11.35,138.6
1,04/08/2019 19:00,73.192191,53.72958397,11.07,0.121234542,9.90289815,11.33,123.8
1,04/08/2019 19:05,74.23474372,54.38738477,11.08,0.114085817,9.920986871,11.36,116.5
1,04/08/2019 19:10,75.27702441,55.07874515,11.1,0.107230875,9.929847777,11.37,109.5
1,04/08/2019 19:15,75.87021216,55.80186661,11.09,0.102334488,9.926086248,11.35,104.5
1,04/08/2019 19:20,76.20858579,56.55517466,11.14,0.095479547,9.930672092,11.36,97.5
1,04/08/2019 19:25,76.40323648,57.36714987,11.15,0.08970181,9.935675051,11.37,91.6
1,04/08/2019 19:30,76.51708585,58.24777781,11.16,0.083924073,9.935577911,11.35,85.7
1,04/08/2019 19:35,76.58559714,59.15125176,11.2,0.078635975,9.92752955,11.34,80.3
1,04/08/2019 19:40,76.62869576,60.07645744,11.21,0.07417047,9.947695016,11.34,75.74
1,04/08/2019 19:45,76.65755484,61.02230313,11.22,0.069381804,9.947079167,11.34,70.85
1,04/08/2019 19:50,76.67844659,61.98769716,11.22,0.063535518,9.94519405,11.32,64.88
1,04/08/2019 19:55,76.69487259,62.97157988,11.28,0.057992808,9.95650409,11.33,59.22
1,04/08/2019 20:00,76.70880063,63.93900046,11.3,0.052254242,9.972259374,11.32,53.36
1,04/08/2019 20:05,76.7213327,64.87073839,11.3,0.046554848,9.952724729,11.31,47.54
1,04/08/2019 20:10,76.73307578,65.76158504,11.32,0.041364677,9.968880649,11.3,42.24
1,04/08/2019 20:15,76.73862121,66.60244379,11.32,0.036370363,9.958483652,11.25,37.14
1,04/08/2019 20:20,76.74069903,67.38932494,11.34,0.031072472,10.00302947,11.31,31.73
1,04/08/2019 20:25,76.74083227,68.12359701,11.36,0.025676653,9.981692349,11.28,26.22
1,04/08/2019 20:30,76.73987827,68.80726357,11.35,0.02072151,9.99096046,11.29,21.16
1,04/08/2019 20:35,76.73831869,69.4426631,11.35,0.01627559,9.999736143,11.27,16.62
1,04/08/2019 20:40,76.73641654,70.03231793,11.35,0.012358481,10.02037814,11.27,12.62
1,04/08/2019 20:45,76.73432582,70.57882168,11.35,0.008989767,10.02971416,11.27,9.18
1,04/08/2019 20:50,76.73212622,71.08476458,11.34,0.006345718,10.02758968,11.26,6.48
1,04/08/2019 20:55,76.72986829,71.55222805,11.33,0.004448857,10.0233396,11.25,4.543
1,04/08/2019 21:00,76.72757872,71.98346065,11.34,0.00314348,10.03704512,11.25,3.21
1,04/08/2019 21:05,76.72526855,72.38076389,11.34,0.00215539,10.03898159,11.21,2.201
1,04/08/2019 21:10,76.72294787,72.74641793,11.33,0.001405263,10.06403549,11.27,1.435
1,04/08/2019 21:15,76.70792361,73.08260997,11.34,0.000864702,10.04673443,11.21,0.883
1,04/08/2019 21:20,76.68579229,73.39145612,11.32,0.000520976,10.05784373,11.19,0.532
1,04/08/2019 21:25,76.65968449,73.6749662,11.32,0.000308472,10.07388225,11.2,0.315
1,04/08/2019 21:30,76.63135671,73.93504326,11.3,0.000196835,10.0764514,11.18,0.201
1,04/08/2019 21:35,76.60177906,74.17347357,11.29,0.000139057,10.081066,11.16,0.142
1,04/08/2019 21:40,76.57150428,74.39192483,11.28,0.0001087,10.12693573,11.21,0.111
1,04/08/2019 21:45,76.54084021,74.59196824,11.26,8.72E-05,10.11849162,11.17,0.089
1,04/08/2019 21:50,76.5099589,74.77504739,11.25,6.76E-05,10.11138296,11.15,0.069
1,04/08/2019 21:55,76.47895372,74.94142753,11.23,5.58E-05,10.12293626,11.14,0.057
1,04/08/2019 22:00,76.44787883,75.09184503,11.21,5.68E-05,10.15470213,11.16,0.058
1,04/08/2019 22:05,76.41677165,75.22725566,11.21,4.70E-05,10.15232058,11.14,0.048
1,04/08/2019 22:10,76.38564207,75.3486965,11.18,4.02E-05,10.14819189,11.09,0.041
1,04/08/2019 22:15,76.11398735,75.45721264,11.18,3.62E-05,10.13917996,11.09,0.037
1,04/08/2019 22:20,75.70806053,75.55382046,11.17,4.31E-05,10.15265236,11.08,0.044
1,04/08/2019 22:25,75.2272805,75.63947817,11.16,4.21E-05,10.16210408,11.09,0.043
1,04/08/2019 22:30,74.70477501,75.71508911,11.15,3.92E-05,10.18304662,11.06,0.04
1,04/08/2019 22:35,74.15900102,75.78149159,11.16,4.21E-05,10.22965359,11.11,0.043
1,04/08/2019 22:40,73.60023837,75.83945949,11.14,4.21E-05,10.19756885,11.07,0.043
1,04/08/2019 22:45,73.03422995,75.88971016,11.13,4.21E-05,10.20657135,11.07,0.043
1,04/08/2019 22:50,72.46417388,75.93289848,11.14,4.41E-05,10.23187197,11.08,0.045
1,04/08/2019 22:55,71.89186153,75.94867103,11.14,4.21E-05,10.24114809,11.06,0.043
1,04/08/2019 23:00,71.31829463,75.92771343,11.14,4.02E-05,10.25243646,11.06,0.041
1,04/08/2019 23:05,70.74403787,75.86672736,11.13,4.11E-05,10.22212112,10.97,0.042
1,04/08/2019 23:10,70.1694089,75.76564526,11.13,3.62E-05,10.25456089,11.02,0.037
1,04/08/2019 23:15,68.21061062,75.62606448,11.13,3.62E-05,10.24727704,11,0.037
1,04/08/2019 23:20,65.48402382,75.45037098,11.13,3.72E-05,10.2544652,10.98,0.038
1,04/08/2019 23:25,62.33669752,75.24127209,11.12,3.92E-05,10.27351063,11.01,0.04
1,04/08/2019 23:30,58.9611942,75.00153162,11.13,3.62E-05,10.29411786,11,0.037
1,04/08/2019 23:35,55.46419881,74.73383617,11.11,3.82E-05,10.28742571,10.98,0.039
1,04/08/2019 23:40,51.90529972,74.44072804,11.09,3.82E-05,10.28722334,10.94,0.039
1,04/08/2019 23:45,48.31841732,74.12456946,11.09,3.92E-05,10.30147418,10.97,0.04
1,04/08/2019 23:50,44.72356558,73.78754116,11.09,3.82E-05,10.28786891,10.92,0.039
1,04/08/2019 23:55,41.1333076,73.31449055,11.06,3.82E-05,10.29276211,10.91,0.039
1,05/08/2019 00:00,37.55638279,72.65456048,11.06,3.82E-05,10.30234488,10.91,0.039
1,05/08/2019 00:05,33.99978477,71.79257092,11.05,3.72E-05,10.32123418,10.91,0.038
1,05/08/2019 00:10,30.47007198,70.73250785,11.03,3.72E-05,10.3375079,10.91,0.038
1,05/08/2019 00:15,28.13868694,69.48815796,11.02,4.11E-05,10.34727601,10.9,0.042
1,05/08/2019 00:20,26.54457689,68.07785831,10.99,3.82E-05,10.34267172,10.86,0.039
1,05/08/2019 00:25,25.41951884,66.5215772,11,3.82E-05,10.34052802,10.85,0.039
1,05/08/2019 00:30,24.60020199,64.9184235,10.99,3.92E-05,10.35728184,10.86,0.04
1,05/08/2019 00:35,23.9837121,63.39019349,10.98,4.02E-05,10.36449336,10.86,0.041
1,05/08/2019 00:40,23.50350754,61.74091786,10.96,3.72E-05,10.37409154,10.84,0.038
1,05/08/2019 00:45,23.11573722,59.98969707,10.97,3.82E-05,10.4121869,10.87,0.039
1,05/08/2019 00:50,22.79109401,58.1543567,10.95,4.21E-05,10.40503403,10.83,0.043
1,05/08/2019 00:55,22.50978671,56.35369809,10.93,4.02E-05,10.40297359,10.82,0.041
1,05/08/2019 01:00,22.25834974,54.61942412,10.93,3.82E-05,10.43188328,10.82,0.039
1,05/08/2019 01:05,22.02756622,52.89179174,10.9,3.72E-05,10.41534881,10.8,0.038
1,05/08/2019 01:10,21.81110185,51.21872423,10.9,3.43E-05,10.4249172,10.8,0.035
1,05/08/2019 01:15,21.62563659,49.66372179,10.88,3.43E-05,10.43418722,10.78,0.035
1,05/08/2019 01:20,21.46175586,48.20231944,10.87,3.33E-05,10.46806603,10.81,0.034
1,05/08/2019 01:25,21.31294175,46.81462424,10.86,3.62E-05,10.47268032,10.79,0.037
1,05/08/2019 01:30,21.17466106,45.50450797,10.85,3.92E-05,10.47027062,10.78,0.04
1,05/08/2019 01:35,21.04375488,44.29804799,10.82,3.62E-05,10.5018287,10.79,0.037
1,05/08/2019 01:40,20.91802357,43.15809485,10.82,3.33E-05,10.50172489,10.77,0.034
1,05/08/2019 01:45,20.79592463,42.08295151,10.79,3.13E-05,10.4800519,10.73,0.032
1,05/08/2019 01:50,20.67637706,41.06956355,10.77,2.84E-05,10.49677233,10.75,0.029
1,05/08/2019 01:55,20.55862516,40.12709754,10.76,2.94E-05,10.5114467,10.74,0.03
1,05/08/2019 02:00,20.44213969,39.23749635,10.73,3.33E-05,10.50869157,10.74,0.034
1,05/08/2019 02:05,20.32654705,38.39599234,10.71,2.84E-05,10.52815462,10.73,0.029
1,05/08/2019 02:10,20.21158439,37.59929457,10.69,3.23E-05,10.55212545,10.77,0.033
1,05/08/2019 02:15,20.12815328,36.85139201,10.66,2.55E-05,10.52074674,10.71,0.026
1,05/08/2019 02:20,20.06701358,36.14393449,10.61,2.64E-05,10.53758671,10.72,0.027
1,05/08/2019 02:25,20.02166144,35.47199899,10.58,3.04E-05,10.48898303,10.69,0.031
1,05/08/2019 02:30,19.98750563,34.83366762,10.57,2.84E-05,10.47898496,10.68,0.029
1,05/08/2019 02:35,19.96129779,34.22692228,10.52,3.04E-05,10.49075945,10.67,0.031
1,05/08/2019 02:40,19.94073566,33.65581626,10.48,3.23E-05,10.46166821,10.65,0.033
1,05/08/2019 02:45,19.92418611,33.11157329,10.43,3.04E-05,10.53672976,10.67,0.031
1,05/08/2019 02:50,19.91048922,32.59249214,10.4,2.94E-05,10.56351587,10.71,0.03
1,05/08/2019 02:55,19.89882126,32.09693374,10.37,3.13E-05,10.50487834,10.65,0.032
1,05/08/2019 03:00,19.88859645,31.62335157,10.34,3.53E-05,10.45118453,10.61,0.036
1,05/08/2019 03:05,19.87939867,31.17520823,10.29,2.74E-05,10.53574689,10.68,0.028
1,05/08/2019 03:10,19.87093084,30.74584156,10.26,3.13E-05,10.4768324,10.63,0.032
1,05/08/2019 03:15,19.84949816,30.33404536,10.25,3.72E-05,10.43297652,10.58,0.038
1,05/08/2019 03:20,19.81884503,29.93869218,10.2,3.23E-05,10.43963449,10.59,0.033
1,05/08/2019 03:25,19.78163698,29.55873628,10.15,3.33E-05,10.46577566,10.61,0.034
1,05/08/2019 03:30,19.73976921,29.19616917,10.15,3.43E-05,10.47982986,10.62,0.035
1,05/08/2019 03:35,19.69459172,28.84842744,10.12,4.11E-05,10.45122609,10.57,0.042
1,05/08/2019 03:40,19.64706062,28.51429946,10.09,5.19E-05,10.50881649,10.58,0.053
1,05/08/2019 03:45,19.597857,28.19378458,10.08,6.66E-05,10.45769553,10.56,0.068
1,05/08/2019 03:50,19.54746441,27.88663951,10.05,9.30E-05,10.41885438,10.54,0.095
1,05/08/2019 03:55,19.49622617,27.59247405,10.03,0.000130244,10.46636375,10.56,0.133
1,05/08/2019 04:00,19.44438536,27.31129286,10.01,0.000200752,10.49032237,10.56,0.205
1,05/08/2019 04:05,19.39211695,27.04232116,9.98,0.000307493,10.49010165,10.57,0.314
1,05/08/2019 04:10,19.3395437,26.78459297,9.97,0.000480825,10.48757426,10.56,0.491
1,05/08/2019 04:15,19.76563786,26.53761312,9.95,0.000816717,10.46331217,10.53,0.834
1,05/08/2019 04:20,20.54132245,26.3008805,9.92,0.001255434,10.46572308,10.53,1.282
1,05/08/2019 04:25,21.57611078,26.07390234,9.91,0.001740176,10.48757712,10.55,1.777
1,05/08/2019 04:30,22.80356146,25.85620209,9.89,0.002293468,10.48494522,10.53,2.342
1,05/08/2019 04:35,24.1734434,25.64740818,9.86,0.003175797,10.51130022,10.54,3.243
1,05/08/2019 04:40,25.64729024,25.44718868,9.85,0.004386183,10.50643902,10.54,4.479
1,05/08/2019 04:45,27.19562895,25.2548967,9.83,0.005414425,10.56714165,10.58,5.529
1,05/08/2019 04:50,28.79607874,25.06968212,9.83,0.006742325,10.52092197,10.55,6.885
1,05/08/2019 04:55,30.43188264,24.89087773,9.81,0.008588263,10.52569103,10.53,8.77
1,05/08/2019 05:00,32.09073146,24.71794178,9.8,0.011046249,10.57440472,10.56,11.28
1,05/08/2019 05:05,33.76376318,24.55043153,9.8,0.012280139,10.56970933,10.56,12.54
1,05/08/2019 05:10,35.44475359,24.38797391,9.78,0.01383719,10.552336,10.54,14.13
1,05/08/2019 05:15,37.03436351,24.23024897,9.77,0.01634414,10.56192239,10.53,16.69
1,05/08/2019 05:20,38.5599666,24.07782807,9.78,0.019810782,10.61576586,10.57,20.23
1,05/08/2019 05:25,40.04109288,23.93038591,9.78,0.021622445,10.63569844,10.58,22.08
1,05/08/2019 05:30,41.49144859,23.78688544,9.76,0.026185878,10.62848122,10.57,26.74
1,05/08/2019 05:35,42.92053217,23.64711911,9.78,0.026391526,10.63581811,10.55,26.95
1,05/08/2019 05:40,44.33487406,23.51089867,9.78,0.028820134,10.63073812,10.57,29.43
1,05/08/2019 05:45,45.73891154,23.37805113,9.79,0.03367735,10.63818982,10.55,34.39
1,05/08/2019 05:50,47.13565343,23.24841868,9.82,0.038113476,10.70034454,10.62,38.92
1,05/08/2019 05:55,48.52713722,23.1371172,9.85,0.042735666,10.68694412,10.58,43.64
1,05/08/2019 06:00,49.91473634,23.05445954,9.88,0.051872324,10.70983606,10.61,52.97
1,05/08/2019 06:05,51.29937986,23.00749743,9.92,0.057532547,10.71770774,10.62,58.75
1,05/08/2019 06:10,52.6817019,23.00102553,9.98,0.064475624,10.73545148,10.63,65.84
1,05/08/2019 06:15,53.60730537,23.03825407,10.06,0.075639386,10.73063269,10.62,77.24
1,05/08/2019 06:20,54.25011052,23.12128623,10.15,0.083238579,10.74038622,10.64,85
1,05/08/2019 06:25,54.71958583,23.25146429,10.26,0.092345859,10.73281717,10.63,94.3
1,05/08/2019 06:30,55.08350323,23.42962705,10.36,0.099690439,10.74774321,10.64,101.8
1,05/08/2019 06:35,55.38339696,23.65629561,10.44,0.11134384,10.75268102,10.66,113.7
1,05/08/2019 06:40,55.6445704,23.9318171,10.5,0.125445435,10.78089932,10.69,128.1
1,05/08/2019 06:45,55.882369,24.27411512,10.57,0.139644957,10.75026276,10.66,142.6
1,05/08/2019 06:50,56.10607967,24.70131747,10.64,0.150025298,10.77570227,10.71,153.2
1,05/08/2019 06:55,56.32130701,25.17256182,10.73,0.157076095,10.76555343,10.71,160.4
1,05/08/2019 07:00,56.53143038,25.68667279,10.81,0.168533641,10.77326799,10.73,172.1
1,05/08/2019 07:05,56.73848561,26.2921712,10.89,0.175094799,10.77801019,10.74,178.8
1,05/08/2019 07:10,56.94370006,26.94082903,10.94,0.191840443,10.79547132,10.77,195.9
1,05/08/2019 07:15,57.07214785,27.64497805,10.99,0.209565364,10.82343247,10.81,214
1,05/08/2019 07:20,57.15463922,28.4298042,11.01,0.220827054,10.78760163,10.8,225.5
1,05/08/2019 07:25,57.20965834,29.25704855,11.05,0.223960741,10.78438656,10.81,228.7
1,05/08/2019 07:30,57.24827158,30.17142475,11.07,0.234732793,10.79434672,10.8,239.7
1,05/08/2019 07:35,57.27708933,31.12166157,11.09,0.275176949,10.79112126,10.83,281
1,05/08/2019 07:40,57.30006376,32.09238671,11.12,0.305338693,10.79011249,10.84,311.8
1,05/08/2019 07:45,57.31955194,33.07453611,11.12,0.350287526,10.80295462,10.87,357.7
1,05/08/2019 07:50,57.33695987,34.05186969,11.15,0.328743423,10.79463337,10.88,335.7
1,05/08/2019 07:55,57.35313173,35.02905205,11.15,0.380351342,10.78908548,10.91,388.4
1,05/08/2019 08:00,57.36856063,35.99783939,11.16,0.419816221,10.80658952,10.92,428.7
1,05/08/2019 08:05,57.3835478,36.95344749,11.19,0.354400491,10.80347634,10.93,361.9
1,05/08/2019 08:10,57.3982716,37.90002164,11.2,0.392984021,10.79780653,10.96,401.3
1,05/08/2019 08:15,57.51648912,38.83471734,11.21,0.349602032,10.80467304,10.97,357
1,05/08/2019 08:20,57.69651936,39.74808999,11.22,0.364878759,10.80144847,10.98,372.6
1,05/08/2019 08:25,57.9134967,40.63676416,11.23,0.518723239,10.84160204,11.01,529.7
1,05/08/2019 08:30,58.15256551,41.49972871,11.23,0.755904225,10.79965022,11.01,771.9
1,05/08/2019 08:35,58.40482904,42.3344034,11.26,0.454482641,10.82462648,11.07,464.1
1,05/08/2019 08:40,58.66497408,43.13921955,11.22,0.505600922,10.79376162,11.03,516.3
1,05/08/2019 08:45,58.92982063,43.9137053,11.26,0.531355917,10.79120348,11.06,542.6
1,05/08/2019 08:50,59.19746769,44.65764258,11.26,0.392494382,10.76302219,11.06,400.8
1,05/08/2019 08:55,59.46678185,45.37113601,11.4,0.398174191,10.79839226,11.09,406.6
1,05/08/2019 09:00,59.73708657,46.05496287,11.39,0.405420844,10.79528459,11.09,414
1,05/08/2019 09:05,60.00797662,46.70866897,11.42,0.565924409,10.78464558,11.1,577.9
1,05/08/2019 09:10,60.27921307,47.33878488,11.39,0.523815481,10.77447134,11.11,534.9
1,05/08/2019 09:15,60.45624609,47.94937423,11.39,0.403462289,10.75418071,11.1,412
1,05/08/2019 09:20,60.57750374,48.54301689,11.39,0.39386537,10.77412719,11.14,402.2
1,05/08/2019 09:25,60.66579622,49.12139309,11.39,0.452426159,10.77589436,11.12,462
1,05/08/2019 09:30,60.73462466,49.68564705,11.43,0.616553051,10.76990735,11.16,629.6
1,05/08/2019 09:35,60.79196835,50.23660334,11.4,0.370656496,10.77144066,11.16,378.5
1,05/08/2019 09:40,60.84254246,50.78302948,11.41,0.608620904,10.75809953,11.12,621.5
1,05/08/2019 09:45,60.88912383,51.32565433,11.41,0.751007838,10.7812675,11.18,766.9
1,05/08/2019 09:50,60.93335123,51.85590931,11.4,0.833365067,10.78855204,11.24,851
1,05/08/2019 09:55,60.97619213,52.37420547,11.4,0.49179311,10.7836866,11.23,502.2
1,05/08/2019 10:00,61.01821573,52.8809484,11.41,0.498843908,10.76314253,11.21,509.4
1,05/08/2019 10:05,61.05975876,53.37041885,11.4,0.486798796,10.76280058,11.23,497.1
1,05/08/2019 10:10,61.10101533,53.83962958,11.38,0.45800804,10.7877685,11.24,467.7
1,05/08/2019 10:15,61.13812882,54.28723362,11.37,0.459476956,10.76940341,11.25,469.2
1,05/08/2019 10:20,61.17280001,54.71286923,11.39,0.47837701,10.74659902,11.22,488.5
1,05/08/2019 10:25,61.20603399,55.1167518,11.4,0.494633015,10.72560448,11.24,505.1
1,05/08/2019 10:30,61.23842065,55.49944727,11.37,0.475537105,10.70993584,11.25,485.6
1,05/08/2019 10:35,61.27031118,55.86171876,11.37,0.514120635,10.76010602,11.28,525
1,05/08/2019 10:40,61.30190901,56.20442193,11.37,0.486211229,10.70205571,11.26,496.5
1,05/08/2019 10:45,61.33333313,56.52846793,11.37,0.404931205,10.7095933,11.27,413.5
1,05/08/2019 10:50,61.36465606,56.83479538,11.36,0.459183173,10.71910577,11.28,468.9
1,05/08/2019 10:55,61.39591891,57.12535096,11.37,0.48268583,10.71887717,11.3,492.9
1,05/08/2019 11:00,61.42715022,57.40149266,11.35,0.451740665,10.70104785,11.29,461.3
1,05/08/2019 11:05,61.45835738,57.66203863,11.35,0.446550494,10.71613399,11.31,456
1,05/08/2019 11:10,61.4895499,57.90778201,11.36,0.401895445,10.72576965,11.31,410.4
1,05/08/2019 11:15,61.3381278,58.13953037,11.33,0.441752035,10.72016391,11.33,451.1
1,05/08/2019 11:20,61.0796489,58.35808656,11.36,0.483077541,10.68738436,11.31,493.3
1,05/08/2019 11:25,60.75851405,58.56421738,11.34,0.530572495,10.68421025,11.32,541.8
1,05/08/2019 11:30,60.40072022,58.75867216,11.32,0.445375362,10.70351003,11.33,454.8
1,05/08/2019 11:35,60.02147369,58.94216608,11.33,0.466723609,10.70043463,11.35,476.6
1,05/08/2019 11:40,59.62966853,59.11537926,11.32,1.150650945,10.67675988,11.34,1175
1,05/08/2019 11:45,59.23050573,59.27895988,11.3,0.604116228,10.66371215,11.31,616.9
1,05/08/2019 11:50,58.82702968,59.43351959,11.31,1.1526095,10.63132891,11.31,1177
1,05/08/2019 11:55,58.421031,59.57963916,11.31,1.22017964,10.61847601,11.31,1246
1,05/08/2019 12:00,58.01355373,59.70485324,11.28,0.8363029,10.62840071,11.32,854
1,05/08/2019 12:05,57.60521164,59.80289784,11.28,1.460102603,10.58523105,11.31,1491
1,05/08/2019 12:10,57.19636925,59.87112639,11.28,1.154568055,10.59444715,11.3,1179
1,05/08/2019 12:15,57.09738654,59.90896615,11.26,1.154568055,10.58188956,11.31,1179
1,05/08/2019 12:20,57.18275152,59.91700657,11.27,0.747286584,10.56678451,11.32,763.1
1,05/08/2019 12:25,57.37824734,59.89647223,11.24,1.07720514,10.55385626,11.29,1100
1,05/08/2019 12:30,57.63966611,59.84889996,11.26,1.29950111,10.52594401,11.29,1327
1,05/08/2019 12:35,57.94057073,59.77596602,11.24,1.27306062,10.52848529,11.33,1300
1,05/08/2019 12:40,58.26511927,59.67937201,11.23,1.32202449,10.52349791,11.31,1350
1,05/08/2019 12:45,58.60381153,59.56079492,11.23,1.074267308,10.49185062,11.29,1097
1,05/08/2019 12:50,58.95095993,59.4218465,11.23,1.169257216,10.49383969,11.3,1194
1,05/08/2019 12:55,59.30315507,59.26405215,11.24,0.425789814,10.46740177,11.28,434.8
1,05/08/2019 13:00,59.65835496,59.11077049,11.09,1.427786449,10.44043059,11.27,1458
1,05/08/2019 13:05,60.01533984,58.97464711,11.11,1.516900693,10.41858998,11.26,1549
1,05/08/2019 13:10,60.37338089,58.86213504,11.27,0.551431104,10.41119148,11.24,563.1
1,05/08/2019 13:15,60.41899717,58.77609831,11.37,0.895059544,10.39205599,11.25,914
1,05/08/2019 13:20,60.28004505,58.71735692,11.36,1.57076095,10.37504589,11.24,1604
1,05/08/2019 13:25,60.03247282,58.68558262,11.34,1.524734912,10.36477285,11.25,1557
1,05/08/2019 13:30,59.72108728,58.67983721,11.32,1.422890062,10.34062854,11.25,1453
1,05/08/2019 13:35,59.37222322,58.69888355,11.31,1.51396286,10.32312412,11.24,1546
1,05/08/2019 13:40,59.00135237,58.7413521,11.3,1.181008544,10.323122,11.24,1206
1,05/08/2019 13:45,58.61754895,58.80584847,11.29,1.515921415,10.31122318,11.26,1548
1,05/08/2019 13:50,58.22614399,58.89100588,11.3,1.510045751,10.29433771,11.25,1542
1,05/08/2019 13:55,57.83026416,58.99552073,11.29,0.892121711,10.26570402,11.24,911
1,05/08/2019 14:00,57.43175344,59.09602739,11.29,0.656605497,10.26729375,11.24,670.5
1,05/08/2019 14:05,57.03170005,59.1797414,11.28,1.496335867,10.26473983,11.25,1528
1,05/08/2019 14:10,56.63073963,59.24009211,11.29,1.340630761,10.25031303,11.26,1369
1,05/08/2019 14:15,56.16494881,59.27415717,11.29,1.39742885,10.23370857,11.25,1427
1,05/08/2019 14:20,55.66076131,59.28110316,11.29,1.483605261,10.21903849,11.26,1515
1,05/08/2019 14:25,55.1338284,59.26128799,11.29,1.435620668,10.21408303,11.28,1466
1,05/08/2019 14:30,54.59341465,59.21571162,11.29,1.353361367,10.19307461,11.26,1382
1,05/08/2019 14:35,54.04500822,59.14570976,11.29,1.288729058,10.20240828,11.28,1316
1,05/08/2019 14:40,53.49186678,59.05276357,11.28,1.167298661,10.18958846,11.31,1192
1,05/08/2019 14:45,52.93592469,58.93839394,11.26,1.006697167,10.19210732,11.31,1028
1,05/08/2019 14:50,52.37833708,58.80410552,11.26,0.910727982,10.18748631,11.34,930
1,05/08/2019 14:55,51.81978565,58.65134708,11.24,0.552116598,10.16177995,11.3,563.8
1,05/08/2019 15:00,51.26068655,58.47699505,11.22,0.83238579,10.1937612,11.36,850
1,05/08/2019 15:05,50.70128607,58.28003992,11.19,0.824551571,10.17795247,11.35,842
1,05/08/2019 15:10,50.14173706,58.06066638,11.18,1.003759335,10.16854321,11.36,1025
1,05/08/2019 15:15,49.80153616,57.8197149,11.17,1.17904999,10.19406808,11.39,1204
1,05/08/2019 15:20,49.59459496,57.55834807,11.14,1.208428312,10.18275802,11.38,1234
1,05/08/2019 15:25,49.46896214,57.27788963,11.13,1.239765188,10.17772294,11.41,1266
1,05/08/2019 15:30,49.39307915,56.97969751,11.11,1.239765188,10.17259387,11.41,1266
1,05/08/2019 15:35,49.34768849,56.70315796,11.07,1.060557424,10.14455915,11.38,1083
1,05/08/2019 15:40,49.32100339,56.40864547,11.04,0.841199287,10.16650795,11.44,859
1,05/08/2019 15:45,49.30580135,56.09755865,11.06,1.014531386,10.15264651,11.42,1036
1,05/08/2019 15:50,49.29765167,55.77122183,11.05,0.924437866,10.15679845,11.45,944
1,05/08/2019 15:55,49.29383447,55.43087167,11.02,0.789297584,10.13848951,11.45,806
1,05/08/2019 16:00,49.29267764,55.07766911,11.02,0.720748166,10.13599106,11.45,736
1,05/08/2019 16:05,49.29315549,54.72722529,11,0.41942451,10.15626552,11.47,428.3
1,05/08/2019 16:10,49.29463792,54.38810946,10.98,0.402385084,10.14604228,11.49,410.9
1,05/08/2019 16:15,49.31264473,54.06475582,10.98,0.413059207,10.1144182,11.46,421.8
1,05/08/2019 16:20,49.3408078,53.75916655,10.93,0.388968983,10.13222718,11.47,397.2
1,05/08/2019 16:25,49.37521413,53.47193416,10.94,0.407281471,10.13854022,11.51,415.9
1,05/08/2019 16:30,49.41345915,53.20284433,10.94,0.392788165,10.16811005,11.55,401.1
1,05/08/2019 16:35,49.45406276,52.95125251,10.94,0.397096986,10.14976449,11.53,405.5
1,05/08/2019 16:40,49.49611662,52.71628261,10.94,0.394942575,10.13810906,11.54,403.3
1,05/08/2019 16:45,49.53906076,52.49697355,10.94,0.401503734,10.10827974,11.51,410
1,05/08/2019 16:50,49.58255333,52.29234271,10.94,0.358905167,10.13571876,11.54,366.5
1,05/08/2019 16:55,49.62638401,52.10141993,10.95,0.312977057,10.13312103,11.53,319.6
1,05/08/2019 17:00,49.67042019,51.92327586,10.94,0.270868129,10.10742858,11.54,276.6
1,05/08/2019 17:05,49.71458092,51.75804315,10.95,0.271651551,10.13433972,11.57,277.4
1,05/08/2019 17:10,49.75881969,51.60544494,10.95,0.273512178,10.11361996,11.54,279.3
1,05/08/2019 17:15,50.06534733,51.4649855,10.93,0.258725089,10.11568798,11.53,264.2
1,05/08/2019 17:20,50.53370682,51.33606474,10.95,0.246386194,10.1342333,11.57,251.6
1,05/08/2019 17:25,51.10216084,51.21803769,10.93,0.258333378,10.12075795,11.57,263.8
1,05/08/2019 17:30,51.73252975,51.11025341,10.94,0.271651551,10.11134696,11.53,277.4
1,05/08/2019 17:35,52.40113616,51.01206789,10.96,0.300246451,10.10917561,11.54,306.6
1,05/08/2019 17:40,53.09329942,50.92287409,10.94,0.320909204,10.12303914,11.56,327.7
1,05/08/2019 17:45,53.79991944,50.84209345,10.95,0.267440658,10.13173574,11.58,273.1
1,05/08/2019 17:50,54.51536666,50.76918297,10.96,0.257843739,10.11413571,11.57,263.3
1,05/08/2019 17:55,55.23616751,50.70363089,11.17,0.241098096,10.11165133,11.57,246.2
1,05/08/2019 18:00,55.96018934,50.64496493,11.16,0.228563345,10.10245912,11.55,233.4
1,05/08/2019 18:05,56.68611493,50.60900431,11.16,0.222883536,10.12043475,11.59,227.6
1,05/08/2019 18:10,57.41315254,50.60433257,11.17,0.218183005,10.0955498,11.54,222.8
1,05/08/2019 18:15,57.87966482,50.63521573,11.16,0.20711717,10.11154624,11.57,211.5
1,05/08/2019 18:20,58.18939894,50.70334569,11.19,0.208096448,10.10710802,11.55,212.5
1,05/08/2019 18:25,58.40526033,50.80890996,11.08,0.213972112,10.0956482,11.56,218.5
1,05/08/2019 18:30,58.56508409,50.95123995,11.09,0.2305219,10.09122404,11.54,235.4
1,05/08/2019 18:35,58.69152432,51.1292003,11.12,0.210740496,10.09771239,11.54,215.2
1,05/08/2019 18:40,58.79809497,51.3414186,11.11,0.187237839,10.11588516,11.57,191.2
1,05/08/2019 18:45,58.89285517,51.58642749,11.12,0.254122485,10.11133497,11.57,259.5
1,05/08/2019 18:50,58.9805957,51.8627458,11.13,0.154627901,10.12054758,11.57,157.9
1,05/08/2019 18:55,59.06417039,52.16890972,11.14,0.157761589,10.0864923,11.52,161.1
1,05/08/2019 19:00,59.14527031,52.50351578,11.13,0.137882258,10.09998301,11.54,140.8
1,05/08/2019 19:05,59.22490127,52.84841189,11.23,0.13866568,10.12023749,11.55,141.6
1,05/08/2019 19:10,59.30365859,53.19293741,11.24,0.127991556,10.11134805,11.53,130.7
1,05/08/2019 19:15,59.33742307,53.53098282,11.22,0.112616901,10.1050565,11.52,115
1,05/08/2019 19:20,59.34452644,53.85918325,11.22,0.095577474,10.10114851,11.51,97.6
1,05/08/2019 19:25,59.33584532,54.17582062,11.22,0.088037038,10.11695719,11.51,89.9
1,05/08/2019 19:30,59.31782028,54.48015529,11.22,0.0857847,10.12368887,11.51,87.6
1,05/08/2019 19:35,59.29426662,54.7720323,11.22,0.08274894,10.11478812,11.51,84.5
1,05/08/2019 19:40,59.26743921,55.05162845,11.22,0.079125614,10.13116146,11.51,80.8
1,05/08/2019 19:45,59.23867749,55.31931613,11.22,0.074160678,10.12193886,11.5,75.73
1,05/08/2019 19:50,59.20876482,55.57557323,11.19,0.068755066,10.12299712,11.48,70.21
1,05/08/2019 19:55,59.17817918,55.82092848,11.21,0.062213493,10.13700105,11.49,63.53
1,05/08/2019 20:00,59.14719187,56.05593007,11.2,0.053635023,10.12384499,11.46,54.77
1,05/08/2019 20:05,59.11596662,56.27811381,11.19,0.045957488,10.13328096,11.47,46.93
1,05/08/2019 20:10,59.08460292,56.48640076,11.19,0.03974887,10.14721046,11.46,40.59
1,05/08/2019 20:15,59.1183853,56.68053052,11.15,0.034118025,10.1267634,11.44,34.84
1,05/08/2019 20:20,59.190789,56.86070514,11.14,0.028154225,10.13891828,11.42,28.75
1,05/08/2019 20:25,59.28610066,57.02736031,11.13,0.022562551,10.14183705,11.42,23.04
1,05/08/2019 20:30,59.39500637,57.17917328,11.1,0.017303832,10.15785995,11.43,17.67
1,05/08/2019 20:35,59.5119759,57.31880929,11.12,0.013034182,10.14652118,11.41,13.31
1,05/08/2019 20:40,59.63372472,57.44698531,11.11,0.009430441,10.14902282,11.4,9.63
1,05/08/2019 20:45,59.75830945,57.56439957,11.1,0.006474982,10.14861296,11.37,6.612
1,05/08/2019 20:50,59.88457389,57.67172611,11.06,0.004329385,10.13676558,11.34,4.421
1,05/08/2019 20:55,60.01183395,57.76960466,11.05,0.002836967,10.17342669,11.37,2.897
1,05/08/2019 21:00,60.13968271,57.86317242,11.03,0.00177543,10.15038397,11.34,1.813
1,05/08/2019 21:05,60.26788121,57.95539603,11,0.001086998,10.1730094,11.35,1.11
1,05/08/2019 21:10,60.39628396,58.04795893,10.99,0.000638489,10.15934559,11.32,0.652
1,05/08/2019 21:15,60.25019451,58.14178349,10.97,0.000382897,10.15935201,11.31,0.391
1,05/08/2019 21:20,59.94253601,58.23734847,10.96,0.000238944,10.17752593,11.29,0.244
1,05/08/2019 21:25,59.54003824,58.33487969,10.95,0.000160601,10.17752593,11.29,0.164
1,05/08/2019 21:30,59.08192578,58.43444023,10.94,0.000118493,10.17731452,11.29,0.121
1,05/08/2019 21:35,58.59119597,58.53601056,10.92,8.62E-05,10.17710311,11.29,0.088
1,05/08/2019 21:40,58.08133109,58.63953641,10.91,6.56E-05,10.18098287,11.24,0.067
1,05/08/2019 21:45,57.56023097,58.74492392,10.91,4.90E-05,10.20099571,11.27,0.05
1,05/08/2019 21:50,57.03253469,58.85207715,10.9,3.92E-05,10.19418288,11.24,0.04
1,05/08/2019 21:55,56.50096573,58.96088892,10.89,3.53E-05,10.20994098,11.24,0.036
1,05/08/2019 22:00,55.96712965,59.05187137,10.89,2.94E-05,10.21435745,11.25,0.03
1,05/08/2019 22:05,55.43197435,59.11479041,10.9,2.74E-05,10.21194361,11.22,0.028
1,05/08/2019 22:10,54.89605556,59.14485145,10.89,3.04E-05,10.20943008,11.18,0.031
1,05/08/2019 22:15,53.96161076,59.14040248,10.88,2.74E-05,10.21637798,11.19,0.028
1,05/08/2019 22:20,52.79182746,59.10158627,10.87,2.74E-05,10.23030498,11.18,0.028
1,05/08/2019 22:25,51.48354394,59.02953026,10.87,2.35E-05,10.2324196,11.17,0.024
1,05/08/2019 22:30,50.09390851,58.92588973,10.86,1.96E-05,10.22302989,11.15,0.02
1,05/08/2019 22:35,48.65661492,58.79256146,10.86,2.25E-05,10.24638441,11.16,0.023
1,05/08/2019 22:40,47.19157185,58.63153066,10.86,2.25E-05,10.22778455,11.13,0.023
1,05/08/2019 22:45,45.71059148,58.44476631,10.85,2.35E-05,10.23022133,11.11,0.024
1,05/08/2019 22:50,44.22072586,58.23418207,10.86,1.47E-05,10.22779746,11.09,0.015
1,05/08/2019 22:55,42.72622712,58.00160449,10.86,1.96E-05,10.23012581,11.08,0.02
1,05/08/2019 23:00,41.22969701,57.7211679,10.84,1.47E-05,10.25340512,11.09,0.015
1,05/08/2019 23:05,39.73276172,57.38054055,10.84,1.86E-05,10.24399138,11.04,0.019
1,05/08/2019 23:10,38.23647337,56.97526819,10.83,1.76E-05,10.23468444,11.03,0.018
1,05/08/2019 23:15,37.25368273,56.60000806,10.81,2.06E-05,10.24389571,11,0.021
1,05/08/2019 23:20,36.59188363,56.15812455,10.8,1.76E-05,10.24632642,11.02,0.018
1,05/08/2019 23:25,36.133485,55.65223818,10.8,1.86E-05,10.24654571,11,0.019
1,05/08/2019 23:30,35.80514892,55.08626865,10.78,1.47E-05,10.26065401,10.99,0.015
1,05/08/2019 23:35,35.56048962,54.46474873,10.8,2.15E-05,10.24232342,10.97,0.022
1,05/08/2019 23:40,35.36989177,53.7924192,10.77,1.47E-05,10.2708601,10.99,0.015
1,05/08/2019 23:45,35.21432028,53.07398751,10.76,1.47E-05,10.24995903,10.95,0.015
1,05/08/2019 23:50,35.08149116,52.31400344,10.76,1.18E-05,10.25939677,10.95,0.012
1,05/08/2019 23:55,34.96344779,51.51678637,10.75,1.08E-05,10.25463017,10.93,0.011
1,06/08/2019 00:00,34.85502726,50.68639751,10.72,1.96E-06,10.25718341,10.91,0.002
1,06/08/2019 00:05,34.75287825,49.90676112,10.72,0,10.25040502,10.89,0
1,06/08/2019 00:10,34.65481885,49.13624868,10.68,0,10.27142651,10.89,0
1,06/08/2019 00:15,34.52611382,48.38227646,10.67,0,10.25708753,10.88,0
1,06/08/2019 00:20,34.37742721,47.65550904,10.62,0,10.25921246,10.87,0
1,06/08/2019 00:25,34.21571288,46.96117054,10.59,0,10.27781631,10.87,0
1,06/08/2019 00:30,34.045504,46.30125397,10.58,0,10.27048045,10.85,0
1,06/08/2019 00:35,33.86975506,45.67587246,10.54,0,10.2797423,10.85,0
1,06/08/2019 00:40,33.69038953,45.08704665,10.52,0,10.28368528,10.84,0
1,06/08/2019 00:45,33.50866349,44.53446971,10.48,0,10.30247954,10.85,0
1,06/08/2019 00:50,33.32539711,44.01076051,10.48,0,10.27932809,10.81,0
1,06/08/2019 00:55,33.14112585,43.51440966,10.46,0,10.28401848,10.8,0
1,06/08/2019 01:00,32.95619913,43.0437826,10.45,0,10.28903432,10.8,0
1,06/08/2019 01:05,32.77084365,42.59722317,10.43,0,10.31458799,10.82,0
1,06/08/2019 01:10,32.58520924,42.17311653,10.42,0,10.29800909,10.78,0
1,06/08/2019 01:15,32.31538018,41.768166,10.39,0,10.30239606,10.78,0
1,06/08/2019 01:20,31.99036799,41.37991732,10.38,0,10.30881357,10.79,0
1,06/08/2019 01:25,31.62922388,41.00648929,10.37,0,10.30839281,10.77,0
1,06/08/2019 01:30,31.24442628,40.65516373,10.36,0,10.31493144,10.76,0
1,06/08/2019 01:35,30.8441458,40.31566207,10.35,0,10.31150856,10.74,0
1,06/08/2019 01:40,30.43372869,39.98688754,10.34,0,10.3135473,10.73,0
1,06/08/2019 01:45,30.01668262,39.66792857,10.33,0,10.34697285,10.76,0
1,06/08/2019 01:50,29.59530526,39.35800931,10.31,0,10.33255398,10.73,0
1,06/08/2019 01:55,29.17110849,39.05645528,10.3,0,10.30927364,10.7,0
1,06/08/2019 02:00,28.74508865,38.76266842,10.31,0,10.3515201,10.72,0
1,06/08/2019 02:05,28.31790253,38.47611253,10.29,0,10.3296636,10.7,0
1,06/08/2019 02:10,27.88998535,38.19630268,10.29,0,10.36199852,10.73,0
1,06/08/2019 02:15,27.616442,37.92279791,10.28,0,10.36406105,10.71,0
1,06/08/2019 02:20,27.44637225,37.65113475,10.26,0,10.34700745,10.68,0
1,06/08/2019 02:25,27.34605768,37.37856175,10.25,0,10.36050883,10.68,0
1,06/08/2019 02:30,27.29294779,37.1199337,10.25,0,10.34356612,10.67,0
1,06/08/2019 02:35,27.27186537,36.85869599,10.24,0,10.33409518,10.65,0
1,06/08/2019 02:40,27.27254784,36.59319677,10.23,0,10.28428703,10.61,0
1,06/08/2019 02:45,27.2880367,36.32300699,10.23,0,10.2672557,10.56,0
1,06/08/2019 02:50,27.31360613,36.04798493,10.21,0,10.30224175,10.59,0
1,06/08/2019 02:55,27.34603998,35.76816666,10.2,0,10.31337914,10.61,0
1,06/08/2019 03:00,27.38314868,35.48369393,10.2,0,10.28258927,10.57,0
1,06/08/2019 03:05,27.4234413,35.19477381,10.2,0,10.35103493,10.61,0
1,06/08/2019 03:10,27.46590237,34.90164443,10.18,0,10.30342871,10.56,0
1,06/08/2019 03:15,27.49565437,34.60456457,10.16,0,10.31982856,10.57,0
1,06/08/2019 03:20,27.51675997,34.30379792,10.17,0,10.27928931,10.55,0
1,06/08/2019 03:25,27.53198492,34.01858113,10.15,0,10.31415265,10.54,0
1,06/08/2019 03:30,27.54321285,33.73589724,10.14,0,10.37767165,10.58,0
1,06/08/2019 03:35,27.55172243,33.46013319,10.14,0,10.34815259,10.55,0
1,06/08/2019 03:40,27.55838661,33.19390187,10.12,0,10.38072026,10.58,0
1,06/08/2019 03:45,27.56379523,32.93866115,10.12,0,10.35215383,10.53,0
1,06/08/2019 03:50,27.56835158,32.69512425,10.11,0,10.39212703,10.59,0
1,06/08/2019 03:55,27.57232906,32.46351745,10.11,0,10.34158313,10.53,0
1,06/08/2019 04:00,27.57591238,32.24376909,10.09,2.84E-05,10.34116077,10.51,0.029
1,06/08/2019 04:05,27.57922909,32.03561507,10.08,9.89E-05,10.35238746,10.51,0.101
1,06/08/2019 04:10,27.5823639,31.83868042,10.07,0.000193897,10.35401513,10.49,0.198
1,06/08/2019 04:15,28.35608268,31.65253027,10.06,0.000385835,10.32244436,10.49,0.394
1,06/08/2019 04:20,29.66763194,31.47502837,10.05,0.000804966,10.17534063,10.37,0.822
1,06/08/2019 04:25,31.35968236,31.30736554,10.04,0.001360216,10.22666569,10.41,1.389
1,06/08/2019 04:30,33.32076203,31.14910052,10.01,0.002020249,10.29458377,10.45,2.063
1,06/08/2019 04:35,35.4699246,30.99921473,10,0.00241196,10.3447448,10.45,2.463
1,06/08/2019 04:40,37.74802912,30.85691608,10,0.003392217,10.3780579,10.47,3.464
1,06/08/2019 04:45,40.11217361,30.72157153,10,0.006309484,10.29705717,10.41,6.443
1,06/08/2019 04:50,42.5317144,30.59266806,9.99,0.009773188,10.29909565,10.39,9.98
1,06/08/2019 04:55,44.98522411,30.46976956,9.99,0.010967907,10.32472484,10.42,11.2
1,06/08/2019 05:00,47.45808339,30.35250323,10,0.013318173,10.32655482,10.42,13.6
1,06/08/2019 05:05,49.94060406,30.24053837,10.02,0.014052631,10.34077012,10.42,14.35
1,06/08/2019 05:10,52.42657495,30.13358124,10.03,0.01464999,10.33840634,10.39,14.96
1,06/08/2019 05:15,54.13965931,30.03136394,10.05,0.01885109,10.3050925,10.39,19.25
1,06/08/2019 05:20,55.36485036,29.93364642,10.06,0.021720373,10.29759876,10.39,22.18
1,06/08/2019 05:25,56.28777984,29.84020591,10.11,0.01931135,10.34703292,10.41,19.72
1,06/08/2019 05:30,57.02563685,29.75083095,10.15,0.022151255,10.39461188,10.41,22.62
1,06/08/2019 05:35,57.65104327,29.69573727,10.17,0.030651383,10.3372305,10.37,31.3
1,06/08/2019 05:40,58.20847311,29.69462779,10.21,0.040267887,10.40343936,10.41,41.12
1,06/08/2019 05:45,58.72496266,29.76040856,10.29,0.039210267,10.44906274,10.44,40.04
1,06/08/2019 05:50,59.21686257,29.90148517,10.35,0.036017823,10.40508368,10.4,36.78
1,06/08/2019 05:55,59.69402631,30.1232741,10.42,0.039455086,10.4769282,10.46,40.29
1,06/08/2019 06:00,60.16237034,30.42924174,10.53,0.046261064,10.48599733,10.45,47.24
1,06/08/2019 06:05,60.62544594,30.82161694,10.59,0.056318243,10.48788902,10.44,57.51
1,06/08/2019 06:10,61.08537105,31.30189386,10.64,0.066551692,10.51204489,10.46,67.96
1,06/08/2019 06:15,61.4371264,31.90342765,10.71,0.075776485,10.54120516,10.48,77.38
1,06/08/2019 06:20,61.72481474,32.66795554,10.74,0.078224679,10.55337796,10.5,79.88
1,06/08/2019 06:25,61.97465225,33.52329599,10.78,0.066532107,10.5172565,10.47,67.94
1,06/08/2019 06:30,62.20216299,34.44351501,10.83,0.062987122,10.54666783,10.48,64.32
1,06/08/2019 06:35,62.41652277,35.43374124,10.85,0.072065024,10.54644046,10.5,73.59
1,06/08/2019 06:40,62.62314419,36.43619381,10.87,0.100767644,10.5529388,10.5,102.9
1,06/08/2019 06:45,62.82521274,37.44664843,10.91,0.142386934,10.5651382,10.5,145.4
1,06/08/2019 06:50,63.02460828,38.48170599,10.93,0.184985501,10.55708354,10.52,188.9
1,06/08/2019 06:55,63.22243489,39.51358425,10.95,0.193309359,10.56917289,10.55,197.4
1,06/08/2019 07:00,63.4193395,40.54028047,10.99,0.158936722,10.55707554,10.54,162.3
1,06/08/2019 07:05,63.61570404,41.57453993,11.02,0.140624235,10.56200081,10.54,143.6
1,06/08/2019 07:10,63.81174919,42.61038894,11.03,0.154040335,10.58151395,10.56,157.3
1,06/08/2019 07:15,63.99414844,43.63053463,11.05,0.183516585,10.56402298,10.55,187.4
1,06/08/2019 07:20,64.16856225,44.63037807,11.05,0.202122855,10.55394861,10.56,206.4
1,06/08/2019 07:25,64.33830881,45.61139119,11.07,0.204571049,10.55886468,10.58,208.9
1,06/08/2019 07:30,64.5053361,46.5747778,11.08,0.214657606,10.59039714,10.62,219.2
1,06/08/2019 07:35,64.67076987,47.51075898,11.1,0.2457007,10.5526181,10.59,250.9
1,06/08/2019 07:40,64.83527526,48.41868321,11.1,0.229934334,10.60211106,10.66,234.8
1,06/08/2019 07:45,64.99923897,49.29819122,11.12,0.205942037,10.58994472,10.65,210.3
1,06/08/2019 07:50,65.16288806,50.14914886,11.14,0.179893258,10.5653586,10.63,183.7
1,06/08/2019 07:55,65.32635139,50.97851836,11.15,0.189294321,10.56760097,10.64,193.3
1,06/08/2019 08:00,65.48970828,51.78477175,11.18,0.186846128,10.57466711,10.66,190.8
1,06/08/2019 08:05,65.65300038,52.56176709,11.19,0.174703088,10.60120735,10.71,178.4
1,06/08/2019 08:10,65.81625529,53.30948599,11.2,0.194484492,10.6356975,10.71,198.6
1,06/08/2019 08:15,65.90220465,54.0282373,11.22,0.180480825,10.59064276,10.69,184.3
1,06/08/2019 08:20,65.94331721,54.71856001,11.28,0.178032631,10.60043374,10.72,181.8
1,06/08/2019 08:25,65.95845271,55.38114555,11.3,0.144149633,10.60561647,10.72,147.2
1,06/08/2019 08:30,65.95854326,56.01680016,11.42,0.094108558,10.61284029,10.73,96.1
1,06/08/2019 08:35,65.94992624,56.626403,11.44,0.118100854,10.62471909,10.75,120.6
1,06/08/2019 08:40,65.93627099,57.21463541,11.41,0.178424342,10.62405307,10.76,182.2
1,06/08/2019 08:45,65.91969745,57.78608011,11.43,0.25608104,10.5989945,10.73,261.5
1,06/08/2019 08:50,65.90143884,58.33377093,11.43,0.317481733,10.60587753,10.75,324.2
1,06/08/2019 08:55,65.88219894,58.8587316,11.43,0.349797887,10.63799901,10.8,357.2
1,06/08/2019 09:00,65.86239854,59.35650501,11.44,0.355281841,10.63822528,10.78,362.8
1,06/08/2019 09:05,65.84227311,59.82519249,11.44,0.343236729,10.59347288,10.77,350.5
1,06/08/2019 09:10,65.8219535,60.26438769,11.45,0.372908834,10.60079708,10.77,380.8
1,06/08/2019 09:15,65.78668933,60.67455263,11.46,0.398467974,10.64765592,10.8,406.9
1,06/08/2019 09:20,65.74277806,61.05663712,11.44,0.334912871,10.62713565,10.8,342
1,06/08/2019 09:25,65.69385955,61.41184967,11.46,0.313172913,10.62430693,10.82,319.8
1,06/08/2019 09:30,65.64204355,61.7415379,11.43,0.346957983,10.61607143,10.81,354.3
1,06/08/2019 09:35,65.58854839,62.04708589,11.45,0.395236359,10.61755416,10.83,403.6
1,06/08/2019 09:40,65.53408306,62.32989852,11.45,0.413450918,10.59046863,10.84,422.2
1,06/08/2019 09:45,65.47905763,62.59135116,11.44,0.423537476,10.59305623,10.84,432.5
1,06/08/2019 09:50,65.42370661,62.83277417,11.44,0.419032799,10.60071261,10.84,427.9
1,06/08/2019 09:55,65.36816585,63.05544492,11.43,0.314348045,10.60297312,10.84,321
1,06/08/2019 10:00,65.31251774,63.25947767,11.45,0.257060318,10.59518798,10.88,262.5
1,06/08/2019 10:05,65.25680753,63.44546509,11.43,0.392396454,10.58462913,10.85,400.7
1,06/08/2019 10:10,65.20106011,63.61425551,11.43,0.507363621,10.59892929,10.89,518.1
1,06/08/2019 10:15,65.19837707,63.76680498,11.42,0.611950447,10.56118293,10.87,624.9
1,06/08/2019 10:20,65.22648207,63.9041145,11.44,0.627814741,10.59534542,10.89,641.1
1,06/08/2019 10:25,65.27246012,64.02717857,11.43,0.422362343,10.5999709,10.9,431.3
1,06/08/2019 10:30,65.32881524,64.13696285,11.44,0.354988058,10.58510587,10.89,362.5
1,06/08/2019 10:35,65.39119691,64.23439229,11.43,0.409729664,10.55537477,10.87,418.4
1,06/08/2019 10:40,65.45707802,64.32034234,11.43,0.359688589,10.55794107,10.89,367.3
1,06/08/2019 10:45,65.52499165,64.39563908,11.43,0.313564623,10.54831415,10.88,320.2
1,06/08/2019 10:50,65.59408125,64.46105124,11.43,0.358905167,10.5652203,10.91,366.5
1,06/08/2019 10:55,65.66385976,64.51729923,11.42,0.382799536,10.55727026,10.91,390.9
1,06/08/2019 11:00,65.73403251,64.56911181,11.43,0.421970632,10.53480952,10.91,430.9
1,06/08/2019 11:05,65.80443595,64.61915098,11.44,0.426769091,10.54217579,10.91,435.8
1,06/08/2019 11:10,65.87497032,64.6689161,11.41,0.411590291,10.53011795,10.92,420.3
1,06/08/2019 11:15,65.75215563,64.71921328,11.41,0.378784498,10.51787022,10.91,386.8
1,06/08/2019 11:20,65.51757061,64.77046486,11.4,0.286144856,10.50787415,10.89,292.2
1,06/08/2019 11:25,65.21848634,64.82286717,11.41,0.264404898,10.51008978,10.92,270
1,06/08/2019 11:30,64.88219838,64.87648969,11.38,0.326099374,10.49810848,10.89,333
1,06/08/2019 11:35,64.52444781,64.93133056,11.36,0.368012447,10.51020049,10.91,375.8
1,06/08/2019 11:40,64.15430617,64.98735436,11.35,0.485819518,10.49289586,10.91,496.1
1,06/08/2019 11:45,63.77701101,65.04450494,11.36,0.517450178,10.47255225,10.91,528.4
1,06/08/2019 11:50,63.39557804,65.10271023,11.35,0.435876371,10.46251158,10.92,445.1
1,06/08/2019 11:55,63.01175894,65.16190074,11.34,0.229542623,10.46537257,10.92,234.4
1,06/08/2019 12:00,62.62655957,65.20717353,11.34,0.11741536,10.46052747,10.91,119.9
1,06/08/2019 12:05,62.24056233,65.2309909,11.31,0.090191449,10.44874145,10.91,92.1
1,06/08/2019 12:10,61.85411349,65.23003141,11.31,0.136119559,10.45170616,10.91,139
1,06/08/2019 12:15,61.24255835,65.20334109,11.29,0.192330081,10.45005047,10.9,196.4
1,06/08/2019 12:20,60.5002873,65.15127368,11.29,0.253534919,10.44290149,10.91,258.9
1,06/08/2019 12:25,59.68218945,65.07487708,11.29,0.272826684,10.44289794,10.92,278.6
1,06/08/2019 12:30,58.82010355,64.97553242,11.29,0.232284599,10.45983299,10.94,237.2
1,06/08/2019 12:35,57.93249433,64.85476801,11.27,0.155803034,10.44783214,10.95,159.1
1,06/08/2019 12:40,57.03008515,64.71413513,11.25,0.14385585,10.4432149,10.95,146.9
1,06/08/2019 12:45,56.11911442,64.55514751,11.24,0.172646606,10.43344694,10.94,176.3
1,06/08/2019 12:50,55.20322224,64.3792531,11.21,0.184104151,10.44848059,10.96,188
1,06/08/2019 12:55,54.28454445,64.18781497,11.21,0.146499899,10.43924218,10.97,149.6
1,06/08/2019 13:00,53.36433292,63.9651302,11.19,0.150417009,10.44681553,10.98,153.6
1,06/08/2019 13:05,52.44332773,63.70398459,11.19,0.13043975,10.46629598,11,133.2
1,06/08/2019 13:10,51.52197484,63.40198346,11.18,0.128481195,10.4520815,11.01,131.2
1,06/08/2019 13:15,50.94402956,63.0593871,11.18,0.135923703,10.44767682,11.01,138.8
1,06/08/2019 13:20,50.57254736,62.6778826,11.15,0.135825775,10.46748247,11.04,138.7
1,06/08/2019 13:25,50.32603673,62.25985026,11.15,0.124074447,10.45305092,11.04,126.7
1,06/08/2019 13:30,50.1555017,61.80798519,11.14,0.109679069,10.45799606,11.06,112
1,06/08/2019 13:35,50.0312789,61.32504301,11.11,0.12740399,10.47983666,11.07,130.1
1,06/08/2019 13:40,49.93532682,60.81372386,11.11,0.13474857,10.45788829,11.05,137.6
1,06/08/2019 13:45,49.85666527,60.2766055,11.11,0.150710792,10.45347942,11.06,153.9
1,06/08/2019 13:50,49.78857947,59.7160999,11,0.17460516,10.47033399,11.07,178.3
1,06/08/2019 13:55,49.72696534,59.13445595,11,0.200556012,10.47054384,11.09,204.8
1,06/08/2019 14:00,49.66931665,58.55783016,10.99,0.221904259,10.48500932,11.12,226.6
1,06/08/2019 14:05,49.61409647,58.00019226,10.98,0.236201709,10.47329582,11.1,241.2
1,06/08/2019 14:10,49.5603656,57.46848458,10.95,0.27556866,10.48577041,11.13,281.4
1,06/08/2019 14:15,49.83502478,56.96561284,10.94,0.280856758,10.47858728,11.12,286.8
1,06/08/2019 14:20,50.31229315,56.50064531,10.93,0.234243154,10.47614264,11.16,239.2
1,06/08/2019 14:25,50.9150065,56.06189541,10.92,0.213090762,10.4932724,11.19,217.6
1,06/08/2019 14:30,51.59544197,55.64903558,10.91,0.207900592,10.49283513,11.19,212.3
1,06/08/2019 14:35,52.3239664,55.26104649,10.91,0.176955426,10.49738016,11.2,180.7
1,06/08/2019 14:40,53.08216408,54.8965757,10.9,0.177836776,10.4779085,11.18,181.6
1,06/08/2019 14:45,53.8586003,54.55413397,10.91,0.183222802,10.48221868,11.2,187.1
1,06/08/2019 14:50,54.64618772,54.23220757,11.04,0.183418657,10.49882519,11.22,187.3
1,06/08/2019 14:55,55.4405431,53.92932699,11.03,0.183222802,10.49394588,11.23,187.1
1,06/08/2019 15:00,56.23896672,53.64409853,11.04,0.165693736,10.50835997,11.26,169.2
1,06/08/2019 15:05,57.0398013,53.39645693,11.04,0.147185393,10.50347638,11.25,150.3
1,06/08/2019 15:10,57.84203154,53.19664962,11.03,0.156096818,10.50824806,11.26,159.4
1,06/08/2019 15:15,58.44125203,53.04923642,11.04,0.162462121,10.50357861,11.27,165.9
1,06/08/2019 15:20,58.91819928,52.95548916,11.02,0.177347137,10.49848016,11.27,181.1
1,06/08/2019 15:25,59.32185171,52.91480944,11.04,0.189098466,10.52035327,11.3,193.1
1,06/08/2019 15:30,59.68170606,52.92558745,11.04,0.235222431,10.49494511,11.27,240.2
1,06/08/2019 15:35,60.01545097,52.98570606,11.05,0.289180616,10.52414539,11.33,295.3
1,06/08/2019 15:40,60.33366346,53.09284526,11.07,0.315327323,10.51169079,11.32,322
1,06/08/2019 15:45,60.64264374,53.24463904,11.08,0.314543901,10.51169079,11.32,321.2
1,06/08/2019 15:50,60.9461392,53.43877225,11.1,0.305632477,10.50647299,11.32,312.1
1,06/08/2019 15:55,61.24638325,53.67303065,11.1,0.186454417,10.50067705,11.33,190.4
1,06/08/2019 16:00,61.54470066,53.94531452,11.11,0.128579123,10.54514533,11.38,131.3
1,06/08/2019 16:05,61.84187641,54.24025349,11.12,0.141995223,10.55799299,11.39,145
1,06/08/2019 16:10,62.13837465,54.54856924,11.11,0.138078113,10.52252186,11.36,141
1,06/08/2019 16:15,62.47487537,54.86468657,11.13,0.147577104,10.52332137,11.38,150.7
1,06/08/2019 16:20,62.83495964,55.18525977,11.13,0.165889592,10.50500499,11.35,169.4
1,06/08/2019 16:25,63.20893692,55.50828685,11.17,0.161286988,10.52135467,11.36,164.7
1,06/08/2019 16:30,63.59108726,55.83257915,11.16,0.15903465,10.54565172,11.42,162.4
1,06/08/2019 16:35,63.97803863,56.1574221,11.16,0.181460102,10.54085056,11.41,185.3
1,06/08/2019 16:40,64.36780304,56.48239937,11.2,0.181068391,10.54832987,11.42,184.9
1,06/08/2019 16:45,64.75921049,56.80726362,11.2,0.163637254,10.53538213,11.43,167.1
1,06/08/2019 16:50,65.15157358,57.13891542,11.23,0.12564129,10.54766893,11.43,128.3
1,06/08/2019 16:55,65.54449061,57.48320036,11.23,0.104293043,10.53940869,11.44,106.5
1,06/08/2019 17:00,65.93772517,57.82868332,11.24,0.094794052,10.55438797,11.44,96.8
1,06/08/2019 17:05,66.33114001,58.17692465,11.25,0.092541714,10.53527475,11.42,94.5
1,06/08/2019 17:10,66.72465356,58.52872964,11.25,0.0857847,10.56556608,11.45,87.6
1,06/08/2019 17:15,66.95684683,58.88445376,11.25,0.096850535,10.53337431,11.41,98.9
1,06/08/2019 17:20,67.09550994,59.24419964,11.27,0.107916369,10.53626683,11.41,110.2
1,06/08/2019 17:25,67.1800808,59.60791932,11.25,0.113498251,10.54666952,11.45,115.9
1,06/08/2019 17:30,67.23341214,59.97549529,11.25,0.128970834,10.53472563,11.42,131.7
1,06/08/2019 17:35,67.26871391,60.34675039,11.26,0.151885925,10.54689558,11.44,155.1
1,06/08/2019 17:40,67.2936204,60.72149064,11.27,0.159720144,10.55428162,11.43,163.1
1,06/08/2019 17:45,67.31253185,61.09952199,11.29,0.167652291,10.54634458,11.44,171.2
1,06/08/2019 17:50,67.32798554,61.48064862,11.28,0.168239857,10.54623585,11.44,171.8
1,06/08/2019 17:55,67.34144472,61.86467511,11.29,0.172646606,10.54400405,11.42,176.3
1,06/08/2019 18:00,67.35375837,62.23950233,11.3,0.175094799,10.54187444,11.42,178.8
1,06/08/2019 18:05,67.36541073,62.59871368,11.3,0.177249209,10.54635318,11.42,181
1,06/08/2019 18:10,67.37667925,62.93919753,11.3,0.177347137,10.56852133,11.44,181.1
1,06/08/2019 18:15,67.3916507,63.25974486,11.32,0.175290655,10.53618604,11.44,179
1,06/08/2019 18:20,67.40875528,63.56023177,11.32,0.1867482,10.55038073,11.45,190.7
1,06/08/2019 18:25,67.42708682,63.84113358,11.31,0.184495862,10.5527375,11.44,188.4
1,06/08/2019 18:30,67.44612872,64.10325444,11.32,0.164910314,10.57492326,11.48,168.4
1,06/08/2019 18:35,67.46557807,64.34755478,11.31,0.113498251,10.55038566,11.44,115.9
1,06/08/2019 18:40,67.48526275,64.57505962,11.3,0.083728218,10.54535252,11.45,85.5
1,06/08/2019 18:45,67.50508317,64.78681578,11.29,0.08274894,10.55228996,11.46,84.5
1,06/08/2019 18:50,67.52498022,64.98383713,11.3,0.062282043,10.55820721,11.46,63.6
1,06/08/2019 18:55,67.54492341,65.16711851,11.29,0.046956351,10.55820598,11.46,47.95
1,06/08/2019 19:00,67.56488942,65.33825508,11.27,0.044322095,10.55629722,11.45,45.26
1,06/08/2019 19:05,67.58487157,65.49895233,11.25,0.040826075,10.58344667,11.48,41.69
1,06/08/2019 19:10,67.60486484,65.6490515,11.25,0.038994826,10.54891585,11.44,39.82
1,06/08/2019 19:15,67.61354773,65.78933587,11.23,0.05835514,10.59324304,11.48,59.59
1,06/08/2019 19:20,67.61571868,65.92053249,11.22,0.051793982,10.58334251,11.46,52.89
1,06/08/2019 19:25,67.61414118,66.04331362,11.21,0.039837005,10.5682985,11.45,40.68
1,06/08/2019 19:30,67.61040661,66.15829404,11.19,0.036262642,10.57055331,11.43,37.03
1,06/08/2019 19:35,67.6054285,66.26604908,11.17,0.032257398,10.57730343,11.43,32.94
1,06/08/2019 19:40,67.59973153,66.36711531,11.17,0.02912371,10.57786228,11.41,29.74
1,06/08/2019 19:45,67.593623,66.46198711,11.15,0.024873646,10.5905539,11.45,25.4
1,06/08/2019 19:50,67.58727796,66.55112934,11.14,0.022219804,10.58582014,11.46,22.69
1,06/08/2019 19:55,67.58079643,66.63409368,11.13,0.017274453,10.59348987,11.41,17.64
1,06/08/2019 20:00,67.57423921,66.71081883,11.1,0.014806674,10.5718918,11.39,15.12
1,06/08/2019 20:05,67.567633,66.78148731,11.09,0.013063561,10.59943768,11.43,13.34
1,06/08/2019 20:10,67.56100289,66.84639129,11.09,0.011956977,10.59685901,11.4,12.21
1,06/08/2019 20:15,67.56195487,66.9058715,11.07,0.009303135,10.58190299,11.35,9.5
1,06/08/2019 20:20,67.56727388,66.96028209,11.06,0.007780359,10.59720392,11.36,7.945
1,06/08/2019 20:25,67.575112,67.00997878,11.04,0.0072633,10.6093932,11.37,7.417
1,06/08/2019 20:30,67.58439724,67.05530471,11.02,0.006416226,10.59506057,11.35,6.552
1,06/08/2019 20:35,67.59451396,67.09658589,11,0.005031527,10.58345705,11.33,5.138
1,06/08/2019 20:40,67.60511434,67.13412574,10.99,0.004048333,10.58627011,11.31,4.134
1,06/08/2019 20:45,67.61598884,67.16821265,10.98,0.003065138,10.60621574,11.31,3.13
1,06/08/2019 20:50,67.62702573,67.19911748,10.98,0.002189664,10.59663712,11.27,2.236
1,06/08/2019 20:55,67.6381541,67.22767535,10.96,0.001055661,10.59977619,11.28,1.078
1,06/08/2019 21:00,67.64933419,67.25440848,10.95,0.000645344,10.5976261,11.28,0.659
1,06/08/2019 21:05,67.66054462,67.27966072,10.94,0.000369188,10.59515901,11.25,0.377
1,06/08/2019 21:10,67.67177053,67.30366398,10.93,0.00016256,10.59020723,11.24,0.166
1,06/08/2019 21:15,67.66875569,67.32657565,10.91,4.70E-05,10.59312834,11.23,0.048
1,06/08/2019 21:20,67.65754598,67.34852638,10.98,0,10.59605308,11.22,0
1,06/08/2019 21:25,67.64161133,67.36961116,10.98,0,10.6086802,11.22,0
1,06/08/2019 21:30,67.62296287,67.38990967,10.97,0,10.59876181,11.2,0
1,06/08/2019 21:35,67.60275387,67.4094891,10.97,0,10.60362058,11.18,0
1,06/08/2019 21:40,67.58164577,67.42841108,10.98,0,10.60372743,11.19,0
1,06/08/2019 21:45,67.56002078,67.44672909,10.99,0,10.605774,11.17,0
1,06/08/2019 21:50,67.53809583,67.46448722,10.96,0,10.60781655,11.17,0
1,06/08/2019 21:55,67.51600059,67.4806122,10.98,0,10.60815535,11.15,0
1,06/08/2019 22:00,67.4938087,67.49458197,10.97,0,10.60027243,11.13,0
1,06/08/2019 22:05,67.47155691,67.50619245,10.95,0,10.61042833,11.12,0
1,06/08/2019 22:10,67.44927362,67.51541447,10.97,0,10.620489,11.12,0
1,06/08/2019 22:15,67.12132317,67.52231435,10.97,0,10.61540372,11.11,0
1,06/08/2019 22:20,66.61812929,67.52700068,10.97,0,10.61789836,11.1,0
1,06/08/2019 22:25,66.01468711,67.52960916,10.97,0,10.61508038,11.09,0
1,06/08/2019 22:30,65.35392675,67.53028008,10.99,0,10.61519579,11.08,0
1,06/08/2019 22:35,64.6603796,67.52915143,10.97,0,10.62050947,11.06,0
1,06/08/2019 22:40,63.94806981,67.52635914,10.98,0,10.6234416,11.06,0
1,06/08/2019 22:45,63.22501876,67.52203004,10.97,0,10.62648925,11.05,0
1,06/08/2019 22:50,62.49582703,67.51628305,10.97,0,10.63474648,11.05,0
1,06/08/2019 22:55,61.76313418,67.48509384,10.97,0,10.63701865,11.05,0
1,06/08/2019 23:00,61.02846146,67.41667012,10.96,0,10.63702704,11.03,0
1,06/08/2019 23:05,60.29268596,67.30614497,10.95,0,10.63702584,11.03,0
1,06/08/2019 23:10,59.55631289,67.15249596,10.95,0,10.63963738,11.02,0
1,06/08/2019 23:15,58.53371595,66.95677995,10.96,0,10.65191171,11.01,0
1,06/08/2019 23:20,57.34501096,66.72113163,10.96,0,10.64386705,10.99,0
1,06/08/2019 23:25,56.06006297,66.44817875,10.95,0,10.64342238,10.99,0
1,06/08/2019 23:30,54.71941298,66.14073096,10.94,0,10.64875719,10.98,0
1,06/08/2019 23:35,53.34660319,65.80159191,10.94,0,10.64831592,10.98,0
1,06/08/2019 23:40,51.95534815,65.43346797,10.93,0,10.65409879,10.97,0
1,06/08/2019 23:45,50.55366885,65.0762525,10.92,0,10.66444634,10.98,0
1,06/08/2019 23:50,49.14628411,64.71073126,10.91,0,10.65682972,10.95,0
1,06/08/2019 23:55,47.73600066,64.31879577,10.89,0,10.66456939,10.94,0
1,07/08/2019 00:00,46.32450452,63.881271,10.89,0,10.66413228,10.92,0
1,07/08/2019 00:05,44.91283408,63.38993505,10.86,0,10.67689647,10.93,0
1,07/08/2019 00:10,43.50164162,62.84270689,10.85,0,10.67405297,10.93,0
1,07/08/2019 00:15,42.2577796,62.24087053,10.83,0,10.67645885,10.92,0
1,07/08/2019 00:20,41.11627063,61.58745667,10.83,0,10.68695736,10.92,0
1,07/08/2019 00:25,40.03791733,60.88632865,10.84,0,10.69713764,10.93,0
1,07/08/2019 00:30,38.99886391,60.14165419,10.83,0,10.70986385,10.92,0
1,07/08/2019 00:35,37.98450136,59.35761886,10.82,0,10.70163296,10.9,0
1,07/08/2019 00:40,36.9858324,58.53826268,10.8,0,10.72149444,10.93,0
1,07/08/2019 00:45,35.99729679,57.68740604,10.79,0,10.72127832,10.91,0
1,07/08/2019 00:50,35.01544459,56.83377546,10.79,0,10.71061878,10.88,0
1,07/08/2019 00:55,34.03814383,56.02356068,10.78,0,10.70556952,10.88,0
1,07/08/2019 01:00,33.06407091,55.18297085,10.77,0,10.71578135,10.89,0
1,07/08/2019 01:05,32.09241635,54.32645201,10.75,0,10.73305344,10.89,0
1,07/08/2019 01:10,31.12269077,53.46262397,10.75,0,10.72557978,10.85,0
1,07/08/2019 01:15,30.35771127,52.59663147,10.73,0,10.75602545,10.88,0
1,07/08/2019 01:20,29.72556474,51.73153909,10.73,0,10.72558099,10.85,0
1,07/08/2019 01:25,29.18031647,50.86915597,10.73,0,10.74287371,10.87,0
1,07/08/2019 01:30,28.69227932,50.04798281,10.71,0,10.74784879,10.85,0
1,07/08/2019 01:35,28.24209277,49.25083023,10.7,0,10.73725206,10.83,0
1,07/08/2019 01:40,27.8170608,48.45296466,10.66,0,10.76000455,10.85,0
1,07/08/2019 01:45,27.40880731,47.65518126,10.66,0,10.76808476,10.88,0
1,07/08/2019 01:50,27.0117845,46.8580735,10.65,0,10.74200022,10.81,0
1,07/08/2019 01:55,26.62231481,46.06211189,10.62,0,10.77529388,10.86,0
1,07/08/2019 02:00,26.23794483,45.26767895,10.6,0,10.7695355,10.82,0
1,07/08/2019 02:05,25.85703696,44.52905882,10.57,0,10.77196885,10.83,0
1,07/08/2019 02:10,25.47849776,43.78796534,10.54,0,10.75172717,10.78,0
1,07/08/2019 02:15,25.25335179,43.05603594,10.52,0,10.7592381,10.8,0
1,07/08/2019 02:20,25.13254525,42.33980392,10.49,0,10.77963475,10.81,0
1,07/08/2019 02:25,25.08313745,41.64267378,10.46,0,10.77397119,10.8,0
1,07/08/2019 02:30,25.08278337,40.96613036,10.45,0,10.77907811,10.8,0
1,07/08/2019 02:35,25.11621735,40.33354228,10.4,0,10.78174849,10.79,0
1,07/08/2019 02:40,25.17296214,39.71846753,10.39,0,10.79141079,10.8,0
1,07/08/2019 02:45,25.24580304,39.12084017,10.35,0,10.77020373,10.75,0
1,07/08/2019 02:50,25.32976117,38.5401797,10.34,0,10.76765617,10.75,0
1,07/08/2019 02:55,25.42139971,37.9757785,10.31,0,10.77230943,10.74,0
1,07/08/2019 03:00,25.51834359,37.42681172,10.29,0,10.7855302,10.74,0
1,07/08/2019 03:05,25.61894884,36.90868175,10.27,0,10.77299134,10.72,0
1,07/08/2019 03:10,25.72208048,36.40488163,10.27,0,10.78530667,10.74,0
1,07/08/2019 03:15,25.72892896,35.9126347,10.25,0,10.77997687,10.72,0
1,07/08/2019 03:20,25.66964355,35.4312676,10.23,0,10.77697734,10.71,0
1,07/08/2019 03:25,25.56507226,34.967013,10.18,0,10.80500625,10.73,0
1,07/08/2019 03:30,25.42954552,34.523343,10.19,0,10.78464461,10.7,0
1,07/08/2019 03:35,25.2728779,34.10310588,10.16,0,10.78198114,10.69,0
1,07/08/2019 03:40,25.1017762,33.7045732,10.14,0,10.78198357,10.69,0
1,07/08/2019 03:45,24.92081855,33.32734863,10.12,0,10.79511357,10.68,0
1,07/08/2019 03:50,24.73313099,32.97143001,10.11,0,10.80045846,10.69,0
1,07/08/2019 03:55,24.54084673,32.63639812,10.09,0,10.78777815,10.67,0
1,07/08/2019 04:00,24.34542172,32.32156552,10.08,1.76E-05,10.8057,10.69,0.018
1,07/08/2019 04:05,24.14784987,32.02610365,10.06,0.000123389,10.79011878,10.65,0.126
1,07/08/2019 04:10,23.94881356,31.74911371,10.04,0.000313369,10.78778663,10.64,0.32
1,07/08/2019 04:15,24.61172608,31.48565755,10.03,0.000756981,10.79734823,10.65,0.773
1,07/08/2019 04:20,25.88849466,31.23891356,10.01,0.001378823,10.7941147,10.64,1.408
1,07/08/2019 04:25,27.61133378,31.00803771,10.01,0.002291509,10.7991264,10.64,2.34
1,07/08/2019 04:30,29.65896651,30.79221383,9.99,0.003396134,10.78866831,10.62,3.468
1,07/08/2019 04:35,31.94032383,30.58668192,9.97,0.004562453,10.79156325,10.62,4.659
1,07/08/2019 04:40,34.38619593,30.38820619,9.95,0.006853963,10.80927336,10.64,6.999
1,07/08/2019 04:45,36.944362,30.19458795,9.94,0.009518576,10.79679789,10.62,9.72
1,07/08/2019 04:50,39.57615945,30.00433586,9.94,0.015404034,10.79613023,10.6,15.73
1,07/08/2019 04:55,42.25370565,29.81643771,9.94,0.01803829,10.80181292,10.61,18.42
1,07/08/2019 05:00,44.95750115,29.63020429,9.94,0.021044671,10.78679573,10.59,21.49
1,07/08/2019 05:05,47.67436983,29.44516966,9.94,0.023463487,10.79424294,10.6,23.96
1,07/08/2019 05:10,50.39576294,29.268333,9.95,0.02421753,10.79402165,10.59,24.73
1,07/08/2019 05:15,52.27985928,29.09198294,9.98,0.031904858,10.79157538,10.59,32.58
1,07/08/2019 05:20,53.62816451,28.91592461,9.99,0.037369226,10.79858568,10.58,38.16
1,07/08/2019 05:25,54.64092262,28.74003279,10.02,0.038661872,10.79357665,10.58,39.48
1,07/08/2019 05:30,55.44635602,28.56422661,10.05,0.046662568,10.80683564,10.6,47.65
1,07/08/2019 05:35,56.12480939,28.3884562,10.09,0.047073865,10.79436268,10.58,48.07
1,07/08/2019 05:40,56.72594137,28.24531293,10.12,0.049345788,10.79169024,10.58,50.39
1,07/08/2019 05:45,57.28019172,28.15629879,10.19,0.051372892,10.79703621,10.58,52.46
1,07/08/2019 05:50,57.80610602,28.13574996,10.25,0.050736362,10.80170766,10.59,51.81
1,07/08/2019 05:55,58.3149318,28.19321732,10.35,0.054300932,10.79669632,10.59,55.45
1,07/08/2019 06:00,58.81347362,28.33501669,10.46,0.054281346,10.80917168,10.61,55.43
1,07/08/2019 06:05,59.30582981,28.56529421,10.57,0.057865502,10.79402408,10.59,59.09
1,07/08/2019 06:10,59.7944717,28.88679582,10.65,0.063750959,10.80505731,10.6,65.1
1,07/08/2019 06:15,60.29044642,29.30142212,10.71,0.062987122,10.80505852,10.6,64.32
1,07/08/2019 06:20,60.79078278,29.89105699,10.75,0.066708376,10.80404659,10.59,68.12
1,07/08/2019 06:25,61.29369842,30.60410022,10.81,0.076089854,10.79590403,10.6,77.7
1,07/08/2019 06:30,61.79813108,31.41466896,10.84,0.082553085,10.79368062,10.6,84.3
1,07/08/2019 06:35,62.30345234,32.32795753,10.88,0.09577333,10.7911232,10.6,97.8
1,07/08/2019 06:40,62.80928788,33.28670885,10.98,0.106545381,10.7935633,10.62,108.8
1,07/08/2019 06:45,63.31540859,34.26270689,11.01,0.118198782,10.80079514,10.62,120.7
1,07/08/2019 06:50,63.82168468,35.27540177,11.04,0.143562067,10.80625805,10.63,146.6
1,07/08/2019 06:55,64.3280377,36.29338728,11.07,0.197324396,10.7956681,10.63,201.5
1,07/08/2019 07:00,64.83442481,37.31261692,11.11,0.235124504,10.80802224,10.67,240.1
1,07/08/2019 07:05,65.34081653,38.35421566,11.12,0.212601124,10.78475092,10.65,217.1
1,07/08/2019 07:10,65.84720176,39.39406515,11.14,0.245015205,10.79787646,10.67,250.2
1,07/08/2019 07:15,65.84111817,40.42941967,11.16,0.240314674,10.7907567,10.67,245.4
1,07/08/2019 07:20,65.53800027,41.47226229,11.2,0.248638532,10.80389629,10.69,253.9
1,07/08/2019 07:25,65.06364578,42.52258868,11.21,0.290061966,10.80099342,10.7,296.2
1,07/08/2019 07:30,64.49079574,43.56548835,11.23,0.285263507,10.78296275,10.69,291.3
1,07/08/2019 07:35,63.86132119,44.59995453,11.25,0.406106338,10.79529644,10.72,414.7
1,07/08/2019 07:40,63.19928448,45.63512326,11.26,0.456245341,10.78949779,10.73,465.9
1,07/08/2019 07:45,62.51851315,46.6789254,11.28,0.493164099,10.79183229,10.73,503.6
1,07/08/2019 07:50,61.82695801,47.71108006,11.28,0.533020689,10.77870737,10.73,544.3
1,07/08/2019 07:55,61.12920094,48.73082352,11.28,0.597555069,10.77303499,10.74,610.2
1,07/08/2019 08:00,60.42788722,49.73748948,11.31,0.621743221,10.77602988,10.76,634.9
1,07/08/2019 08:05,59.72454695,50.73043649,11.34,0.642308047,10.76859454,10.77,655.9
1,07/08/2019 08:10,59.02006662,51.65787348,11.35,0.653373881,10.76060617,10.78,667.2
1,07/08/2019 08:15,58.58882265,52.50977746,11.34,0.678835094,10.75218046,10.79,693.2
1,07/08/2019 08:20,58.31812704,53.28111236,11.35,0.699008208,10.76490269,10.82,713.8
1,07/08/2019 08:25,58.14221086,53.97015639,11.35,0.721139877,10.75283946,10.83,736.4
1,07/08/2019 08:30,58.02240022,54.5773146,11.36,0.733282917,10.75515752,10.83,748.8
1,07/08/2019 08:35,57.93587001,55.10432426,11.36,0.74483839,10.73945453,10.84,760.6
1,07/08/2019 08:40,57.8690969,55.55379698,11.35,0.767949337,10.73612893,10.85,784.2
1,07/08/2019 08:45,57.81406078,55.92889545,11.35,0.784401197,10.72221981,10.86,801
1,07/08/2019 08:50,57.7660034,56.23312402,11.33,0.792235417,10.71957382,10.87,809
1,07/08/2019 08:55,57.72209503,56.47017442,11.34,0.820634461,10.74205414,10.88,838
1,07/08/2019 09:00,57.68065358,56.64382648,11.31,0.829447958,10.73024897,10.91,847
1,07/08/2019 09:05,57.64068101,56.77658662,11.32,0.825530848,10.72253297,10.92,843
1,07/08/2019 09:10,57.60158223,56.88199118,11.32,0.853929893,10.72439236,10.92,872
1,07/08/2019 09:15,57.58129749,56.96828249,11.3,0.882328937,10.72185471,10.94,901
1,07/08/2019 09:20,57.57221605,57.03918334,11.3,0.90387304,10.67666936,10.92,923
1,07/08/2019 09:25,57.56980433,57.09612855,11.32,0.918562201,10.71435965,10.97,938
1,07/08/2019 09:30,57.57136745,57.14542927,11.31,0.781659221,10.7219479,10.98,798.2
1,07/08/2019 09:35,57.57529512,57.18807326,11.31,0.875473996,10.67610158,10.95,894
1,07/08/2019 09:40,57.58063425,57.22479081,11.29,0.93423064,10.68570742,10.98,954
1,07/08/2019 09:45,57.58681289,57.25614969,11.29,0.78733903,10.68010981,11,804
1,07/08/2019 09:50,57.5934932,57.28261324,11.29,0.727994819,10.67529494,11.02,743.4
1,07/08/2019 09:55,57.60047137,57.3045721,11.3,0.597065431,10.66035247,11,609.7
1,07/08/2019 10:00,57.60762561,57.3236297,11.28,0.616357196,10.65328558,10.98,629.4
1,07/08/2019 10:05,57.61488873,57.3407536,11.28,1.086997914,10.63338642,11,1110
1,07/08/2019 10:10,57.62221098,57.35653579,11.28,1.225076027,10.61832118,10.99,1251
1,07/08/2019 10:15,57.59169561,57.37134244,11.27,1.214303976,10.65247934,11.06,1240
1,07/08/2019 10:20,57.53865385,57.38540038,11.26,1.296563278,10.62639451,11.02,1324
1,07/08/2019 10:25,57.47220782,57.39885855,11.27,1.133023952,10.5987895,11.05,1157
1,07/08/2019 10:30,57.39778591,57.41181946,11.27,0.510301453,10.61629192,11.08,521.1
1,07/08/2019 10:35,57.31861596,57.42435097,11.26,0.769907892,10.61619857,11.04,786.2
1,07/08/2019 10:40,57.23662271,57.43650076,11.26,1.265226401,10.58270148,11.04,1292
1,07/08/2019 10:45,57.15294829,57.44830533,11.26,1.190801318,10.60390339,11.09,1216
1,07/08/2019 10:50,57.06827172,57.45980118,11.28,1.067412366,10.56888939,11.07,1090
1,07/08/2019 10:55,56.9829991,57.47100474,11.26,1.202552647,10.55363445,11.08,1228
1,07/08/2019 11:00,56.89737251,57.47933731,11.26,1.134003229,10.55363445,11.08,1158
1,07/08/2019 11:05,56.81153267,57.48343195,11.25,1.227034582,10.53161139,11.06,1253
1,07/08/2019 11:10,56.72556786,57.48265892,11.24,1.333775819,10.54826177,11.1,1362
1,07/08/2019 11:15,56.72087668,57.47679976,11.23,1.284811949,10.50724157,11.08,1312
1,07/08/2019 11:20,56.7647364,57.46587873,11.23,1.076225863,10.48813598,11.09,1099
1,07/08/2019 11:25,56.83762444,57.4500586,11.22,0.896038821,10.49067552,11.11,915
1,07/08/2019 11:30,56.92787857,57.4295604,11.23,1.069370921,10.49299831,11.13,1092
1,07/08/2019 11:35,57.02852227,57.40464269,11.23,0.988090897,10.45706464,11.1,1009
1,07/08/2019 11:40,57.13538253,57.37557656,11.22,0.972422458,10.46180216,11.12,993
1,07/08/2019 11:45,57.24595809,57.34262407,11.19,1.000821503,10.43779423,11.12,1022
1,07/08/2019 11:50,57.35875658,57.30604438,11.2,0.968505349,10.44439109,11.14,989
1,07/08/2019 11:55,57.47288091,57.26608601,11.2,0.711347103,10.41805055,11.12,726.4
1,07/08/2019 12:00,57.58779925,57.22857778,11.19,0.418347305,10.4257139,11.13,427.2
1,07/08/2019 12:05,57.70318995,57.196682,11.15,0.396803202,10.42122064,11.12,405.2
1,07/08/2019 12:10,57.81886195,57.17200102,11.16,0.371537846,10.41629249,11.12,379.4
1,07/08/2019 12:15,57.69612549,57.15522649,11.15,0.372321267,10.40165198,11.09,380.2
1,07/08/2019 12:20,57.43175067,57.14652246,11.15,0.42118721,10.4016409,11.12,430.1
1,07/08/2019 12:25,57.08343467,57.14575721,11.12,0.480041781,10.38680854,11.12,490.2
1,07/08/2019 12:30,56.68541894,57.15264001,11.13,0.452426159,10.38179662,11.13,462
1,07/08/2019 12:35,56.25798147,57.16680229,11.13,0.481804481,10.37211733,11.13,492
1,07/08/2019 12:40,55.81311349,57.18784013,11.1,0.641818408,10.36962251,11.12,655.4
1,07/08/2019 12:45,55.35791845,57.21533914,11.11,0.831406513,10.35497483,11.13,849
1,07/08/2019 12:50,54.89659876,57.24889498,11.13,0.992008006,10.34501545,11.13,1013
1,07/08/2019 12:55,54.43164919,57.28811804,11.13,1.17121577,10.32353017,11.12,1196
1,07/08/2019 13:00,53.96454946,57.3162106,11.15,1.185904931,10.31943022,11.14,1211
1,07/08/2019 13:05,53.49618347,57.32416927,11.13,1.045868263,10.31017518,11.14,1068
1,07/08/2019 13:10,53.0270741,57.30759189,11.13,0.945002691,10.3003965,11.15,965
1,07/08/2019 13:15,52.63845021,57.26476427,11.14,0.892121711,10.28335127,11.15,911
1,07/08/2019 13:20,52.29818189,57.1955173,11.15,0.826510126,10.28806465,11.15,844
1,07/08/2019 13:25,51.98703834,57.10055057,11.16,0.806924578,10.26956084,11.16,824
1,07/08/2019 13:30,51.69347342,56.99298236,11.15,0.875473996,10.27255218,11.16,894
1,07/08/2019 13:35,51.41053216,56.88100573,11.14,0.867639776,10.26859967,11.17,886
1,07/08/2019 13:40,51.13402163,56.74535317,11.14,0.749538922,10.26357789,11.19,765.4
1,07/08/2019 13:45,50.86141179,56.58753312,11.11,0.641916336,10.263573,11.2,655.5
1,07/08/2019 13:50,50.59117175,56.40906294,11.12,0.711445031,10.25643073,11.21,726.5
1,07/08/2019 13:55,50.32237162,56.21142285,11.11,0.870577609,10.2519615,11.2,889
1,07/08/2019 14:00,50.05445161,55.99603399,11.12,0.65778063,10.24016009,11.2,671.7
1,07/08/2019 14:05,49.78706518,55.76967505,11.1,0.631535995,10.24993307,11.22,644.9
1,07/08/2019 14:10,49.52001709,55.53644459,11.11,0.679226805,10.23357369,11.22,693.6
1,07/08/2019 14:15,49.83314312,55.29882815,11.11,0.758842057,10.22371184,11.23,774.9
1,07/08/2019 14:20,50.50434855,55.05834221,11.09,0.822593016,10.23091281,11.24,840
1,07/08/2019 14:25,51.39809134,54.81592101,11.1,0.931292807,10.23981011,11.28,951
1,07/08/2019 14:30,52.43037423,54.57214374,11.09,1.03215838,10.23747297,11.28,1054
1,07/08/2019 14:35,53.5487479,54.32737808,11.09,1.036075489,10.21575011,11.27,1058
1,07/08/2019 14:40,54.72037842,54.08186508,11.1,1.040971876,10.21700317,11.29,1063
1,07/08/2019 14:45,55.92473563,53.83576099,11.07,1.085039359,10.20538335,11.28,1108
1,07/08/2019 14:50,57.14902001,53.58918463,11.09,1.095811411,10.20948756,11.3,1119
1,07/08/2019 14:55,58.38528119,53.34220674,11.08,0.896038821,10.19102738,11.31,915
1,07/08/2019 15:00,59.62861565,53.09489285,11.03,0.519506661,10.20229841,11.32,530.5
1,07/08/2019 15:05,60.87600818,52.88460422,11.04,0.670511236,10.21570464,11.34,684.7
1,07/08/2019 15:10,62.12562224,52.73159147,11.03,1.018448496,10.20354863,11.34,1040
1,07/08/2019 15:15,62.84974459,52.64602875,11.14,0.991028729,10.19077545,11.35,1012
1,07/08/2019 15:20,63.26141512,52.63220269,11.14,0.898976653,10.21429556,11.4,918
1,07/08/2019 15:25,63.48890182,52.6909858,11.18,0.671098802,10.20331326,11.4,685.3
1,07/08/2019 15:30,63.60834707,52.82133957,11.19,0.624191415,10.19457107,11.38,637.4
1,07/08/2019 15:35,63.66459698,53.02120798,11.19,0.52949529,10.18992758,11.4,540.7
1,07/08/2019 15:40,63.68393618,53.28803994,11.18,0.388283489,10.20383491,11.43,396.5
1,07/08/2019 15:45,63.68174143,53.61909898,11.2,0.332660533,10.17772435,11.39,339.7
1,07/08/2019 15:50,63.6669867,54.01163032,11.21,0.343530512,10.18476349,11.41,350.8
1,07/08/2019 15:55,63.64490562,54.46295376,11.23,0.392004743,10.18739263,11.42,400.3
1,07/08/2019 16:00,63.61855804,54.97050924,11.22,0.530768351,10.19455129,11.43,542
1,07/08/2019 16:05,63.58971685,55.49654923,11.23,0.534979244,10.1757222,11.41,546.3
1,07/08/2019 16:10,63.55942542,56.0190827,11.25,0.551822815,10.17917471,11.42,563.5
1,07/08/2019 16:15,63.53953275,56.52565212,11.26,0.538015004,10.21055285,11.47,549.4
1,07/08/2019 16:20,63.52570707,57.00951923,11.28,0.520485938,10.2033739,11.46,531.5
1,07/08/2019 16:25,63.51541839,57.46862395,11.29,0.597359214,10.16602216,11.44,610
1,07/08/2019 16:30,63.50719294,57.89882999,11.29,0.538308787,10.18881233,11.47,549.7
1,07/08/2019 16:35,63.50017233,58.30063523,11.3,0.459672812,10.17746491,11.44,469.4
1,07/08/2019 16:40,63.49385524,58.67499315,11.31,0.378099004,10.17503345,11.48,386.1
1,07/08/2019 16:45,63.48794755,59.02307485,11.29,0.298875462,10.1735819,11.45,305.2
1,07/08/2019 16:50,63.48228066,59.34615067,11.31,0.226898574,10.18156653,11.49,231.7
1,07/08/2019 16:55,63.47675307,59.64554258,11.3,0.170492195,10.17872832,11.47,174.1
1,07/08/2019 17:00,63.47130465,59.9233704,11.29,0.142680717,10.16728538,11.47,145.7
1,07/08/2019 17:05,63.4659052,60.18135084,11.29,0.131321099,10.16288961,11.46,134.1
1,07/08/2019 17:10,63.46053231,60.42095068,11.28,0.12867705,10.2005295,11.49,131.4
1,07/08/2019 17:15,63.47758776,60.64345055,11.26,0.117611216,10.16395485,11.45,120.1
1,07/08/2019 17:20,63.50774125,60.85001821,11.24,0.109287358,10.18107609,11.45,111.6
1,07/08/2019 17:25,63.54554067,61.04171581,11.22,0.109776997,10.18328296,11.45,112.1
1,07/08/2019 17:30,63.5878037,61.21953282,11.2,0.120255265,10.19042997,11.48,122.8
1,07/08/2019 17:35,63.63267465,61.38439917,11.17,0.133083799,10.18392474,11.44,135.9
1,07/08/2019 17:40,63.67906926,61.53718189,11.18,0.15727195,10.17027631,11.43,160.6
1,07/08/2019 17:45,63.72634927,61.67869102,11.16,0.165595808,10.19561223,11.44,169.1
1,07/08/2019 17:50,63.77414935,61.80969428,11.13,0.163735181,10.17205999,11.41,167.2
1,07/08/2019 17:55,63.82225148,61.93091179,11.14,0.158936722,10.1716314,11.42,162.3
1,07/08/2019 18:00,63.8705307,62.04465871,11.12,0.153256913,10.16911553,11.41,156.5
1,07/08/2019 18:05,63.91891283,62.15241668,11.13,0.130537677,10.19066383,11.42,133.3
1,07/08/2019 18:10,63.96735317,62.25517036,11.1,0.110364563,10.17909382,11.42,112.7
1,07/08/2019 18:15,63.99798718,62.35359535,11.11,0.100865572,10.21386807,11.45,103
1,07/08/2019 18:20,64.01823575,62.44818554,11.09,0.107818442,10.19034953,11.41,110.1
1,07/08/2019 18:25,64.03243554,62.53932416,11.09,0.114281673,10.18309128,11.4,116.7
1,07/08/2019 18:30,64.04310717,62.62732015,11.09,0.10830808,10.18992634,11.41,110.6
1,07/08/2019 18:35,64.05172548,62.71243697,11.08,0.103509621,10.19014411,11.39,105.7
1,07/08/2019 18:40,64.05914459,62.79489661,11.09,0.09185622,10.18362791,11.38,93.8
1,07/08/2019 18:45,64.06586969,62.87490555,11.15,0.060519343,10.1864801,11.37,61.8
1,07/08/2019 18:50,64.07218605,62.95264345,11.15,0.051637297,10.20323503,11.38,52.73
1,07/08/2019 18:55,64.07826747,63.02827656,11.15,0.036458498,10.19924608,11.34,37.23
1,07/08/2019 19:00,64.08421046,63.10062785,11.17,0.02538287,10.21689507,11.35,25.92
1,07/08/2019 19:05,64.09007062,63.16915015,11.17,0.023923747,10.22441611,11.34,24.43
1,07/08/2019 19:10,64.09588511,63.23367367,11.17,0.025774581,10.19644684,11.27,26.32
1,07/08/2019 19:15,64.09944596,63.29422621,11.17,0.029858168,10.21269283,11.28,30.49
1,07/08/2019 19:20,64.10169265,63.35093746,11.17,0.032453253,10.21725287,11.25,33.14
1,07/08/2019 19:25,64.10316997,63.40399734,11.19,0.03028905,10.22899549,11.28,30.93
1,07/08/2019 19:30,64.10421293,63.45361874,11.19,0.023669135,10.20584912,11.23,24.17
1,07/08/2019 19:35,64.1049907,63.50001853,11.18,0.020163322,10.21060449,11.22,20.59
1,07/08/2019 19:40,64.10562094,63.54342361,11.18,0.019144873,10.22044458,11.22,19.55
1,07/08/2019 19:45,64.10616204,63.58403765,11.19,0.017715128,10.24186167,11.22,18.09
1,07/08/2019 19:50,64.10664596,63.62206139,11.16,0.015492168,10.22829443,11.2,15.82
1,07/08/2019 19:55,64.10710833,63.65768221,11.15,0.01447372,10.228725,11.19,14.78
1,07/08/2019 20:00,64.10754986,63.69090729,11.14,0.014816467,10.2334004,11.16,15.13
1,07/08/2019 20:05,64.10798107,63.72181647,11.12,0.014307243,10.23784663,11.18,14.61
1,07/08/2019 20:10,64.10840702,63.75052589,11.14,0.014111387,10.24708898,11.18,14.41
1,07/08/2019 20:15,64.11046331,63.77716155,11.11,0.013827397,10.25166782,11.16,14.12
1,07/08/2019 20:20,64.11347091,63.80185456,11.11,0.012681642,10.27031441,11.17,12.95
1,07/08/2019 20:25,64.11703276,63.82473453,11.1,0.010585989,10.25689498,11.14,10.81
1,07/08/2019 20:30,64.12091561,63.84594529,11.07,0.008255308,10.25296963,11.12,8.43
1,07/08/2019 20:35,64.12498809,63.86560017,11.08,0.006637542,10.25573801,11.12,6.778
1,07/08/2019 20:40,64.12916832,63.88381194,11.05,0.004951227,10.26735866,11.11,5.056
1,07/08/2019 20:45,64.13341383,63.90068995,11.05,0.003823099,10.26448877,11.08,3.904
1,07/08/2019 20:50,64.13769606,63.91633264,11.07,0.002682241,10.28797664,11.13,2.739
1,07/08/2019 20:55,64.1419996,63.93083079,11.05,0.001710798,10.27826221,11.07,1.747
1,07/08/2019 21:00,64.14631758,63.94438935,11.07,0.00101649,10.27848513,11.05,1.038
1,07/08/2019 21:05,64.15064027,63.95715167,11.08,0.000507266,10.2809373,11.07,0.518
1,07/08/2019 21:10,64.15496476,63.96922174,11.06,0.000187042,10.30763389,11.05,0.191
1,07/08/2019 21:15,64.14815616,63.98067655,11.06,1.96E-05,10.30065644,11.05,0.02
1,07/08/2019 21:20,64.13486447,63.99157537,11.06,0,10.30807124,11.03,0
1,07/08/2019 21:25,64.11780004,64.00196782,11.06,0,10.30323852,11.03,0
1,07/08/2019 21:30,64.09853408,64.01189691,11.04,0,10.33390677,11.05,0
1,07/08/2019 21:35,64.07798938,64.02140136,11.04,0,10.31302155,11.02,0
1,07/08/2019 21:40,64.05669945,64.03051305,11.02,0,10.32292358,11.01,0
1,07/08/2019 21:45,64.03497641,64.03926372,11.02,0,10.32357443,11,0
1,07/08/2019 21:50,64.01300178,64.04767869,11.02,0,10.34742355,11.01,0
1,07/08/2019 21:55,63.99087871,64.05578674,11.01,0,10.32185827,10.98,0
1,07/08/2019 22:00,63.96866626,64.06276856,11.01,0,10.34602521,10.99,0
1,07/08/2019 22:05,63.94640962,64.06821884,11.01,0,10.32940982,10.96,0
1,07/08/2019 22:10,63.92412316,64.0719672,11.02,0,10.33944322,10.96,0
1,07/08/2019 22:15,62.95366353,64.07397572,11.03,0,10.35123322,10.94,0
1,07/08/2019 22:20,61.43882753,64.0742789,11.02,0,10.36510093,10.95,0
1,07/08/2019 22:25,59.6140943,64.07295192,11.04,0,10.35026776,10.93,0
1,07/08/2019 22:30,57.61372937,64.07008136,11.03,0,10.36456408,10.94,0
1,07/08/2019 22:35,55.51424591,64.06576599,11.03,0,10.36294774,10.91,0
1,07/08/2019 22:40,53.35929173,64.06010545,11.04,0,10.34908784,10.89,0
1,07/08/2019 22:45,51.17388553,64.05319688,11.02,0,10.38978372,10.93,0
1,07/08/2019 22:50,48.97250857,64.04512529,11.02,0,10.36610123,10.88,0
1,07/08/2019 22:55,46.76366625,64.03598427,11.02,0,10.38804948,10.89,0
1,07/08/2019 23:00,44.55247052,63.95423953,11.01,0,10.38282933,10.89,0
1,07/08/2019 23:05,42.34211694,63.76459307,11,0,10.38034225,10.85,0
1,07/08/2019 23:10,40.13473016,63.45270059,10.99,0,10.39198922,10.86,0
1,07/08/2019 23:15,38.43973148,63.01609168,10.98,0,10.39210116,10.85,0
1,07/08/2019 23:20,37.05749265,62.45884094,10.98,0,10.40442775,10.85,0
1,07/08/2019 23:25,35.86906262,61.78845551,10.97,0,10.40977862,10.84,0
1,07/08/2019 23:30,34.8021155,61.0140831,10.94,0,10.41908628,10.82,0
1,07/08/2019 23:35,33.81203824,60.14546969,10.92,0,10.41208951,10.8,0
1,07/08/2019 23:40,32.87102288,59.19236624,10.91,0,10.43608113,10.82,0
1,07/08/2019 23:45,31.96159239,58.1642015,10.91,0,10.43378095,10.8,0
1,07/08/2019 23:50,31.07269905,57.06990366,10.9,0,10.42895876,10.79,0
1,07/08/2019 23:55,30.19732723,56.06686245,10.89,0,10.44146304,10.81,0
1,08/08/2019 00:00,29.33100504,54.99851789,10.86,0,10.44168791,10.79,0
1,08/08/2019 00:05,28.47087874,53.90633757,10.86,0,10.43707827,10.77,0
1,08/08/2019 00:10,27.61512573,52.81380307,10.84,0,10.46370335,10.79,0
1,08/08/2019 00:15,26.93904998,51.73389755,10.82,0,10.46591699,10.78,0
1,08/08/2019 00:20,26.3817626,50.67344276,10.81,0,10.48524759,10.81,0
1,08/08/2019 00:25,25.90364683,49.69608337,10.77,0,10.48450165,10.76,0
1,08/08/2019 00:30,25.47863122,48.73389067,10.75,0,10.49391165,10.79,0
1,08/08/2019 00:35,25.08940045,47.78870888,10.72,0,10.5157938,10.79,0
1,08/08/2019 00:40,24.72438485,46.8611179,10.69,0,10.50302771,10.77,0
1,08/08/2019 00:45,24.37581449,45.95098219,10.67,0,10.48563389,10.74,0
1,08/08/2019 00:50,24.03845111,45.05777221,10.65,0,10.50972064,10.72,0
1,08/08/2019 00:55,23.70874979,44.22869168,10.61,0,10.51738326,10.74,0
1,08/08/2019 01:00,23.38430805,43.41051547,10.59,0,10.52017018,10.72,0
1,08/08/2019 01:05,23.06349097,42.60292614,10.57,0,10.55198421,10.75,0
1,08/08/2019 01:10,22.74518776,41.80554328,10.54,0,10.5275392,10.68,0
1,08/08/2019 01:15,22.52895089,41.02713013,10.52,0,10.54739731,10.73,0
1,08/08/2019 01:20,22.38325597,40.30083398,10.5,0,10.53533248,10.71,0
1,08/08/2019 01:25,22.28655274,39.59398019,10.49,0,10.54292762,10.7,0
1,08/08/2019 01:30,22.22398866,38.90901803,10.47,0,10.53812712,10.69,0
1,08/08/2019 01:35,22.18527032,38.24685192,10.44,0,10.56465689,10.71,0
1,08/08/2019 01:40,22.1632365,37.60743362,10.42,0,10.55480324,10.68,0
1,08/08/2019 01:45,22.15288806,37.00753078,10.4,0,10.5612103,10.68,0
1,08/08/2019 01:50,22.15073184,36.42680045,10.39,0,10.55349125,10.66,0
1,08/08/2019 01:55,22.15431991,35.86458293,10.38,0,10.57592322,10.67,0
1,08/08/2019 02:00,22.16193864,35.32003957,10.36,0,10.56155151,10.65,0
1,08/08/2019 02:05,22.17238412,34.79223694,10.34,0,10.5738954,10.66,0
1,08/08/2019 02:10,22.18481476,34.28022142,10.33,0,10.58627174,10.65,0
1,08/08/2019 02:15,22.19933533,33.79718072,10.3,0,10.57434722,10.63,0
1,08/08/2019 02:20,22.21532334,33.32700364,10.3,0,10.59447941,10.66,0
1,08/08/2019 02:25,22.23233962,32.86893709,10.29,0,10.54307837,10.59,0
1,08/08/2019 02:30,22.25007756,32.42652582,10.26,0,10.57814784,10.62,0
1,08/08/2019 02:35,22.2683225,32.00167101,10.24,0,10.58018544,10.61,0
1,08/08/2019 02:40,22.28692282,31.59521471,10.22,0,10.59268265,10.6,0
1,08/08/2019 02:45,22.30577198,31.2098948,10.21,0,10.56750422,10.59,0
1,08/08/2019 02:50,22.32479723,30.84173852,10.19,0,10.60757382,10.61,0
1,08/08/2019 02:55,22.34394434,30.49058439,10.17,0,10.58289294,10.58,0
1,08/08/2019 03:00,22.36317779,30.1560032,10.14,0,10.56515402,10.56,0
1,08/08/2019 03:05,22.3824716,29.83740195,10.12,0,10.6246685,10.6,0
1,08/08/2019 03:10,22.40180773,29.53410622,10.1,0,10.61460314,10.58,0
1,08/08/2019 03:15,22.3902532,29.24530004,10.06,0,10.62706042,10.58,0
1,08/08/2019 03:20,22.35707565,28.97015582,10.05,0,10.63182661,10.58,0
1,08/08/2019 03:25,22.30877752,28.70806215,10.02,0,10.62446028,10.57,0
1,08/08/2019 03:30,22.2499123,28.4583679,10,0,10.63737644,10.57,0
1,08/08/2019 03:35,22.18366439,28.22043173,9.97,0,10.65488132,10.59,0
1,08/08/2019 03:40,22.11225936,27.99366968,9.95,0,10.68555935,10.61,0
1,08/08/2019 03:45,22.03725099,27.77751485,9.92,0,10.64520324,10.58,0
1,08/08/2019 03:50,21.95972432,27.57142296,9.9,0,10.62718326,10.55,0
1,08/08/2019 03:55,21.88043736,27.37487733,9.88,0,10.56529168,10.49,0
1,08/08/2019 04:00,21.7999199,27.18672327,9.87,0,10.61959771,10.54,0
1,08/08/2019 04:05,21.71854179,27.00718646,9.86,5.29E-05,10.58022744,10.5,0.054
1,08/08/2019 04:10,21.63656212,26.8358348,9.83,0.0002174,10.58765746,10.49,0.222
1,08/08/2019 04:15,22.05410514,26.6722615,9.82,0.000585608,10.50104028,10.43,0.598
1,08/08/2019 04:20,22.82989195,26.51608319,9.8,0.001068392,10.5546648,10.47,1.091
1,08/08/2019 04:25,23.86619042,26.36693752,9.79,0.001505149,10.53800429,10.43,1.537
1,08/08/2019 04:30,25.09254914,26.22448553,9.79,0.002126991,10.5752879,10.48,2.172
1,08/08/2019 04:35,26.45687715,26.08840628,9.77,0.002889848,10.55856591,10.45,2.951
1,08/08/2019 04:40,27.92021765,25.95840026,9.77,0.003720275,10.59069204,10.48,3.799
1,08/08/2019 04:45,29.45342599,25.83309975,9.77,0.005042299,10.60503236,10.47,5.149
1,08/08/2019 04:50,31.03486272,25.71153195,9.77,0.007396482,10.60007143,10.45,7.553
1,08/08/2019 04:55,32.64865884,25.59467822,9.78,0.010350962,10.62721214,10.47,10.57
1,08/08/2019 05:00,34.28336509,25.48065254,9.8,0.014610819,10.60211236,10.45,14.92
1,08/08/2019 05:05,35.93087631,25.36896376,9.8,0.019340729,10.65152383,10.49,19.75
1,08/08/2019 05:10,37.58557463,25.25925693,9.82,0.022278561,10.60212074,10.43,22.75
1,08/08/2019 05:15,38.82408632,25.15126734,9.86,0.023796441,10.59715245,10.44,24.3
1,08/08/2019 05:20,39.78301523,25.0447983,9.88,0.030504491,10.63414914,10.45,31.15
1,08/08/2019 05:25,40.55708161,24.93969918,9.9,0.034548907,10.639255,10.45,35.28
1,08/08/2019 05:30,41.21021358,24.83585197,9.92,0.033481494,10.64458813,10.45,34.19
1,08/08/2019 05:35,41.78481869,24.73316224,9.96,0.036252849,10.67137213,10.47,37.02
1,08/08/2019 05:40,42.30870312,24.63155287,9.99,0.048914906,10.64337374,10.43,49.95
1,08/08/2019 05:45,42.79996009,24.53095925,10.01,0.067384078,10.68874634,10.49,68.81
1,08/08/2019 05:50,43.27029154,24.44803415,10.06,0.066492935,10.68690009,10.48,67.9
1,08/08/2019 05:55,43.72723373,24.39398871,10.1,0.05305725,10.67683784,10.48,54.18
1,08/08/2019 06:00,44.17562407,24.37638222,10.14,0.050364237,10.69512485,10.49,51.43
1,08/08/2019 06:05,44.61855665,24.40027454,10.18,0.049003041,10.70039102,10.49,50.04
1,08/08/2019 06:10,45.05800924,24.46899874,10.23,0.056083217,10.70324581,10.5,57.27
1,08/08/2019 06:15,45.43010421,24.58469921,10.3,0.074141092,10.69809008,10.5,75.71
1,08/08/2019 06:20,45.75970185,24.74871658,10.36,0.073112851,10.69808767,10.5,74.66
1,08/08/2019 06:25,46.06255311,24.96186825,10.43,0.07844012,10.70907417,10.51,80.1
1,08/08/2019 06:30,46.34861005,25.22464573,10.49,0.083238579,10.7095194,10.52,85
1,08/08/2019 06:35,46.62413688,25.53735735,10.54,0.09704639,10.71007382,10.53,99.1
1,08/08/2019 06:40,46.8930689,25.93198119,10.6,0.12564129,10.70194034,10.53,128.3
1,08/08/2019 06:45,47.1578777,26.3886756,10.64,0.169317062,10.69919182,10.53,172.9
1,08/08/2019 06:50,47.42010601,26.87042111,10.71,0.17852227,10.7166428,10.55,182.3
1,08/08/2019 06:55,47.68072636,27.37041929,10.69,0.174115522,10.7118076,10.56,177.8
1,08/08/2019 07:00,47.94033782,27.90230599,10.74,0.144345489,10.71883053,10.57,147.4
1,08/08/2019 07:05,48.19932073,28.44600341,10.78,0.146499899,10.7184893,10.59,149.6
1,08/08/2019 07:10,48.45790741,28.99668576,10.82,0.16422482,10.71826099,10.6,167.7
1,08/08/2019 07:15,48.72133951,29.55729783,10.88,0.165889592,10.71583908,10.61,169.4
1,08/08/2019 07:20,48.98777128,30.13681502,10.9,0.167652291,10.70573307,10.6,171.2
1,08/08/2019 07:25,49.25605958,30.7204378,10.98,0.182047669,10.71352982,10.62,185.9
1,08/08/2019 07:30,49.52549137,31.30770961,11,0.227779923,10.71385632,10.64,232.6
1,08/08/2019 07:35,49.79562773,31.9002345,11.02,0.275862444,10.71441225,10.65,281.7
1,08/08/2019 07:40,50.06619297,32.49916005,11.03,0.463785777,10.72486818,10.66,473.6
1,08/08/2019 07:45,50.33702219,33.09408233,11.05,0.377609365,10.70166275,10.67,385.6
1,08/08/2019 07:50,50.60800779,33.68420724,11.06,0.474166117,10.6989179,10.67,484.2
1,08/08/2019 07:55,50.87908918,34.2689319,11.07,0.612048375,10.71681028,10.7,625
1,08/08/2019 08:00,51.15022595,34.85874911,11.07,0.443220951,10.70153173,10.72,452.6
1,08/08/2019 08:05,51.42139284,35.44298019,11.09,0.308570309,10.71635125,10.73,315.1
1,08/08/2019 08:10,51.69257506,36.02040888,11.08,0.564455493,10.70349177,10.74,576.4
1,08/08/2019 08:15,51.77326418,36.59078974,11.11,0.628794019,10.70853529,10.76,642.1
1,08/08/2019 08:20,51.7377384,37.15392474,11.12,0.457028763,10.67622317,10.76,466.7
1,08/08/2019 08:25,51.63152402,37.71799678,11.15,0.528026374,10.69087647,10.75,539.2
1,08/08/2019 08:30,51.48237282,38.2796823,11.16,0.681283287,10.69578967,10.79,695.7
1,08/08/2019 08:35,51.30716188,38.83395047,11.18,0.73230364,10.66823222,10.78,747.8
1,08/08/2019 08:40,51.11613247,39.38074819,11.2,0.728092747,10.67609236,10.81,743.5
1,08/08/2019 08:45,50.91550058,39.92003514,11.21,0.690488495,10.67094819,10.83,705.1
1,08/08/2019 08:50,50.70903474,40.45178528,11.22,0.543988596,10.6761951,10.83,555.5
1,08/08/2019 08:55,50.49902927,40.97622569,11.22,0.560636312,10.66875165,10.88,572.5
1,08/08/2019 09:00,50.28686911,41.50710612,11.23,0.343432584,10.64621342,10.85,350.7
1,08/08/2019 09:05,50.07339782,42.03002185,11.13,0.639663998,10.65609745,10.89,653.2
1,08/08/2019 09:10,49.85912837,42.54501701,11.11,0.762367456,10.64814523,10.89,778.5
1,08/08/2019 09:15,49.62354872,43.04183757,11.12,0.691663628,10.68600031,10.92,706.3
1,08/08/2019 09:20,49.37496912,43.51448329,11.15,0.886246047,10.67309047,10.92,905
1,08/08/2019 09:25,49.11846122,43.95961715,11.14,0.874494718,10.64529984,10.91,893
1,08/08/2019 09:30,48.85711417,44.37559123,11.14,0.785380475,10.63801403,10.94,802
1,08/08/2019 09:35,48.59281049,44.76181366,11.14,0.370166857,10.65061576,10.97,378
1,08/08/2019 09:40,48.32670291,45.1183638,11.15,0.35185437,10.65300811,10.97,359.3
1,08/08/2019 09:45,48.05949403,45.43956052,11.17,0.290649532,10.65082679,11,296.8
1,08/08/2019 09:50,47.79161361,45.72688228,11.15,0.270672273,10.6787539,11,276.4
1,08/08/2019 09:55,47.52332324,45.98715335,11.16,0.298385824,10.66346308,11,304.7
