reach,date_time,Qi,Qsite,Ci,PAR,Cobs,Temp,P
1,04/08/2019 10:25,54.25986216,43.21352534,11.07,1.153588777,11.21,10.56,98.2
1,04/08/2019 10:30,54.30767375,43.66037517,10.67,1.167298661,11.19,10.85,98.2
1,04/08/2019 10:35,54.33875094,44.1045785,11.12,1.181987822,11.2,10.79,98.2
1,04/08/2019 10:40,54.35957083,44.54580172,11.13,1.196676983,11.22,10.88,98.2
1,04/08/2019 10:45,54.37410021,44.98385328,11.13,1.211366144,11.2,10.94,98.2
1,04/08/2019 10:50,54.38477964,45.41862518,11.12,1.22409675,11.23,10.94,98.2
1,04/08/2019 10:55,54.39309791,45.85007012,11.13,1.235848079,11.25,10.83,98.1
1,04/08/2019 11:00,54.39996852,46.27818298,11.13,1.24662013,11.24,10.98,98.1
1,04/08/2019 11:05,54.4059526,46.70297567,11.14,1.260330014,11.24,11.03,98.1
1,04/08/2019 11:10,54.41139562,47.11787503,11.14,1.272081343,11.28,10.97,98.1
1,04/08/2019 11:15,54.41714813,47.51905126,11.11,1.284811949,11.27,11.05,98.1
1,04/08/2019 11:20,54.42309713,47.90667981,11.11,1.296563278,11.27,11.06,98.1
1,04/08/2019 11:25,54.42916316,48.27685122,11.12,1.308314606,11.31,11.11,98.1
1,04/08/2019 11:30,54.43530024,48.62913683,11.13,1.31810738,11.27,11.24,98.1
1,04/08/2019 11:35,54.44148252,48.96384959,11.11,1.327900154,11.3,11.22,98.1
1,04/08/2019 11:40,54.44768897,49.28146345,11.11,1.338672206,11.32,11.21,98.1
1,04/08/2019 11:45,54.45391338,49.58254203,11.11,1.34846498,11.31,11.32,98.1
1,04/08/2019 11:50,54.46014785,49.86771145,11.1,1.358257754,11.33,11.36,98.1
1,04/08/2019 11:55,54.46638631,50.13761896,11.12,1.36707125,11.31,11.41,98.1
1,04/08/2019 12:00,54.47263237,50.39292462,11.09,1.375884747,11.31,11.47,98.1
1,04/08/2019 12:05,54.47887992,50.63432325,11.11,1.380781134,11.33,11.47,98.1
1,04/08/2019 12:10,54.48512778,50.862488,11.09,1.385677521,11.33,11.52,98.1
1,04/08/2019 12:15,54.44709339,51.0780687,11.09,1.390573908,11.34,11.65,98.1
1,04/08/2019 12:20,54.38195985,51.28169249,11.08,1.396449572,11.33,11.7,98.1
1,04/08/2019 12:25,54.30025069,51.473965,11.11,1.403304514,11.34,11.69,98.1
1,04/08/2019 12:30,54.2084031,51.65547246,11.09,1.408200901,11.33,11.78,98.1
1,04/08/2019 12:35,54.11035599,51.82677186,11.09,1.417014398,11.35,11.75,98.1
1,04/08/2019 12:40,54.00851543,51.9884046,11.09,1.432682836,11.34,11.93,98.1
1,04/08/2019 12:45,53.90435408,52.14088815,11.09,1.420931507,11.36,11.84,98.1
1,04/08/2019 12:50,53.7987732,52.28471712,11.07,1.430724281,11.37,11.84,98.1
1,04/08/2019 12:55,53.69232223,52.42036484,11.08,1.425827894,11.33,12.07,98
1,04/08/2019 13:00,53.58533876,52.54828118,11.1,1.453247662,11.31,12.11,98
1,04/08/2019 13:05,53.47802813,52.66614874,11.08,1.236827356,11.33,12.15,98
1,04/08/2019 13:10,53.37051915,52.77284827,11.06,0.945002691,11.33,12.25,98
1,04/08/2019 13:15,53.2579168,52.86798422,11.07,1.508087196,11.32,12.31,98
1,04/08/2019 13:20,53.1421879,52.95159188,11.06,1.335734374,11.34,12.28,98
1,04/08/2019 13:25,53.02454354,53.02395871,11.04,1.283832671,11.33,12.33,98
1,04/08/2019 13:30,52.90572332,53.08551178,11.04,1.458144049,11.31,12.53,98
1,04/08/2019 13:35,52.78618012,53.13675043,11.03,1.354340644,11.32,12.56,98
1,04/08/2019 13:40,52.66619357,53.17820573,11.03,0.653080098,11.32,12.61,98
1,04/08/2019 13:45,52.54593449,53.21041857,11.04,1.51396286,11.32,12.66,98
1,04/08/2019 13:50,52.42551183,53.23392052,11.05,1.39351174,11.33,12.7,98
1,04/08/2019 13:55,52.3049809,53.24922728,11.02,0.845116396,11.32,12.78,98
1,04/08/2019 14:00,52.18438866,53.25683374,11.03,0.852950615,11.32,12.85,98
1,04/08/2019 14:05,52.06375859,53.25690387,11.02,1.304397497,11.33,12.9,98
1,04/08/2019 14:10,51.9431076,53.24970966,11.02,1.379801857,11.33,12.95,98
1,04/08/2019 14:15,51.79499198,53.23559109,11.03,1.392532463,11.32,13.07,98
1,04/08/2019 14:20,51.62995918,53.21491444,11.01,1.304397497,11.32,13.12,98
1,04/08/2019 14:25,51.45450099,53.18805022,11.02,1.309293884,11.32,13.15,98
1,04/08/2019 14:30,51.27261792,53.15536422,11.02,1.302438942,11.33,13.24,98
1,04/08/2019 14:35,51.08677269,53.11721391,11,1.168277938,11.34,13.24,98
1,04/08/2019 14:40,50.89848478,53.07394289,11.02,1.163381551,11.32,13.31,98
1,04/08/2019 14:45,50.70868948,53.02587387,11.02,1.023344883,11.32,13.39,98
1,04/08/2019 14:50,50.51796138,52.97331237,11.03,0.868619054,11.32,13.44,98
1,04/08/2019 14:55,50.32665855,52.91654864,11.02,0.891142434,11.32,13.47,98
1,04/08/2019 15:00,50.13500607,52.85585375,11.02,0.62830438,11.33,13.49,98
1,04/08/2019 15:05,49.94313611,52.7897748,11.03,0.638782648,11.33,13.52,98
1,04/08/2019 15:10,49.75113013,52.71761184,11.03,0.68764859,11.32,13.55,98
1,04/08/2019 15:15,49.56785647,52.63911626,11.02,0.718985467,11.33,13.64,98
1,04/08/2019 15:20,49.3900036,52.55430799,11.02,0.636138599,11.33,13.66,98
1,04/08/2019 15:25,49.21551801,52.46335773,11.02,0.596771648,11.32,13.69,98
1,04/08/2019 15:30,49.04312586,52.36651933,11.02,0.63741166,11.32,13.74,98
1,04/08/2019 15:35,48.87203681,52.26409367,11.02,0.600884613,11.33,13.76,98
1,04/08/2019 15:40,48.70175944,52.15639638,11.02,0.630165007,11.33,13.82,98
1,04/08/2019 15:45,48.53199067,52.043743,11.02,0.629969151,11.33,13.84,98
1,04/08/2019 15:50,48.36253504,51.92644301,11.03,0.757177286,11.34,13.85,98
1,04/08/2019 15:55,48.19328009,51.80479646,11.02,0.665516921,11.32,13.92,98
1,04/08/2019 16:00,48.02414976,51.67908744,11.02,0.584432752,11.33,13.93,98
1,04/08/2019 16:05,47.85509769,51.55012515,11.01,0.38563944,11.33,13.97,98
1,04/08/2019 16:10,47.68609629,51.41845671,11.01,0.348035188,11.32,14.04,98
1,04/08/2019 16:15,47.70124908,51.28446947,11.01,0.333248099,11.33,14.01,98
1,04/08/2019 16:20,47.8320425,51.14845392,11.02,0.322965687,11.33,14.06,98
1,04/08/2019 16:25,48.03565302,51.01061623,11,0.316404528,11.33,14.07,98
1,04/08/2019 16:30,48.28517266,50.87113133,11.03,0.3163066,11.33,14.08,98
1,04/08/2019 16:35,48.56364469,50.730148,11.01,0.321790554,11.31,14.16,98
1,04/08/2019 16:40,48.86036513,50.58778361,11,0.309157875,11.32,14.22,98
1,04/08/2019 16:45,49.16858553,50.44414501,10.99,0.294860425,11.34,14.15,98
1,04/08/2019 16:50,49.48403212,50.29932721,10.99,0.288299267,11.33,14.23,98
1,04/08/2019 16:55,49.8040209,50.15341645,10.98,0.273120467,11.36,14.21,98
1,04/08/2019 17:00,50.12685562,50.00648872,10.99,0.261075355,11.34,14.28,98
1,04/08/2019 17:05,50.45147521,49.86954104,10.97,0.249324026,11.36,14.24,98
1,04/08/2019 17:10,50.77720137,49.7487626,10.97,0.235320359,11.36,14.24,98
1,04/08/2019 17:15,51.38938475,49.64740351,10.96,0.221316692,11.35,14.31,98
1,04/08/2019 17:20,52.18156703,49.56692879,10.96,0.212796979,11.37,14.28,98
1,04/08/2019 17:25,53.08698212,49.50773172,10.97,0.204864832,11.36,14.28,98
1,04/08/2019 17:30,54.06352162,49.46956543,10.95,0.197814035,11.37,14.27,98
1,04/08/2019 17:35,55.08457297,49.45183015,10.97,0.212992835,11.37,14.29,98
1,04/08/2019 17:40,56.1333284,49.45373115,10.97,0.246875833,11.38,14.23,98
1,04/08/2019 17:45,57.19920194,49.47437382,10.95,0.192232154,11.36,14.26,98
1,04/08/2019 17:50,58.27555801,49.51284536,10.97,0.212209413,11.39,14.22,98
1,04/08/2019 17:55,59.35823324,49.56823235,10.96,0.161286988,11.37,14.29,98
1,04/08/2019 18:00,60.44465299,49.63964819,10.99,0.153061058,11.38,14.24,98
1,04/08/2019 18:05,61.53320959,49.74316491,10.98,0.148556382,11.42,14.18,98
1,04/08/2019 18:10,62.6229277,49.88772828,10.99,0.147185393,11.38,14.24,98
1,04/08/2019 18:15,63.69497403,50.07793685,10.97,0.143953778,11.4,14.19,98
1,04/08/2019 18:20,64.756166,50.31575273,10.97,0.149437731,11.36,14.28,98
1,04/08/2019 18:25,65.81066643,50.60155567,10.97,0.142876573,11.38,14.23,98
1,04/08/2019 18:30,66.86102666,50.93479895,10.94,0.174409305,11.38,14.23,98
1,04/08/2019 18:35,67.90878976,51.31441028,10.97,0.204668977,11.38,14.22,98
1,04/08/2019 18:40,68.95489109,51.73903878,10.99,0.165497881,11.38,14.22,98
1,04/08/2019 18:45,69.99989925,52.2071988,11.01,0.222785609,11.38,14.2,98
1,04/08/2019 18:50,71.04415901,52.71736011,11.05,0.137196764,11.36,14.2,98
1,04/08/2019 18:55,72.08787805,53.26799228,11.05,0.135727848,11.35,14.25,98
1,04/08/2019 19:00,73.13118292,53.87483325,11.07,0.121234542,11.33,14.25,98
1,04/08/2019 19:05,74.17415356,54.56771604,11.08,0.114085817,11.36,14.17,98
1,04/08/2019 19:10,75.21684243,55.29149041,11.1,0.107230875,11.37,14.13,98
1,04/08/2019 19:15,75.82134304,56.04470433,11.09,0.102334488,11.35,14.15,98
1,04/08/2019 19:20,76.17244917,56.82603669,11.14,0.095479547,11.36,14.13,98
1,04/08/2019 19:25,76.37789113,57.6342532,11.15,0.08970181,11.37,14.11,98
1,04/08/2019 19:30,76.4998711,58.46816677,11.16,0.083924073,11.35,14.11,98
1,04/08/2019 19:35,76.57412316,59.32663337,11.2,0.078635975,11.34,14.15,98
1,04/08/2019 19:40,76.62110929,60.20853804,11.21,0.07417047,11.34,14.06,98
1,04/08/2019 19:45,76.65253459,61.11278019,11.22,0.069381804,11.34,14.06,98
1,04/08/2019 19:50,76.6750794,62.08253001,11.22,0.063535518,11.32,14.07,98
1,04/08/2019 19:55,76.69255701,63.06926963,11.28,0.057992808,11.33,14.02,98
1,04/08/2019 20:00,76.70714536,64.02256083,11.3,0.052254242,11.32,13.95,98
1,04/08/2019 20:05,76.72008627,64.93246259,11.3,0.046554848,11.31,14.04,98
1,04/08/2019 20:10,76.73208282,65.79411924,11.32,0.041364677,11.3,13.97,98
1,04/08/2019 20:15,76.73792157,66.6057048,11.32,0.036370363,11.25,14.02,98
1,04/08/2019 20:20,76.74024785,67.36720509,11.34,0.031072472,11.31,13.82,98
1,04/08/2019 20:25,76.74057119,68.07968069,11.36,0.025676653,11.28,13.92,98
1,04/08/2019 20:30,76.73975265,68.74482109,11.35,0.02072151,11.29,13.88,98
1,04/08/2019 20:35,76.73828325,69.3646593,11.35,0.01627559,11.27,13.84,98
1,04/08/2019 20:40,76.73644402,69.94143507,11.35,0.012358481,11.27,13.75,98
1,04/08/2019 20:45,76.73439038,70.47746388,11.35,0.008989767,11.27,13.71,98
1,04/08/2019 20:50,76.73221651,70.97508867,11.34,0.006345718,11.26,13.72,98
1,04/08/2019 20:55,76.72997416,71.43618395,11.33,0.004448857,11.25,13.74,98
1,04/08/2019 21:00,76.727693,71.86277774,11.34,0.00314348,11.25,13.68,98
1,04/08/2019 21:05,76.72538976,72.25688547,11.34,0.00215539,11.21,13.67,98
1,04/08/2019 21:10,76.72307479,72.62061615,11.33,0.001405263,11.27,13.56,98
1,04/08/2019 21:15,76.70835754,72.95602272,11.34,0.000864702,11.21,13.64,98.1
1,04/08/2019 21:20,76.68657436,73.26505424,11.32,0.000520976,11.19,13.59,98.1
1,04/08/2019 21:25,76.66075908,73.54959296,11.32,0.000308472,11.2,13.52,98.1
1,04/08/2019 21:30,76.63264763,73.81140672,11.3,0.000196835,11.18,13.51,98.1
1,04/08/2019 21:35,76.60322663,74.05215969,11.29,0.000139057,11.16,13.49,98.1
1,04/08/2019 21:40,76.57306218,74.2734178,11.28,0.0001087,11.21,13.29,98.1
1,04/08/2019 21:45,76.54246896,74.47665577,11.26,8.72E-05,11.17,13.33,98.1
1,04/08/2019 21:50,76.51163181,74.66221459,11.25,6.76E-05,11.15,13.36,98.1
1,04/08/2019 21:55,76.48065748,74.83087124,11.23,5.58E-05,11.14,13.31,98.1
1,04/08/2019 22:00,76.44960283,74.98359448,11.21,5.68E-05,11.16,13.17,98.1
1,04/08/2019 22:05,76.41850751,75.12144791,11.21,4.70E-05,11.14,13.18,98.1
1,04/08/2019 22:10,76.38738203,75.24549611,11.18,4.02E-05,11.09,13.2,98.1
1,04/08/2019 22:15,76.12152289,75.35678367,11.18,3.62E-05,11.09,13.24,98.1
1,04/08/2019 22:20,75.72214134,75.4562909,11.17,4.31E-05,11.08,13.18,98.1
1,04/08/2019 22:25,75.24691011,75.54494613,11.16,4.21E-05,11.09,13.14,98.1
1,04/08/2019 22:30,74.72860077,75.62362578,11.15,3.92E-05,11.06,13.05,98.1
1,04/08/2019 22:35,74.18581613,75.6931326,11.16,4.21E-05,11.11,12.85,98.1
1,04/08/2019 22:40,73.62912016,75.75422063,11.14,4.21E-05,11.07,12.99,98.1
1,04/08/2019 22:45,73.06450469,75.80757744,11.13,4.21E-05,11.07,12.95,98.1
1,04/08/2019 22:50,72.49538828,75.83404652,11.14,4.41E-05,11.08,12.84,98.1
1,04/08/2019 22:55,71.92371147,75.82461142,11.14,4.21E-05,11.06,12.8,98.1
1,04/08/2019 23:00,71.35058754,75.77592099,11.14,4.02E-05,11.06,12.75,98.1
1,04/08/2019 23:05,70.77664737,75.68771384,11.13,4.11E-05,10.97,12.88,98.1
1,04/08/2019 23:10,70.20225639,75.56137147,11.13,3.62E-05,11.02,12.74,98.1
1,04/08/2019 23:15,68.27709588,75.39908553,11.13,3.62E-05,11,12.77,98.1
1,04/08/2019 23:20,65.58876214,75.20339359,11.13,3.72E-05,10.98,12.74,98.1
1,04/08/2019 23:25,62.47443856,74.97693257,11.12,3.92E-05,11.01,12.66,98.1
1,04/08/2019 23:30,59.12476041,74.72228345,11.13,3.62E-05,11,12.57,98.1
1,04/08/2019 23:35,55.64727672,74.44190957,11.11,3.82E-05,10.98,12.6,98.1
1,04/08/2019 23:40,52.10310328,74.1381181,11.09,3.82E-05,10.94,12.6,98.1
1,04/08/2019 23:45,48.52759698,73.81305057,11.09,3.92E-05,10.97,12.54,98.1
1,04/08/2019 23:50,44.94187296,73.35784166,11.09,3.82E-05,10.92,12.6,98.1
1,04/08/2019 23:55,41.35929565,72.72296462,11.06,3.82E-05,10.91,12.58,98.1
1,05/08/2019 00:00,37.78913959,71.89249542,11.06,3.82E-05,10.91,12.54,98.1
1,05/08/2019 00:05,34.23875694,71.13630413,11.05,3.72E-05,10.91,12.46,98.1
1,05/08/2019 00:10,30.71491276,70.18153024,11.03,3.72E-05,10.91,12.39,98.1
1,05/08/2019 00:15,28.36134938,69.04057541,11.02,4.11E-05,10.9,12.35,98.1
1,05/08/2019 00:20,26.73645635,67.73056559,10.99,3.82E-05,10.86,12.37,98.1
1,05/08/2019 00:25,25.58023472,66.27054096,11,3.82E-05,10.85,12.38,98.1
1,05/08/2019 00:30,24.73271216,64.67985991,10.99,3.92E-05,10.86,12.31,98.1
1,05/08/2019 00:35,24.09209667,62.97734094,10.98,4.02E-05,10.86,12.28,98.1
1,05/08/2019 00:40,23.59194752,61.22917424,10.96,3.72E-05,10.84,12.24,98.1
1,05/08/2019 00:45,23.18806413,59.59503372,10.97,3.82E-05,10.87,12.08,98.1
1,05/08/2019 00:50,22.85062004,57.86868343,10.95,4.21E-05,10.83,12.11,98.1
1,05/08/2019 00:55,22.55927455,56.06674349,10.93,4.02E-05,10.82,12.12,98.1
1,05/08/2019 01:00,22.30004845,54.27705299,10.93,3.82E-05,10.82,12,98.1
1,05/08/2019 01:05,22.06327308,52.6156536,10.9,3.72E-05,10.8,12.07,98.1
1,05/08/2019 01:10,21.84223265,51.02975236,10.9,3.43E-05,10.8,12.03,98.1
1,05/08/2019 01:15,21.65273456,49.50966691,10.88,3.43E-05,10.78,11.99,98.1
1,05/08/2019 01:20,21.48544128,48.06662668,10.87,3.33E-05,10.81,11.85,98.1
1,05/08/2019 01:25,21.33381803,46.7402505,10.86,3.62E-05,10.79,11.83,98.1
1,05/08/2019 01:30,21.19327247,45.48255948,10.85,3.92E-05,10.78,11.84,98.1
1,05/08/2019 01:35,21.06057102,44.29424434,10.82,3.62E-05,10.79,11.71,98.1
1,05/08/2019 01:40,20.93343089,43.17348586,10.82,3.33E-05,10.77,11.71,98.1
1,05/08/2019 01:45,20.81023808,42.13445953,10.79,3.13E-05,10.73,11.8,98.1
1,05/08/2019 01:50,20.68985135,41.15206026,10.77,2.84E-05,10.75,11.73,98.1
1,05/08/2019 01:55,20.57146087,40.22331501,10.76,2.94E-05,10.74,11.67,98.1
1,05/08/2019 02:00,20.45449331,39.3448985,10.73,3.33E-05,10.74,11.68,98.1
1,05/08/2019 02:05,20.33853973,38.51338966,10.71,2.84E-05,10.73,11.6,98.1
1,05/08/2019 02:10,20.22330969,37.73579046,10.69,3.23E-05,10.77,11.5,98.1
1,05/08/2019 02:15,20.13883906,36.99720272,10.66,2.55E-05,10.71,11.63,98.1
1,05/08/2019 02:20,20.07635268,36.29581587,10.61,2.64E-05,10.72,11.56,98.1
1,05/08/2019 02:25,20.0296081,35.62959017,10.58,3.04E-05,10.69,11.76,98.1
1,05/08/2019 02:30,19.99414937,34.99640176,10.57,2.84E-05,10.68,11.8,98.1
1,05/08/2019 02:35,19.96678987,34.40022485,10.52,3.04E-05,10.67,11.75,98.1
1,05/08/2019 02:40,19.94524661,33.83216368,10.48,3.23E-05,10.65,11.87,98.1
1,05/08/2019 02:45,19.92788344,33.29044014,10.43,3.04E-05,10.67,11.56,98.1
1,05/08/2019 02:50,19.91352377,32.77334737,10.4,2.94E-05,10.71,11.45,98.1
1,05/08/2019 02:55,19.90132332,32.27926858,10.37,3.13E-05,10.65,11.69,98.1
1,05/08/2019 03:00,19.89067605,31.81156506,10.34,3.53E-05,10.61,11.91,98.1
1,05/08/2019 03:05,19.88114631,31.36355116,10.29,2.74E-05,10.68,11.56,98.1
1,05/08/2019 03:10,19.87242024,30.93396666,10.26,3.13E-05,10.63,11.8,98.1
1,05/08/2019 03:15,19.85115534,30.5216365,10.25,3.72E-05,10.58,11.98,98.1
1,05/08/2019 03:20,19.82087476,30.12546496,10.2,3.23E-05,10.59,11.95,98.1
1,05/08/2019 03:25,19.78411294,29.74884711,10.15,3.33E-05,10.61,11.84,98.1
1,05/08/2019 03:30,19.74269621,29.38615279,10.15,3.43E-05,10.62,11.78,98.1
1,05/08/2019 03:35,19.69793284,29.0376667,10.12,4.11E-05,10.57,11.9,98.1
1,05/08/2019 03:40,19.65076544,28.70332915,10.09,5.19E-05,10.58,11.66,98.1
1,05/08/2019 03:45,19.60186994,28.38285793,10.08,6.66E-05,10.56,11.87,98
1,05/08/2019 03:50,19.55173216,28.07582557,10.05,9.30E-05,10.54,12.03,98
1,05/08/2019 03:55,19.50070209,27.78172983,10.03,0.000130244,10.56,11.83,98
1,05/08/2019 04:00,19.44903005,27.50063744,10.01,0.000200752,10.56,11.73,98
1,05/08/2019 04:05,19.39689657,27.23134294,9.98,0.000307493,10.57,11.73,98
1,05/08/2019 04:10,19.3444305,26.97317178,9.97,0.000480825,10.56,11.74,98
1,05/08/2019 04:15,19.75749626,26.72560772,9.95,0.000816717,10.53,11.84,98
1,05/08/2019 04:20,20.5140724,26.488147,9.92,0.001255434,10.53,11.83,98
1,05/08/2019 04:25,21.52787244,26.26029471,9.91,0.001740176,10.55,11.74,98
1,05/08/2019 04:30,22.73500333,26.04157797,9.89,0.002293468,10.53,11.75,98
1,05/08/2019 04:35,24.08672404,25.83154391,9.86,0.003175797,10.54,11.64,98
1,05/08/2019 04:40,25.54532072,25.63003709,9.85,0.004386183,10.54,11.66,98
1,05/08/2019 04:45,27.08156477,25.43591104,9.83,0.005414425,10.58,11.41,98
1,05/08/2019 04:50,28.67297737,25.24849519,9.83,0.006742325,10.55,11.6,98
1,05/08/2019 04:55,30.30249652,25.06724192,9.81,0.008588263,10.53,11.58,98
1,05/08/2019 05:00,31.95739551,24.8916987,9.8,0.011046249,10.56,11.38,98
1,05/08/2019 05:05,33.62837206,24.72148135,9.8,0.012280139,10.56,11.4,98
1,05/08/2019 05:10,35.30877425,24.55625789,9.78,0.01383719,10.54,11.47,98
1,05/08/2019 05:15,36.90146232,24.39573799,9.77,0.01634414,10.53,11.43,98
1,05/08/2019 05:20,38.43173142,24.23966379,9.78,0.019810782,10.57,11.21,98
1,05/08/2019 05:25,39.91792792,24.08943243,9.78,0.021622445,10.58,11.13,98
1,05/08/2019 05:30,41.37315034,23.94315274,9.76,0.026185878,10.57,11.16,98
1,05/08/2019 05:35,42.80663379,23.80062684,9.78,0.026391526,10.55,11.13,98
1,05/08/2019 05:40,44.22481407,23.66167233,9.78,0.028820134,10.57,11.15,98
1,05/08/2019 05:45,45.63215808,23.5261234,9.79,0.03367735,10.55,11.12,98
1,05/08/2019 05:50,47.03173968,23.40834178,9.82,0.038113476,10.62,10.87,98
1,05/08/2019 05:55,48.42566825,23.31823005,9.85,0.042735666,10.58,10.92,98
1,05/08/2019 06:00,49.81538844,23.26263669,9.88,0.051872324,10.61,10.83,98
1,05/08/2019 06:05,51.20189814,23.24627464,9.92,0.057532547,10.62,10.8,98
1,05/08/2019 06:10,52.58588441,23.27234153,9.98,0.064475624,10.63,10.73,98
1,05/08/2019 06:15,53.52462466,23.34296684,10.06,0.075639386,10.62,10.75,98
1,05/08/2019 06:20,54.1829872,23.45953024,10.15,0.083238579,10.64,10.71,98
1,05/08/2019 06:25,54.66656507,23.62291069,10.26,0.092345859,10.63,10.74,98
1,05/08/2019 06:30,55.04187808,23.83366175,10.36,0.099690439,10.64,10.68,98
1,05/08/2019 06:35,55.35041269,24.09214583,10.44,0.11134384,10.66,10.66,98
1,05/08/2019 06:40,55.61787493,24.4319791,10.5,0.125445435,10.69,10.55,98
1,05/08/2019 06:45,55.86012301,24.83824513,10.57,0.139644957,10.66,10.67,98
1,05/08/2019 06:50,56.086918,25.28770487,10.64,0.150025298,10.71,10.57,98
1,05/08/2019 06:55,56.30425221,25.77920024,10.73,0.157076095,10.71,10.61,98
1,05/08/2019 07:00,56.51579717,26.35444017,10.81,0.168533641,10.73,10.58,98
1,05/08/2019 07:05,56.7238074,26.97747598,10.89,0.175094799,10.74,10.56,98
1,05/08/2019 07:10,56.92965502,27.64124044,10.94,0.191840443,10.77,10.49,98
1,05/08/2019 07:15,57.06041254,28.39134633,10.99,0.209565364,10.81,10.38,98
1,05/08/2019 07:20,57.14545894,29.18880653,11.01,0.220827054,10.8,10.52,98
1,05/08/2019 07:25,57.20271747,30.03906803,11.05,0.223960741,10.81,10.53,98
1,05/08/2019 07:30,57.24309579,30.95732176,11.07,0.234732793,10.8,10.49,98
1,05/08/2019 07:35,57.27323363,31.8888393,11.09,0.275176949,10.83,10.5,98
1,05/08/2019 07:40,57.29715375,32.83398438,11.12,0.305338693,10.84,10.5,98
1,05/08/2019 07:45,57.31730033,33.7830149,11.12,0.350287526,10.87,10.45,98
1,05/08/2019 07:50,57.33516264,34.72551288,11.15,0.328743423,10.88,10.48,98
1,05/08/2019 07:55,57.35163484,35.66409386,11.15,0.380351342,10.91,10.5,98
1,05/08/2019 08:00,57.36726816,36.59635491,11.16,0.419816221,10.92,10.43,98
1,05/08/2019 08:05,57.38239076,37.51561785,11.19,0.354400491,10.93,10.44,98
1,05/08/2019 08:10,57.39720251,38.42055418,11.2,0.392984021,10.96,10.46,98
1,05/08/2019 08:15,57.51289593,39.31519535,11.21,0.349602032,10.97,10.43,98
1,05/08/2019 08:20,57.68985688,40.18859163,11.22,0.364878759,10.98,10.44,98
1,05/08/2019 08:25,57.90405787,41.03729474,11.23,0.518723239,11.01,10.28,97.9
1,05/08/2019 08:30,58.14089714,41.85975037,11.23,0.755904225,11.01,10.44,97.9
1,05/08/2019 08:35,58.39149134,42.65492178,11.26,0.454482641,11.07,10.34,97.9
1,05/08/2019 08:40,58.65043857,43.42316869,11.22,0.505600922,11.03,10.46,97.9
1,05/08/2019 08:45,58.91445236,44.16289309,11.26,0.531355917,11.06,10.47,97.9
1,05/08/2019 08:50,59.18153892,44.87397838,11.26,0.392494382,11.06,10.58,97.9
1,05/08/2019 08:55,59.45048594,45.55647301,11.4,0.398174191,11.09,10.44,97.9
1,05/08/2019 09:00,59.72055872,46.21057573,11.39,0.405420844,11.09,10.45,97.9
1,05/08/2019 09:05,59.99130498,46.83660377,11.42,0.565924409,11.1,10.49,97.9
1,05/08/2019 09:10,60.26245898,47.44073879,11.39,0.523815481,11.11,10.53,97.9
1,05/08/2019 09:15,60.44179467,48.03624173,11.39,0.403462289,11.1,10.61,97.9
1,05/08/2019 09:20,60.56582677,48.62019208,11.39,0.39386537,11.14,10.53,97.9
1,05/08/2019 09:25,60.65660562,49.19056611,11.39,0.452426159,11.12,10.52,97.9
1,05/08/2019 09:30,60.72741002,49.74812922,11.43,0.616553051,11.16,10.54,97.9
1,05/08/2019 09:35,60.78622667,50.2934627,11.4,0.370656496,11.16,10.53,97.9
1,05/08/2019 09:40,60.83784966,50.82705168,11.41,0.608620904,11.12,10.58,97.9
1,05/08/2019 09:45,60.88516083,51.34930725,11.41,0.751007838,11.18,10.49,97.9
1,05/08/2019 09:50,60.92988245,51.86060866,11.4,0.833365067,11.24,10.46,97.9
1,05/08/2019 09:55,60.97305256,52.36131596,11.4,0.49179311,11.23,10.48,97.9
1,05/08/2019 10:00,61.01529525,52.85178265,11.41,0.498843908,11.21,10.56,97.9
1,05/08/2019 10:05,61.05697992,53.32657444,11.4,0.486798796,11.23,10.56,97.9
1,05/08/2019 10:10,61.09833393,53.78367303,11.38,0.45800804,11.24,10.46,97.9
1,05/08/2019 10:15,61.13560563,54.2243279,11.37,0.459476956,11.25,10.53,97.9
1,05/08/2019 10:20,61.17043107,54.64353881,11.39,0.47837701,11.22,10.62,97.9
1,05/08/2019 10:25,61.20379372,55.04176476,11.4,0.494633015,11.24,10.7,97.9
1,05/08/2019 10:30,61.23627953,55.41966475,11.37,0.475537105,11.25,10.76,97.9
1,05/08/2019 10:35,61.26823971,55.77801415,11.37,0.514120635,11.28,10.56,97.9
1,05/08/2019 10:40,61.29988714,56.11764842,11.37,0.486211229,11.26,10.79,97.9
1,05/08/2019 10:45,61.33134674,56.4394282,11.37,0.404931205,11.27,10.76,97.9
1,05/08/2019 10:50,61.36269342,56.74422333,11.36,0.459183173,11.28,10.72,97.8
1,05/08/2019 10:55,61.3939751,57.03289744,11.37,0.48268583,11.3,10.72,97.8
1,05/08/2019 11:00,61.42521225,57.30602969,11.35,0.451740665,11.29,10.79,97.8
1,05/08/2019 11:05,61.45642613,57.56430239,11.35,0.446550494,11.31,10.73,97.8
1,05/08/2019 11:10,61.48762581,57.80843725,11.36,0.401895445,11.31,10.69,97.8
1,05/08/2019 11:15,61.34071773,58.0391668,11.33,0.441752035,11.33,10.71,97.8
1,05/08/2019 11:20,61.08758611,58.25722529,11.36,0.483077541,11.31,10.84,97.8
1,05/08/2019 11:25,60.77119418,58.46332526,11.34,0.530572495,11.32,10.85,97.8
1,05/08/2019 11:30,60.41715233,58.65815602,11.32,0.445375362,11.33,10.77,97.8
1,05/08/2019 11:35,60.04069948,58.84237943,11.33,0.466723609,11.35,10.78,97.8
1,05/08/2019 11:40,59.65089637,59.01663094,11.32,1.150650945,11.34,10.87,97.8
1,05/08/2019 11:45,59.25314173,59.18150799,11.3,0.604116228,11.31,10.92,97.8
1,05/08/2019 11:50,58.85064303,59.33758898,11.31,1.1526095,11.31,11.05,97.8
1,05/08/2019 11:55,58.44532046,59.485423,11.31,1.22017964,11.31,11.1,97.8
1,05/08/2019 12:00,58.0383127,59.61323783,11.28,0.8363029,11.32,11.06,97.8
1,05/08/2019 12:05,57.63030597,59.71497318,11.28,1.460102603,11.31,11.23,97.8
1,05/08/2019 12:10,57.22170805,59.78794592,11.28,1.154568055,11.3,11.19,97.8
1,05/08/2019 12:15,57.11521412,59.83145194,11.26,1.154568055,11.31,11.24,97.8
1,05/08/2019 12:20,57.19144504,59.84592507,11.27,0.747286584,11.32,11.3,97.8
1,05/08/2019 12:25,57.3786527,59.83243471,11.24,1.07720514,11.29,11.35,97.8
1,05/08/2019 12:30,57.63339529,59.79237805,11.26,1.29950111,11.29,11.46,97.8
1,05/08/2019 12:35,57.92927035,59.72730722,11.24,1.27306062,11.33,11.45,97.8
1,05/08/2019 12:40,58.25018893,59.63882304,11.23,1.32202449,11.31,11.47,97.8
1,05/08/2019 12:45,58.5863481,59.52851098,11.23,1.074267308,11.29,11.6,97.8
1,05/08/2019 12:50,58.93177065,59.3978993,11.23,1.169257216,11.3,11.59,97.8
1,05/08/2019 12:55,59.28281546,59.24845684,11.24,0.425789814,11.28,11.7,97.8
1,05/08/2019 13:00,59.63726594,59.10227207,11.09,1.427786449,11.27,11.81,97.8
1,05/08/2019 13:05,59.99377423,58.97158264,11.11,1.516900693,11.26,11.9,97.8
1,05/08/2019 13:10,60.35152554,58.86282029,11.27,0.551431104,11.24,11.93,97.8
1,05/08/2019 13:15,60.40475019,58.77899325,11.37,0.895059544,11.25,12.01,97.8
1,05/08/2019 13:20,60.27494364,58.72111561,11.36,1.57076095,11.24,12.08,97.7
1,05/08/2019 13:25,60.03554605,58.68905974,11.34,1.524734912,11.25,12.12,97.7
1,05/08/2019 13:30,59.73064122,58.68206985,11.32,1.422890062,11.25,12.22,97.7
1,05/08/2019 13:35,59.38660463,58.69906441,11.31,1.51396286,11.24,12.29,97.7
1,05/08/2019 13:40,59.01919142,58.73880873,11.3,1.181008544,11.24,12.29,97.7
1,05/08/2019 13:45,58.63780185,58.80002441,11.29,1.515921415,11.26,12.34,97.7
1,05/08/2019 13:50,58.24806048,58.88144265,11.3,1.510045751,11.25,12.41,97.7
1,05/08/2019 13:55,57.85332081,58.9818385,11.29,0.892121711,11.24,12.53,97.7
1,05/08/2019 14:00,57.45558823,59.07914663,11.29,0.656605497,11.24,12.52,97.7
1,05/08/2019 14:05,57.05606817,59.16102949,11.28,1.496335867,11.25,12.53,97.7
1,05/08/2019 14:10,56.65548182,59.2209719,11.29,1.340630761,11.26,12.59,97.7
1,05/08/2019 14:15,56.19155166,59.25593005,11.29,1.39742885,11.25,12.66,97.7
1,05/08/2019 14:20,55.68948423,59.2648958,11.29,1.483605261,11.26,12.72,97.7
1,05/08/2019 14:25,55.16444648,59.24804202,11.29,1.435620668,11.28,12.74,97.7
1,05/08/2019 14:30,54.62556897,59.20619433,11.29,1.353361367,11.26,12.83,97.7
1,05/08/2019 14:35,54.07834683,59.14053742,11.29,1.288729058,11.28,12.79,97.7
1,05/08/2019 14:40,53.52609874,59.05242528,11.28,1.167298661,11.31,12.84,97.7
1,05/08/2019 14:45,52.97082779,58.94327493,11.26,1.006697167,11.31,12.83,97.7
1,05/08/2019 14:50,52.41374846,58.8144928,11.26,0.910727982,11.34,12.85,97.7
1,05/08/2019 14:55,51.85559546,58.66745107,11.24,0.552116598,11.3,12.96,97.7
1,05/08/2019 15:00,51.29681497,58.49920965,11.22,0.83238579,11.36,12.82,97.7
1,05/08/2019 15:05,50.73767535,58.30877629,11.19,0.824551571,11.35,12.89,97.7
1,05/08/2019 15:10,50.17835459,58.09628122,11.18,1.003759335,11.36,12.93,97.7
1,05/08/2019 15:15,49.83285732,57.86248467,11.17,1.17904999,11.39,12.82,97.7
1,05/08/2019 15:20,49.61931091,57.60847661,11.14,1.208428312,11.38,12.87,97.7
1,05/08/2019 15:25,49.48753499,57.33550089,11.13,1.239765188,11.41,12.89,97.7
1,05/08/2019 15:30,49.40657441,57.04485212,11.11,1.239765188,11.41,12.91,97.7
1,05/08/2019 15:35,49.35725417,56.73781601,11.07,1.060557424,11.38,13.03,97.7
1,05/08/2019 15:40,49.3276471,56.4156373,11.04,0.841199287,11.44,12.93,97.7
1,05/08/2019 15:45,49.31033272,56.07949868,11.06,1.014531386,11.42,12.99,97.7
1,05/08/2019 15:50,49.30068601,55.73051499,11.05,0.924437866,11.45,12.97,97.7
1,05/08/2019 15:55,49.29582413,55.36972832,11.02,0.789297584,11.45,13.05,97.7
1,05/08/2019 16:00,49.29395091,55.01189145,11.02,0.720748166,11.45,13.06,97.7
1,05/08/2019 16:05,49.29393811,54.66525082,11,0.41942451,11.47,12.97,97.6
1,05/08/2019 16:10,49.29508903,54.33415347,10.98,0.402385084,11.49,13.01,97.6
1,05/08/2019 16:15,49.31247116,54.02062065,10.98,0.413059207,11.46,13.15,97.6
1,05/08/2019 16:20,49.33998788,53.72530213,10.93,0.388968983,11.47,13.07,97.6
1,05/08/2019 16:25,49.37383075,53.44991873,10.94,0.407281471,11.51,13.04,97.6
1,05/08/2019 16:30,49.41162596,53.19112015,10.94,0.392788165,11.55,12.91,97.6
1,05/08/2019 16:35,49.45189187,52.94844488,10.94,0.397096986,11.53,12.99,97.6
1,05/08/2019 16:40,49.49369817,52.72119474,10.94,0.394942575,11.54,13.04,97.6
1,05/08/2019 16:45,49.53646623,52.50854866,10.94,0.401503734,11.51,13.17,97.6
1,05/08/2019 16:50,49.57983395,52.30964993,10.94,0.358905167,11.54,13.05,97.6
1,05/08/2019 16:55,49.62357835,52.12362848,10.95,0.312977057,11.53,13.06,97.6
1,05/08/2019 17:00,49.66755608,51.94965427,10.94,0.270868129,11.54,13.17,97.6
1,05/08/2019 17:05,49.71168068,51.7878946,10.95,0.271651551,11.57,13.05,97.6
1,05/08/2019 17:10,49.75589521,51.6381246,10.95,0.273512178,11.54,13.14,97.6
1,05/08/2019 17:15,50.05576596,51.49991401,10.93,0.258725089,11.53,13.13,97.6
1,05/08/2019 17:20,50.51588237,51.37272273,10.95,0.246386194,11.57,13.05,97.6
1,05/08/2019 17:25,51.07668448,51.25596287,10.93,0.258333378,11.57,13.11,97.6
1,05/08/2019 17:30,51.70076172,51.14904032,10.94,0.271651551,11.53,13.15,97.6
1,05/08/2019 17:35,52.36455236,51.05136307,10.96,0.300246451,11.54,13.16,97.6
1,05/08/2019 17:40,53.05320764,50.96236721,10.94,0.320909204,11.56,13.1,97.6
1,05/08/2019 17:45,53.75737763,50.88151296,10.95,0.267440658,11.58,13.06,97.6
1,05/08/2019 17:50,54.47118083,50.80829236,10.96,0.257843739,11.57,13.14,97.6
1,05/08/2019 17:55,55.1909295,50.74222501,11.17,0.241098096,11.57,13.15,97.6
1,05/08/2019 18:00,55.91432059,50.68286344,11.16,0.228563345,11.55,13.19,97.6
1,05/08/2019 18:05,56.63991699,50.64515283,11.16,0.222883536,11.59,13.11,97.6
1,05/08/2019 18:10,57.36681801,50.63738162,11.17,0.218183005,11.54,13.22,97.6
1,05/08/2019 18:15,57.83988435,50.66379182,11.16,0.20711717,11.57,13.15,97.6
1,05/08/2019 18:20,58.15757684,50.72618142,11.19,0.208096448,11.55,13.17,97.6
1,05/08/2019 18:25,58.38063196,50.82488882,11.08,0.213972112,11.56,13.22,97.6
1,05/08/2019 18:30,58.54621887,50.95940048,11.09,0.2305219,11.54,13.24,97.6
1,05/08/2019 18:35,58.67698301,51.12872502,11.12,0.210740496,11.54,13.21,97.6
1,05/08/2019 18:40,58.78666727,51.3316195,11.11,0.187237839,11.57,13.13,97.6
1,05/08/2019 18:45,58.88360213,51.56673511,11.12,0.254122485,11.57,13.15,97.6
1,05/08/2019 18:50,58.97283401,51.83268418,11.13,0.154627901,11.57,13.11,97.6
1,05/08/2019 18:55,59.05741331,52.12809418,11.14,0.157761589,11.52,13.26,97.6
1,05/08/2019 19:00,59.13918267,52.45163704,11.13,0.137882258,11.54,13.2,97.6
1,05/08/2019 19:05,59.21925601,52.786178,11.23,0.13866568,11.55,13.11,97.6
1,05/08/2019 19:10,59.29830142,53.12145906,11.24,0.127991556,11.53,13.15,97.6
1,05/08/2019 19:15,59.33335762,53.45147077,11.22,0.112616901,11.52,13.18,97.6
1,05/08/2019 19:20,59.34190234,53.77438735,11.22,0.095577474,11.51,13.2,97.6
1,05/08/2019 19:25,59.33448158,54.09211839,11.22,0.088037038,11.51,13.13,97.6
1,05/08/2019 19:30,59.31744665,54.39732801,11.22,0.0857847,11.51,13.1,97.6
1,05/08/2019 19:35,59.29462699,54.69013314,11.22,0.08274894,11.51,13.14,97.6
1,05/08/2019 19:40,59.26832344,54.97084701,11.22,0.079125614,11.51,13.07,97.6
1,05/08/2019 19:45,59.23992339,55.23990189,11.22,0.074160678,11.5,13.11,97.6
1,05/08/2019 19:50,59.21026119,55.49779072,11.19,0.068755066,11.48,13.11,97.6
1,05/08/2019 19:55,59.17984039,55.745032,11.21,0.062213493,11.49,13.05,97.6
1,05/08/2019 20:00,59.14896121,55.9793211,11.2,0.053635023,11.46,13.11,97.6
1,05/08/2019 20:05,59.11780788,56.19961834,11.19,0.045957488,11.47,13.07,97.6
1,05/08/2019 20:10,59.08648905,56.40565416,11.19,0.03974887,11.46,13.01,97.6
1,05/08/2019 20:15,59.11868414,56.59759766,11.15,0.034118025,11.44,13.1,97.7
1,05/08/2019 20:20,59.18917138,56.77587384,11.14,0.028154225,11.42,13.05,97.7
1,05/08/2019 20:25,59.28275869,56.94104602,11.13,0.022562551,11.42,13.04,97.7
1,05/08/2019 20:30,59.39028904,57.09375016,11.1,0.017303832,11.43,12.97,97.7
1,05/08/2019 20:35,59.50623038,57.23464405,11.12,0.013034182,11.41,13.02,97.7
1,05/08/2019 20:40,59.62724448,57.36438988,11.11,0.009430441,11.4,13.01,97.7
1,05/08/2019 20:45,59.75131819,57.48364046,11.1,0.006474982,11.37,13.01,97.7
1,05/08/2019 20:50,59.87723781,57.59302139,11.06,0.004329385,11.34,13.06,97.7
1,05/08/2019 20:55,60.00426742,57.69314191,11.05,0.002836967,11.37,12.9,97.7
1,05/08/2019 21:00,60.13196603,57.78884044,11.03,0.00177543,11.34,13,97.7
1,05/08/2019 21:05,60.26006815,57.88297683,11,0.001086998,11.35,12.9,97.7
1,05/08/2019 21:10,60.38841103,57.97720337,10.99,0.000638489,11.32,12.96,97.7
1,05/08/2019 21:15,60.24909019,58.07245772,10.97,0.000382897,11.31,12.96,97.7
1,05/08/2019 21:20,59.94949039,58.16924132,10.96,0.000238944,11.29,12.88,97.7
1,05/08/2019 21:25,59.55417731,58.2677994,10.95,0.000160601,11.29,12.88,97.7
1,05/08/2019 21:30,59.10176487,58.36822496,10.94,0.000118493,11.29,12.88,97.7
1,05/08/2019 21:35,58.61529249,58.47052662,10.92,8.62E-05,11.29,12.88,97.6
1,05/08/2019 21:40,58.10849413,58.57465527,10.91,6.56E-05,11.24,12.86,97.6
1,05/08/2019 21:45,57.58955994,58.68054805,10.91,4.90E-05,11.27,12.77,97.6
1,05/08/2019 21:50,57.06337661,58.78811312,10.9,3.92E-05,11.24,12.8,97.6
1,05/08/2019 21:55,56.5328655,58.89725653,10.89,3.53E-05,11.24,12.73,97.6
1,05/08/2019 22:00,55.99977339,58.98959177,10.89,2.94E-05,11.25,12.71,97.6
1,05/08/2019 22:05,55.46515271,59.05523187,10.9,2.74E-05,11.22,12.72,97.6
1,05/08/2019 22:10,54.9296279,59.08937462,10.89,3.04E-05,11.18,12.73,97.6
1,05/08/2019 22:15,54.0053709,59.09022078,10.88,2.74E-05,11.19,12.7,97.6
1,05/08/2019 22:20,52.84775221,59.05772055,10.87,2.74E-05,11.18,12.64,97.6
1,05/08/2019 22:25,51.55051924,58.99281013,10.87,2.35E-05,11.17,12.63,97.6
1,05/08/2019 22:30,50.16992532,58.89696236,10.86,1.96E-05,11.15,12.67,97.6
1,05/08/2019 22:35,48.73969139,58.77191871,10.86,2.25E-05,11.16,12.57,97.6
1,05/08/2019 22:40,47.28005648,58.61952706,10.86,2.25E-05,11.13,12.65,97.6
1,05/08/2019 22:45,45.80322235,58.4416463,10.85,2.35E-05,11.11,12.64,97.6
1,05/08/2019 22:50,44.31659293,58.24009294,10.86,1.47E-05,11.09,12.65,97.6
1,05/08/2019 22:55,42.82469061,58.01660913,10.86,1.96E-05,11.08,12.64,97.6
1,05/08/2019 23:00,41.33031971,57.74678622,10.84,1.47E-05,11.09,12.54,97.6
1,05/08/2019 23:05,39.83525549,57.41867686,10.84,1.86E-05,11.04,12.58,97.6
1,05/08/2019 23:10,38.34065349,57.02772302,10.83,1.76E-05,11.03,12.62,97.6
1,05/08/2019 23:15,37.34655409,56.57367657,10.81,2.06E-05,11,12.58,97.6
1,05/08/2019 23:20,36.66960988,56.05872478,10.8,1.76E-05,11.02,12.57,97.6
1,05/08/2019 23:25,36.19632186,55.4863674,10.8,1.86E-05,11,12.57,97.6
1,05/08/2019 23:30,35.85499398,54.86074706,10.78,1.47E-05,10.99,12.51,97.6
1,05/08/2019 23:35,35.59969918,54.18626188,10.8,2.15E-05,10.97,12.59,97.6
1,05/08/2019 23:40,35.40073172,53.50111156,10.77,1.47E-05,10.99,12.47,97.6
1,05/08/2019 23:45,35.23875097,52.83249871,10.76,1.47E-05,10.95,12.56,97.6
1,05/08/2019 23:50,35.10111112,52.1200636,10.76,1.18E-05,10.95,12.52,97.6
1,05/08/2019 23:55,34.97951212,51.36811308,10.75,1.08E-05,10.93,12.54,97.6
1,06/08/2019 00:00,34.86849711,50.5807174,10.72,1.96E-06,10.91,12.53,97.6
1,06/08/2019 00:05,34.76447357,49.79127646,10.72,0,10.89,12.56,97.6
1,06/08/2019 00:10,34.66506731,49.01883278,10.68,0,10.89,12.47,97.6
1,06/08/2019 00:15,34.53627377,48.27378972,10.67,0,10.88,12.53,97.6
1,06/08/2019 00:20,34.38805421,47.56134066,10.62,0,10.87,12.52,97.6
1,06/08/2019 00:25,34.22699549,46.89791181,10.59,0,10.87,12.44,97.6
1,06/08/2019 00:30,34.05745063,46.26504254,10.58,0,10.85,12.47,97.6
1,06/08/2019 00:35,33.88229486,45.66330014,10.54,0,10.85,12.43,97.6
1,06/08/2019 00:40,33.70342799,45.0921482,10.52,0,10.84,12.41,97.6
1,06/08/2019 00:45,33.52210606,44.55042915,10.48,0,10.85,12.33,97.6
1,06/08/2019 00:50,33.33915668,44.03666042,10.48,0,10.81,12.43,97.6
1,06/08/2019 00:55,33.15513258,43.54922074,10.46,0,10.8,12.41,97.6
1,06/08/2019 01:00,32.97039781,43.08645719,10.45,0,10.8,12.39,97.6
1,06/08/2019 01:05,32.78519227,42.64674986,10.43,0,10.82,12.28,97.6
1,06/08/2019 01:10,32.59967716,42.23351397,10.42,0,10.78,12.35,97.6
1,06/08/2019 01:15,32.33214112,41.8382218,10.39,0,10.78,12.33,97.6
1,06/08/2019 01:20,32.01012382,41.45860678,10.38,0,10.79,12.3,97.6
1,06/08/2019 01:25,31.65195458,41.09292401,10.37,0,10.77,12.3,97.6
1,06/08/2019 01:30,31.26980306,40.7397862,10.36,0,10.76,12.27,97.6
1,06/08/2019 01:35,30.87174452,40.39806228,10.35,0,10.74,12.28,97.6
1,06/08/2019 01:40,30.46313429,40.06679966,10.34,0,10.73,12.27,97.6
1,06/08/2019 01:45,30.04752897,39.74518624,10.33,0,10.76,12.13,97.6
1,06/08/2019 01:50,29.62729152,39.43251009,10.31,0,10.73,12.19,97.6
1,06/08/2019 01:55,29.20399632,39.12814023,10.3,0,10.7,12.29,97.6
1,06/08/2019 02:00,28.77869456,38.83151197,10.31,0,10.72,12.11,97.6
1,06/08/2019 02:05,28.35208859,38.54210914,10.29,0,10.7,12.2,97.6
1,06/08/2019 02:10,27.92464993,38.26826061,10.29,0,10.73,12.06,97.6
1,06/08/2019 02:15,27.64744152,38.00022954,10.28,0,10.71,12.05,97.6
1,06/08/2019 02:20,27.47217276,37.73381908,10.26,0,10.68,12.12,97.6
1,06/08/2019 02:25,27.36646511,37.4664042,10.25,0,10.68,12.06,97.6
1,06/08/2019 02:30,27.30840706,37.19640006,10.25,0,10.67,12.13,97.6
1,06/08/2019 02:35,27.28307232,36.92289151,10.24,0,10.65,12.17,97.6
1,06/08/2019 02:40,27.28024942,36.64539847,10.23,0,10.61,12.38,97.6
1,06/08/2019 02:45,27.29293032,36.36372709,10.23,0,10.56,12.45,97.6
1,06/08/2019 02:50,27.31629587,36.07785413,10.21,0,10.59,12.3,97.6
1,06/08/2019 02:55,27.34702697,35.7878741,10.2,0,10.61,12.25,97.5
1,06/08/2019 03:00,27.38283867,35.49394788,10.2,0,10.57,12.38,97.5
1,06/08/2019 03:05,27.42215248,35.19627199,10.2,0,10.61,12.09,97.5
1,06/08/2019 03:10,27.46388146,34.91377853,10.18,0,10.56,12.29,97.5
1,06/08/2019 03:15,27.49347102,34.62693703,10.16,0,10.57,12.22,97.5
1,06/08/2019 03:20,27.51469575,34.33602112,10.17,0,10.55,12.39,97.5
1,06/08/2019 03:25,27.5301585,34.04777553,10.15,0,10.54,12.24,97.5
1,06/08/2019 03:30,27.54165656,33.76640929,10.14,0,10.58,11.97,97.5
1,06/08/2019 03:35,27.55042463,33.49446059,10.14,0,10.55,12.09,97.5
1,06/08/2019 03:40,27.55731635,33.23337564,10.12,0,10.58,11.95,97.5
1,06/08/2019 03:45,27.56291573,32.9838783,10.12,0,10.53,12.07,97.5
1,06/08/2019 03:50,27.56762519,32.74622536,10.11,0,10.59,11.9,97.5
1,06/08/2019 03:55,27.57172312,32.5203645,10.11,0,10.53,12.11,97.5
1,06/08/2019 04:00,27.57540078,32.30606127,10.09,2.84E-05,10.51,12.11,97.5
1,06/08/2019 04:05,27.57878924,32.1017165,10.08,9.89E-05,10.51,12.06,97.5
1,06/08/2019 04:10,27.58197782,31.90802378,10.07,0.000193897,10.49,12.05,97.5
1,06/08/2019 04:15,28.33511177,31.72460615,10.06,0.000385835,10.49,12.18,97.5
1,06/08/2019 04:20,29.61796366,31.55105009,10.05,0.000804966,10.37,12.81,97.5
1,06/08/2019 04:25,31.28012919,31.38692801,10.04,0.001360216,10.41,12.59,97.5
1,06/08/2019 04:30,33.21393738,31.23126103,10.01,0.002020249,10.45,12.3,97.5
1,06/08/2019 04:35,35.34030453,31.08328124,10,0.00241196,10.45,12.09,97.5
1,06/08/2019 04:40,37.60071027,30.94236808,10,0.003392217,10.47,11.95,97.5
1,06/08/2019 04:45,39.95209674,30.80801026,10,0.006309484,10.41,12.29,97.5
1,06/08/2019 04:50,42.36323673,30.67977404,9.99,0.009773188,10.39,12.28,97.5
1,06/08/2019 04:55,44.81192239,30.55728615,9.99,0.010967907,10.42,12.17,97.5
1,06/08/2019 05:00,47.28272644,30.44021191,10,0.013318173,10.42,12.16,97.5
1,06/08/2019 05:05,49.76522912,30.32825945,10.02,0.014052631,10.42,12.1,97.5
1,06/08/2019 05:10,52.25259446,30.22116139,10.03,0.01464999,10.39,12.11,97.5
1,06/08/2019 05:15,53.98804203,30.1186717,10.05,0.01885109,10.39,12.25,97.5
1,06/08/2019 05:20,55.24047325,30.02055978,10.06,0.021720373,10.39,12.28,97.5
1,06/08/2019 05:25,56.1883515,29.92662009,10.11,0.01931135,10.41,12.07,97.5
1,06/08/2019 05:30,56.94645929,29.86544544,10.15,0.022151255,10.41,11.87,97.5
1,06/08/2019 05:35,57.58722554,29.80672466,10.17,0.030651383,10.37,12.11,97.5
1,06/08/2019 05:40,58.15582015,29.79948866,10.21,0.040267887,10.41,11.83,97.5
1,06/08/2019 05:45,58.68019856,29.85629071,10.29,0.039210267,10.44,11.64,97.5
1,06/08/2019 05:50,59.17755657,30.06633968,10.35,0.036017823,10.4,11.82,97.4
1,06/08/2019 05:55,59.65843843,30.35856646,10.42,0.039455086,10.46,11.52,97.4
1,06/08/2019 06:00,60.12929721,30.73416664,10.53,0.046261064,10.45,11.48,97.4
1,06/08/2019 06:05,60.59405975,31.19476889,10.59,0.056318243,10.44,11.47,97.4
1,06/08/2019 06:10,61.05511608,31.74158393,10.64,0.066551692,10.46,11.37,97.4
1,06/08/2019 06:15,61.41028031,32.38441662,10.71,0.075776485,10.48,11.25,97.4
1,06/08/2019 06:20,61.70162859,33.21087834,10.74,0.078224679,10.5,11.2,97.4
1,06/08/2019 06:25,61.95461105,34.09429834,10.78,0.066532107,10.47,11.35,97.4
1,06/08/2019 06:30,62.18456741,35.01386349,10.83,0.062987122,10.48,11.23,97.4
1,06/08/2019 06:35,62.40072562,35.98337658,10.85,0.072065024,10.5,11.23,97.4
1,06/08/2019 06:40,62.60861876,36.96707701,10.87,0.100767644,10.5,11.2,97.4
1,06/08/2019 06:45,62.81156937,37.95397593,10.91,0.142386934,10.5,11.15,97.4
1,06/08/2019 06:50,63.01156272,38.94962292,10.93,0.184985501,10.52,11.18,97.4
1,06/08/2019 06:55,63.2097902,39.95756279,10.95,0.193309359,10.55,11.13,97.4
1,06/08/2019 07:00,63.40696461,40.96054382,10.99,0.158936722,10.54,11.18,97.4
1,06/08/2019 07:05,63.60350811,41.95717573,11.02,0.140624235,10.54,11.16,97.4
1,06/08/2019 07:10,63.79967471,42.95201283,11.03,0.154040335,10.56,11.08,97.4
1,06/08/2019 07:15,63.98248445,43.94230058,11.05,0.183516585,10.55,11.15,97.4
1,06/08/2019 07:20,64.15735091,44.91177182,11.05,0.202122855,10.56,11.19,97.4
1,06/08/2019 07:25,64.32748682,45.85837194,11.07,0.204571049,10.58,11.17,97.4
1,06/08/2019 07:30,64.49481253,46.78069909,11.08,0.214657606,10.62,11.04,97.4
1,06/08/2019 07:35,64.66046832,47.67903925,11.1,0.2457007,10.59,11.19,97.4
1,06/08/2019 07:40,64.8251327,48.56190348,11.1,0.229934334,10.66,10.99,97.4
1,06/08/2019 07:45,64.98920664,49.41819672,11.12,0.205942037,10.65,11.04,97.4
1,06/08/2019 07:50,65.15293264,50.24781398,11.14,0.179893258,10.63,11.14,97.4
1,06/08/2019 07:55,65.31645225,51.0508139,11.15,0.189294321,10.64,11.13,97.4
1,06/08/2019 08:00,65.47984856,51.82739234,11.18,0.186846128,10.66,11.1,97.4
1,06/08/2019 08:05,65.64316976,52.57704694,11.19,0.174703088,10.71,10.99,97.4
1,06/08/2019 08:10,65.80644693,53.29972663,11.2,0.194484492,10.71,10.85,97.4
1,06/08/2019 08:15,65.89431339,54.00012123,11.22,0.180480825,10.69,11.03,97.4
1,06/08/2019 08:20,65.93765816,54.68018705,11.28,0.178032631,10.72,10.99,97.4
1,06/08/2019 08:25,65.95474497,55.33405007,11.3,0.144149633,10.72,10.97,97.4
1,06/08/2019 08:30,65.95635568,55.96243977,11.42,0.094108558,10.73,10.94,97.4
1,06/08/2019 08:35,65.94884844,56.56614926,11.44,0.118100854,10.75,10.89,97.4
1,06/08/2019 08:40,65.93596918,57.14601995,11.41,0.178424342,10.76,10.89,97.4
1,06/08/2019 08:45,65.91992608,57.70292839,11.43,0.25608104,10.73,10.99,97.4
1,06/08/2019 08:50,65.9020189,58.23776671,11.43,0.317481733,10.75,10.96,97.4
1,06/08/2019 08:55,65.8830149,58.75144572,11.43,0.349797887,10.8,10.83,97.4
1,06/08/2019 09:00,65.86336643,59.23970746,11.44,0.355281841,10.78,10.83,97.4
1,06/08/2019 09:05,65.84333388,59.70064452,11.44,0.343236729,10.77,11.01,97.4
1,06/08/2019 09:10,65.82307922,60.13375418,11.45,0.372908834,10.77,10.98,97.4
1,06/08/2019 09:15,65.78821775,60.53934335,11.46,0.398467974,10.8,10.79,97.4
1,06/08/2019 09:20,65.7447542,60.91820356,11.44,0.334912871,10.8,10.87,97.4
1,06/08/2019 09:25,65.69622477,61.27140783,11.46,0.313172913,10.82,10.88,97.4
1,06/08/2019 09:30,65.64470837,61.59975489,11.43,0.346957983,10.81,10.91,97.3
1,06/08/2019 09:35,65.59143392,61.90397277,11.45,0.395236359,10.83,10.9,97.3
1,06/08/2019 09:40,65.53712285,62.18630743,11.45,0.413450918,10.84,11.01,97.3
1,06/08/2019 09:45,65.482202,62.44803686,11.44,0.423537476,10.84,11,97.3
1,06/08/2019 09:50,65.42691809,62.69040106,11.44,0.419032799,10.84,10.97,97.3
1,06/08/2019 09:55,65.37142434,62.91355318,11.43,0.314348045,10.84,10.96,97.3
1,06/08/2019 10:00,65.31580653,63.11808096,11.45,0.257060318,10.88,10.99,97.3
1,06/08/2019 10:05,65.26011796,63.30481073,11.43,0.392396454,10.85,11.03,97.3
1,06/08/2019 10:10,65.20438154,63.47468562,11.43,0.507363621,10.89,10.97,97.3
1,06/08/2019 10:15,65.20040398,63.62868732,11.42,0.611950447,10.87,11.12,97.3
1,06/08/2019 10:20,65.22698693,63.76779893,11.44,0.627814741,10.89,10.98,97.3
1,06/08/2019 10:25,65.27162742,63.89298537,11.43,0.422362343,10.9,10.96,97.3
1,06/08/2019 10:30,65.32694178,64.00516917,11.44,0.354988058,10.89,11.02,97.3
1,06/08/2019 10:35,65.38856165,64.10522903,11.43,0.409729664,10.87,11.14,97.3
1,06/08/2019 10:40,65.4539096,64.19399793,11.43,0.359688589,10.89,11.13,97.3
1,06/08/2019 10:45,65.52145496,64.27225647,11.43,0.313564623,10.88,11.17,97.3
1,06/08/2019 10:50,65.59030103,64.34074338,11.43,0.358905167,10.91,11.1,97.3
1,06/08/2019 10:55,65.65991571,64.40396228,11.42,0.382799536,10.91,11.13,97.3
1,06/08/2019 11:00,65.72998444,64.46453156,11.43,0.421970632,10.91,11.22,97.3
1,06/08/2019 11:05,65.80032462,64.52397908,11.44,0.426769091,10.91,11.19,97.3
1,06/08/2019 11:10,65.87081838,64.58316743,11.41,0.411590291,10.92,11.24,97.3
1,06/08/2019 11:15,65.75271933,64.64258096,11.41,0.378784498,10.91,11.29,97.3
1,06/08/2019 11:20,65.52365335,64.70247562,11.4,0.286144856,10.89,11.33,97.3
1,06/08/2019 11:25,65.22940724,64.76298453,11.41,0.264404898,10.92,11.32,97.3
1,06/08/2019 11:30,64.89689153,64.8241589,11.38,0.326099374,10.89,11.37,97.3
1,06/08/2019 11:35,64.54190162,64.88600514,11.36,0.368012447,10.91,11.32,97.3
1,06/08/2019 11:40,64.17371327,64.94851112,11.35,0.485819518,10.91,11.39,97.3
1,06/08/2019 11:45,63.79776469,65.01164867,11.36,0.517450178,10.91,11.47,97.3
1,06/08/2019 11:50,63.41725359,65.07538144,11.35,0.435876371,10.92,11.51,97.3
1,06/08/2019 11:55,63.03405859,65.12566406,11.34,0.229542623,10.92,11.5,97.3
1,06/08/2019 12:00,62.64928688,65.15522096,11.34,0.11741536,10.91,11.52,97.3
1,06/08/2019 12:05,62.26358997,65.16073222,11.31,0.090191449,10.91,11.57,97.3
1,06/08/2019 12:10,61.87735186,65.14113357,11.31,0.136119559,10.91,11.56,97.3
1,06/08/2019 12:15,61.27147913,65.09664083,11.29,0.192330081,10.9,11.57,97.3
1,06/08/2019 12:20,60.53585829,65.02816,11.29,0.253534919,10.91,11.6,97.3
1,06/08/2019 12:25,59.72366276,64.93696167,11.29,0.272826684,10.92,11.6,97.3
1,06/08/2019 12:30,58.86628026,64.82446722,11.29,0.232284599,10.94,11.53,97.3
1,06/08/2019 12:35,57.98223179,64.6921474,11.27,0.155803034,10.95,11.58,97.3
1,06/08/2019 12:40,57.08244716,64.5414426,11.25,0.14385585,10.95,11.6,97.3
1,06/08/2019 12:45,56.17340218,64.37374901,11.24,0.172646606,10.94,11.64,97.3
1,06/08/2019 12:50,55.25893535,64.1903856,11.21,0.184104151,10.96,11.58,97.3
1,06/08/2019 12:55,54.34133409,63.97653829,11.21,0.146499899,10.97,11.62,97.3
1,06/08/2019 13:00,53.42196514,63.72523553,11.19,0.150417009,10.98,11.59,97.3
1,06/08/2019 13:05,52.50164668,63.43401104,11.19,0.13043975,11,11.51,97.3
1,06/08/2019 13:10,51.58087862,63.10294343,11.18,0.128481195,11.01,11.57,97.3
1,06/08/2019 13:15,50.99490233,62.73352049,11.18,0.135923703,11.01,11.59,97.3
1,06/08/2019 13:20,50.61339213,62.32794376,11.15,0.135825775,11.04,11.51,97.3
1,06/08/2019 13:25,50.35758752,61.88873491,11.15,0.124074447,11.04,11.57,97.3
1,06/08/2019 13:30,50.17940105,61.4308265,11.14,0.109679069,11.06,11.55,97.3
1,06/08/2019 13:35,50.04927088,60.99570629,11.11,0.12740399,11.07,11.46,97.3
1,06/08/2019 13:40,49.94894812,60.5294688,11.11,0.13474857,11.05,11.55,97.3
1,06/08/2019 13:45,49.86713076,60.03478937,11.11,0.150710792,11.06,11.57,97.3
1,06/08/2019 13:50,49.79681554,59.51419445,11,0.17460516,11.07,11.5,97.3
1,06/08/2019 13:55,49.73365426,58.97004596,11,0.200556012,11.09,11.5,97.3
1,06/08/2019 14:00,49.67494108,58.42724432,10.99,0.221904259,11.12,11.44,97.3
1,06/08/2019 14:05,49.6189971,57.89949538,10.98,0.236201709,11.1,11.49,97.3
1,06/08/2019 14:10,49.56477741,57.39391565,10.95,0.27556866,11.13,11.44,97.3
1,06/08/2019 14:15,49.83082729,56.91375833,10.94,0.280856758,11.12,11.47,97.4
1,06/08/2019 14:20,50.2975923,56.46003836,10.93,0.234243154,11.16,11.48,97.4
1,06/08/2019 14:25,50.89059221,56.03248827,10.92,0.213090762,11.19,11.41,97.4
1,06/08/2019 14:30,51.56304816,55.63015053,10.91,0.207900592,11.19,11.41,97.3
1,06/08/2019 14:35,52.28545823,55.25171841,10.91,0.176955426,11.2,11.39,97.3
1,06/08/2019 14:40,53.03919722,54.8957319,10.9,0.177836776,11.18,11.47,97.3
1,06/08/2019 14:45,53.81251265,54.56070197,10.91,0.183222802,11.2,11.45,97.3
1,06/08/2019 14:50,54.59799877,54.24517023,11.04,0.183418657,11.22,11.38,97.3
1,06/08/2019 14:55,55.39100436,53.94774019,11.03,0.183222802,11.23,11.4,97.3
1,06/08/2019 15:00,56.18861664,53.68725211,11.04,0.165693736,11.26,11.34,97.3
1,06/08/2019 15:05,56.98901119,53.44421078,11.04,0.147185393,11.25,11.36,97.3
1,06/08/2019 15:10,57.79105849,53.24658652,11.03,0.156096818,11.26,11.34,97.3
1,06/08/2019 15:15,58.39538157,53.09902023,11.04,0.162462121,11.27,11.36,97.3
1,06/08/2019 15:20,58.87856216,53.00300125,11.02,0.177347137,11.27,11.38,97.3
1,06/08/2019 15:25,59.28787085,52.95819496,11.04,0.189098466,11.3,11.29,97.3
1,06/08/2019 15:30,59.65227114,52.96325298,11.04,0.235222431,11.27,11.39,97.3
1,06/08/2019 15:35,59.98943893,53.01629212,11.05,0.289180616,11.33,11.27,97.3
1,06/08/2019 15:40,60.31012016,53.1151946,11.07,0.315327323,11.32,11.32,97.3
1,06/08/2019 15:45,60.62083354,53.2577728,11.08,0.314543901,11.32,11.32,97.3
1,06/08/2019 15:50,60.92552658,53.44186047,11.1,0.305632477,11.32,11.34,97.3
1,06/08/2019 15:55,61.22658973,53.6653788,11.1,0.186454417,11.33,11.37,97.3
1,06/08/2019 16:00,61.52546118,53.95782284,11.11,0.128579123,11.38,11.2,97.4
1,06/08/2019 16:05,61.82301291,54.27063073,11.12,0.141995223,11.39,11.15,97.4
1,06/08/2019 16:10,62.11976682,54.59114265,11.11,0.138078113,11.36,11.29,97.4
1,06/08/2019 16:15,62.45544585,54.91607222,11.13,0.147577104,11.38,11.28,97.3
1,06/08/2019 16:20,62.81447305,55.24341878,11.13,0.165889592,11.35,11.35,97.3
1,06/08/2019 16:25,63.18749607,55.57197162,11.17,0.161286988,11.36,11.28,97.3
1,06/08/2019 16:30,63.56889757,55.90100229,11.16,0.15903465,11.42,11.18,97.3
1,06/08/2019 16:35,63.95530665,56.23006831,11.16,0.181460102,11.41,11.2,97.3
1,06/08/2019 16:40,64.34470421,56.55891436,11.2,0.181068391,11.42,11.17,97.3
1,06/08/2019 16:45,64.73587713,56.88739037,11.2,0.163637254,11.43,11.22,97.3
1,06/08/2019 16:50,65.12810436,57.21540589,11.23,0.12564129,11.43,11.17,97.3
1,06/08/2019 16:55,65.52094953,57.54291672,11.23,0.104293043,11.44,11.2,97.3
1,06/08/2019 17:00,65.91415719,57.87254987,11.24,0.094794052,11.44,11.14,97.3
1,06/08/2019 17:05,66.30757705,58.20575606,11.25,0.092541714,11.42,11.22,97.3
1,06/08/2019 17:10,66.70111388,58.54327481,11.25,0.0857847,11.45,11.1,97.3
1,06/08/2019 17:15,66.9373064,58.88543182,11.25,0.096850535,11.41,11.23,97.3
1,06/08/2019 17:20,67.08062965,59.2323,11.27,0.107916369,11.41,11.22,97.3
1,06/08/2019 17:25,67.16927292,59.58381363,11.25,0.113498251,11.45,11.17,97.3
1,06/08/2019 17:30,67.22575971,59.93982398,11.25,0.128970834,11.42,11.22,97.3
1,06/08/2019 17:35,67.26335857,60.30013572,11.26,0.151885925,11.44,11.17,97.3
1,06/08/2019 17:40,67.28986806,60.66454142,11.27,0.159720144,11.43,11.14,97.3
1,06/08/2019 17:45,67.3098667,61.03281569,11.29,0.167652291,11.44,11.17,97.3
1,06/08/2019 17:50,67.32604476,61.40474152,11.28,0.168239857,11.44,11.17,97.3
1,06/08/2019 17:55,67.33997954,61.79273425,11.29,0.172646606,11.42,11.18,97.3
1,06/08/2019 18:00,67.35259822,62.16947224,11.3,0.175094799,11.42,11.19,97.3
1,06/08/2019 18:05,67.36444349,62.52745372,11.3,0.177249209,11.42,11.17,97.3
1,06/08/2019 18:10,67.3758375,62.86541787,11.3,0.177347137,11.44,11.08,97.3
1,06/08/2019 18:15,67.39078896,63.18316592,11.32,0.175290655,11.44,11.21,97.3
1,06/08/2019 18:20,67.40783134,63.48108163,11.32,0.1867482,11.45,11.15,97.3
1,06/08/2019 18:25,67.42609796,63.75989368,11.31,0.184495862,11.44,11.14,97.3
1,06/08/2019 18:30,67.44508385,64.02050389,11.32,0.164910314,11.48,11.05,97.3
1,06/08/2019 18:35,67.46448962,64.26388887,11.31,0.113498251,11.44,11.15,97.3
1,06/08/2019 18:40,67.48414031,64.49105019,11.3,0.083728218,11.45,11.17,97.3
1,06/08/2019 18:45,67.50394024,64.70297684,11.29,0.08274894,11.46,11.14,97.3
1,06/08/2019 18:50,67.52382253,64.90063486,11.3,0.062282043,11.46,11.12,97.3
1,06/08/2019 18:55,67.543758,65.08523812,11.29,0.046956351,11.46,11.12,97.3
1,06/08/2019 19:00,67.56372144,65.25781615,11.27,0.044322095,11.45,11.13,97.3
1,06/08/2019 19:05,67.58369988,65.41927214,11.25,0.040826075,11.48,11.02,97.3
1,06/08/2019 19:10,67.60369027,65.57041909,11.25,0.038994826,11.44,11.16,97.3
1,06/08/2019 19:15,67.61264747,65.71200051,11.23,0.05835514,11.48,10.98,97.3
1,06/08/2019 19:20,67.6151387,65.84470322,11.22,0.051793982,11.46,11.02,97.3
1,06/08/2019 19:25,67.61383856,65.96915075,11.21,0.039837005,11.45,11.08,97.3
1,06/08/2019 19:30,67.61031858,66.08593698,11.19,0.036262642,11.43,11.07,97.3
1,06/08/2019 19:35,67.60549551,66.19560391,11.17,0.032257398,11.43,11.04,97.3
1,06/08/2019 19:40,67.59990934,66.29866277,11.17,0.02912371,11.41,11.04,97.3
1,06/08/2019 19:45,67.59387676,66.39558399,11.15,0.024873646,11.45,10.99,97.3
1,06/08/2019 19:50,67.58758191,66.48680992,11.14,0.022219804,11.46,11.01,97.3
1,06/08/2019 19:55,67.5811333,66.57192042,11.13,0.017274453,11.41,10.98,97.3
1,06/08/2019 20:00,67.57459457,66.65086135,11.1,0.014806674,11.39,11.07,97.3
1,06/08/2019 20:05,67.56800489,66.72380282,11.09,0.013063561,11.43,10.96,97.3
1,06/08/2019 20:10,67.56138514,66.79100775,11.09,0.011956977,11.4,10.97,97.3
1,06/08/2019 20:15,67.56215583,66.85280367,11.07,0.009303135,11.35,11.03,97.3
1,06/08/2019 20:20,67.56726734,66.9095298,11.06,0.007780359,11.36,10.97,97.3
1,06/08/2019 20:25,67.57491856,66.96152696,11.04,0.0072633,11.37,10.92,97.3
1,06/08/2019 20:30,67.58405792,67.0091241,11.02,0.006416226,11.35,10.98,97.3
1,06/08/2019 20:35,67.59407029,67.05263627,11,0.005031527,11.33,11.03,97.3
1,06/08/2019 20:40,67.60459584,67.09236283,10.99,0.004048333,11.31,11.02,97.3
1,06/08/2019 20:45,67.61541993,67.12858228,10.98,0.003065138,11.31,10.94,97.3
1,06/08/2019 20:50,67.62642524,67.16157592,10.98,0.002189664,11.27,10.98,97.3
1,06/08/2019 20:55,67.63752825,67.19210502,10.96,0.001055661,11.28,10.97,97.3
1,06/08/2019 21:00,67.64869352,67.22070506,10.95,0.000645344,11.28,10.98,97.3
1,06/08/2019 21:05,67.6598973,67.24771812,10.94,0.000369188,11.25,10.99,97.3
1,06/08/2019 21:10,67.67111768,67.27337734,10.93,0.00016256,11.24,11.01,97.3
1,06/08/2019 21:15,67.66844676,67.29784966,10.91,4.70E-05,11.23,11,97.3
1,06/08/2019 21:20,67.65763434,67.32126886,10.98,0,11.22,10.99,97.3
1,06/08/2019 21:25,67.64205662,67.34372756,10.98,0,11.22,10.94,97.3
1,06/08/2019 21:30,67.62368142,67.36532338,10.97,0,11.2,10.98,97.3
1,06/08/2019 21:35,67.60366944,67.38612022,10.97,0,11.18,10.96,97.3
1,06/08/2019 21:40,67.58269841,67.40618561,10.98,0,11.19,10.96,97.3
1,06/08/2019 21:45,67.56116703,67.42557458,10.99,0,11.17,10.95,97.3
1,06/08/2019 21:50,67.5393023,67.4443459,10.96,0,11.17,10.94,97.3
1,06/08/2019 21:55,67.51724856,67.46148353,10.98,0,11.15,10.94,97.3
1,06/08/2019 22:00,67.49508238,67.47648696,10.97,0,11.13,10.97,97.3
1,06/08/2019 22:05,67.47284729,67.4891523,10.95,0,11.12,10.93,97.3
1,06/08/2019 22:10,67.45057291,67.49944471,10.97,0,11.12,10.89,97.3
1,06/08/2019 22:15,67.13009964,67.50742096,10.97,0,11.11,10.91,97.3
1,06/08/2019 22:20,66.635574,67.5131814,10.97,0,11.1,10.9,97.3
1,06/08/2019 22:25,66.03968308,67.51685301,10.97,0,11.09,10.91,97.3
1,06/08/2019 22:30,65.38479215,67.51857305,10.99,0,11.08,10.91,97.3
1,06/08/2019 22:35,64.69554843,67.51847149,10.97,0,11.06,10.89,97.3
1,06/08/2019 22:40,63.98629321,67.51668125,10.98,0,11.06,10.88,97.3
1,06/08/2019 22:45,63.26537991,67.51332672,10.97,0,11.05,10.87,97.4
1,06/08/2019 22:50,62.53767917,67.50852414,10.97,0,11.05,10.84,97.4
1,06/08/2019 22:55,61.80603696,67.47957084,10.97,0,11.05,10.83,97.4
1,06/08/2019 23:00,61.0721193,67.41503423,10.96,0,11.03,10.83,97.4
1,06/08/2019 23:05,60.33690697,67.30997878,10.95,0,11.03,10.83,97.4
1,06/08/2019 23:10,59.6009729,67.163153,10.95,0,11.02,10.82,97.4
1,06/08/2019 23:15,58.58576415,66.97534902,10.96,0,11.01,10.77,97.4
1,06/08/2019 23:20,57.40571863,66.74845106,10.96,0,10.99,10.8,97.4
1,06/08/2019 23:25,56.12854086,66.48486413,10.95,0,10.99,10.8,97.3
1,06/08/2019 23:30,54.79419461,66.18720869,10.94,0,10.98,10.78,97.4
1,06/08/2019 23:35,53.42627712,65.85813291,10.94,0,10.98,10.78,97.3
1,06/08/2019 23:40,52.03876292,65.50021603,10.93,0,10.97,10.76,97.4
1,06/08/2019 23:45,50.63995985,65.11591076,10.92,0,10.98,10.72,97.4
1,06/08/2019 23:50,49.23483946,64.70752222,10.91,0,10.95,10.75,97.4
1,06/08/2019 23:55,47.82639232,64.25670826,10.89,0,10.94,10.72,97.4
1,07/08/2019 00:00,46.4164503,63.75531887,10.89,0,10.92,10.72,97.4
1,07/08/2019 00:05,45.00614951,63.20100983,10.86,0,10.93,10.67,97.4
1,07/08/2019 00:10,43.59621429,62.59469617,10.85,0,10.93,10.68,97.4
1,07/08/2019 00:15,42.34938715,61.93901853,10.83,0,10.92,10.67,97.4
1,07/08/2019 00:20,41.20379744,61.2762936,10.83,0,10.92,10.63,97.4
1,07/08/2019 00:25,40.12158377,60.62739058,10.84,0,10.93,10.59,97.4
1,07/08/2019 00:30,39.07937109,59.93230562,10.83,0,10.92,10.54,97.4
1,07/08/2019 00:35,38.0626354,59.19523647,10.82,0,10.9,10.57,97.4
1,07/08/2019 00:40,37.06230911,58.420268,10.8,0,10.93,10.49,97.3
1,07/08/2019 00:45,36.07271002,57.6112825,10.79,0,10.91,10.49,97.3
1,07/08/2019 00:50,35.09026535,56.77192118,10.79,0,10.88,10.53,97.3
1,07/08/2019 00:55,34.11272885,55.90558115,10.78,0,10.88,10.55,97.3
1,07/08/2019 01:00,33.13869177,55.02585399,10.77,0,10.89,10.51,97.3
1,07/08/2019 01:05,32.16727257,54.14089471,10.75,0,10.89,10.44,97.3
1,07/08/2019 01:10,31.19793457,53.29197971,10.75,0,10.85,10.47,97.3
1,07/08/2019 01:15,30.42823988,52.47092545,10.73,0,10.88,10.35,97.3
1,07/08/2019 01:20,29.78972146,51.64703714,10.73,0,10.85,10.47,97.3
1,07/08/2019 01:25,29.23809526,50.82244943,10.73,0,10.87,10.4,97.3
1,07/08/2019 01:30,28.74438662,49.99853843,10.71,0,10.85,10.38,97.3
1,07/08/2019 01:35,28.28947467,49.17620653,10.7,0,10.83,10.42,97.3
1,07/08/2019 01:40,27.86065977,48.35605984,10.66,0,10.85,10.33,97.3
1,07/08/2019 01:45,27.4494639,47.53852204,10.66,0,10.88,10.3,97.3
1,07/08/2019 01:50,27.05020909,46.77862496,10.65,0,10.81,10.4,97.3
1,07/08/2019 01:55,26.659076,46.01714323,10.62,0,10.86,10.27,97.3
1,07/08/2019 02:00,26.27349332,45.2546899,10.6,0,10.82,10.29,97.3
1,07/08/2019 02:05,25.89172164,44.49179866,10.57,0,10.83,10.28,97.3
1,07/08/2019 02:10,25.51258466,43.7394553,10.54,0,10.78,10.36,97.3
1,07/08/2019 02:15,25.28303004,43.00386461,10.52,0,10.8,10.33,97.3
1,07/08/2019 02:20,25.15642654,42.31674791,10.49,0,10.81,10.25,97.3
1,07/08/2019 02:25,25.10109935,41.64585205,10.46,0,10.8,10.27,97.3
1,07/08/2019 02:30,25.09531742,40.99289971,10.45,0,10.8,10.25,97.3
1,07/08/2019 02:35,25.12406316,40.35847026,10.4,0,10.79,10.24,97.3
1,07/08/2019 02:40,25.17691102,39.7424526,10.39,0,10.8,10.2,97.3
1,07/08/2019 02:45,25.24660127,39.14432817,10.35,0,10.75,10.28,97.3
1,07/08/2019 02:50,25.32806345,38.56335214,10.34,0,10.75,10.29,97.3
1,07/08/2019 02:55,25.41775628,38.01709875,10.31,0,10.74,10.27,97.3
1,07/08/2019 03:00,25.51320227,37.48465578,10.29,0,10.74,10.22,97.3
1,07/08/2019 03:05,25.61266969,36.96532516,10.27,0,10.72,10.27,97.3
1,07/08/2019 03:10,25.71494315,36.45837706,10.27,0,10.74,10.22,97.3
1,07/08/2019 03:15,25.72378664,35.96309867,10.25,0,10.72,10.24,97.3
1,07/08/2019 03:20,25.66766222,35.4853654,10.23,0,10.71,10.25,97.3
1,07/08/2019 03:25,25.5665001,35.03060125,10.18,0,10.73,10.14,97.3
1,07/08/2019 03:30,25.43416876,34.5984972,10.19,0,10.7,10.22,97.3
1,07/08/2019 03:35,25.28028796,34.18716604,10.16,0,10.69,10.23,97.3
1,07/08/2019 03:40,25.11151329,33.79730519,10.14,0,10.69,10.23,97.3
1,07/08/2019 03:45,24.93244639,33.42892726,10.12,0,10.68,10.18,97.3
1,07/08/2019 03:50,24.74626426,33.08161629,10.11,0,10.69,10.16,97.3
1,07/08/2019 03:55,24.55516311,32.75470353,10.09,0,10.67,10.21,97.3
1,07/08/2019 04:00,24.36066075,32.44737364,10.08,1.76E-05,10.69,10.14,97.3
1,07/08/2019 04:05,24.16380517,32.15661241,10.06,0.000123389,10.65,10.2,97.3
1,07/08/2019 04:10,23.96532383,31.88198789,10.04,0.000313369,10.64,10.21,97.3
1,07/08/2019 04:15,24.60547905,31.62428281,10.03,0.000756981,10.65,10.17,97.3
1,07/08/2019 04:20,25.84947744,31.3826605,10.01,0.001378823,10.64,10.18,97.3
1,07/08/2019 04:25,27.53712996,31.15630459,10.01,0.002291509,10.64,10.16,97.3
1,07/08/2019 04:30,29.55167089,30.94064831,9.99,0.003396134,10.62,10.2,97.3
1,07/08/2019 04:35,31.80456107,30.73254129,9.97,0.004562453,10.62,10.19,97.3
1,07/08/2019 04:40,34.2277216,30.52981466,9.95,0.006853963,10.64,10.12,97.3
1,07/08/2019 04:45,36.76908417,30.33096877,9.94,0.009518576,10.62,10.17,97.3
1,07/08/2019 04:50,39.38951086,30.13496807,9.94,0.015404034,10.6,10.17,97.3
1,07/08/2019 04:55,42.06029476,29.94109675,9.94,0.01803829,10.61,10.15,97.3
1,07/08/2019 05:00,44.76099332,29.7528263,9.94,0.021044671,10.59,10.21,97.3
1,07/08/2019 05:05,47.47751097,29.56878653,9.94,0.023463487,10.6,10.18,97.3
1,07/08/2019 05:10,50.20048761,29.38563995,9.95,0.02421753,10.59,10.18,97.3
1,07/08/2019 05:15,52.10934375,29.20316026,9.98,0.031904858,10.59,10.19,97.3
1,07/08/2019 05:20,53.4880738,29.02119718,9.99,0.037369226,10.58,10.16,97.3
1,07/08/2019 05:25,54.52891669,28.83964637,10.02,0.038661872,10.58,10.18,97.3
1,07/08/2019 05:30,55.35729994,28.65844002,10.05,0.046662568,10.6,10.13,97.3
1,07/08/2019 05:35,56.05327455,28.50850834,10.09,0.047073865,10.58,10.18,97.3
1,07/08/2019 05:40,56.66722337,28.41050703,10.12,0.049345788,10.58,10.19,97.3
1,07/08/2019 05:45,57.23057989,28.37838004,10.19,0.051372892,10.58,10.17,97.3
1,07/08/2019 05:50,57.76282746,28.42154765,10.25,0.050736362,10.59,10.15,97.3
1,07/08/2019 05:55,58.2759954,28.54632718,10.35,0.054300932,10.59,10.17,97.3
1,07/08/2019 06:00,58.77748123,28.756934,10.46,0.054281346,10.61,10.12,97.3
1,07/08/2019 06:05,59.27182757,29.05619594,10.57,0.057865502,10.59,10.18,97.3
1,07/08/2019 06:10,59.76181083,29.44608037,10.65,0.063750959,10.6,10.14,97.3
1,07/08/2019 06:15,60.25845614,29.94356425,10.71,0.062987122,10.6,10.14,97.3
1,07/08/2019 06:20,60.75912903,30.62501818,10.75,0.066708376,10.59,10.14,97.3
1,07/08/2019 06:25,61.2622278,31.40140238,10.81,0.076089854,10.6,10.17,97.3
1,07/08/2019 06:30,61.76677891,32.24090072,10.84,0.082553085,10.6,10.18,97.3
1,07/08/2019 06:35,62.27219209,33.16180221,10.88,0.09577333,10.6,10.19,97.3
1,07/08/2019 06:40,62.77811043,34.10506929,10.98,0.106545381,10.62,10.18,97.3
1,07/08/2019 06:45,63.28431565,35.06018253,11.01,0.118198782,10.62,10.15,97.3
1,07/08/2019 06:50,63.79068309,36.04445767,11.04,0.143562067,10.63,10.13,97.3
1,07/08/2019 06:55,64.29713122,37.03485778,11.07,0.197324396,10.63,10.17,97.3
1,07/08/2019 07:00,64.8036176,38.0257624,11.11,0.235124504,10.67,10.12,97.3
1,07/08/2019 07:05,65.31011032,39.02597175,11.12,0.212601124,10.65,10.21,97.3
1,07/08/2019 07:10,65.81659193,40.03691375,11.14,0.245015205,10.67,10.16,97.3
1,07/08/2019 07:15,65.82322536,41.04408797,11.16,0.240314674,10.67,10.19,97.3
1,07/08/2019 07:20,65.5348985,42.04662823,11.2,0.248638532,10.69,10.14,97.3
1,07/08/2019 07:25,65.07345047,43.05440238,11.21,0.290061966,10.7,10.15,97.3
1,07/08/2019 07:30,64.51063218,44.07171094,11.23,0.285263507,10.69,10.22,97.3
1,07/08/2019 07:35,63.88848807,45.08140929,11.25,0.406106338,10.72,10.17,97.3
1,07/08/2019 07:40,63.23162493,46.0826436,11.26,0.456245341,10.73,10.19,97.3
1,07/08/2019 07:45,62.55443078,47.07463031,11.28,0.493164099,10.73,10.18,97.3
1,07/08/2019 07:50,61.86532678,48.07095403,11.28,0.533020689,10.73,10.23,97.3
1,07/08/2019 07:55,61.16925097,49.07145507,11.28,0.597555069,10.74,10.25,97.3
1,07/08/2019 08:00,60.46909963,50.0600528,11.31,0.621743221,10.76,10.24,97.3
1,07/08/2019 08:05,59.76657835,51.00597022,11.34,0.642308047,10.77,10.27,97.3
1,07/08/2019 08:10,59.06269775,51.89112009,11.35,0.653373881,10.78,10.3,97.3
1,07/08/2019 08:15,58.62516208,52.70539134,11.34,0.678835094,10.79,10.33,97.3
1,07/08/2019 08:20,58.34675453,53.44370353,11.35,0.699008208,10.82,10.28,97.3
1,07/08/2019 08:25,58.16386124,54.07893204,11.35,0.721139877,10.83,10.33,97.3
1,07/08/2019 08:30,58.03846188,54.61969028,11.36,0.733282917,10.83,10.32,97.3
1,07/08/2019 08:35,57.94773053,55.08557779,11.36,0.74483839,10.84,10.38,97.3
1,07/08/2019 08:40,57.8779285,55.47932641,11.35,0.767949337,10.85,10.39,97.3
1,07/08/2019 08:45,57.82077358,55.80403937,11.35,0.784401197,10.86,10.44,97.2
1,07/08/2019 08:50,57.77126106,56.06304147,11.33,0.792235417,10.87,10.45,97.2
1,07/08/2019 08:55,57.7263695,56.25977563,11.34,0.820634461,10.88,10.36,97.2
1,07/08/2019 09:00,57.68427186,56.41531894,11.31,0.829447958,10.91,10.41,97.2
1,07/08/2019 09:05,57.64386541,56.54259167,11.32,0.825530848,10.92,10.44,97.2
1,07/08/2019 09:10,57.60448339,56.64961296,11.32,0.853929893,10.92,10.43,97.2
1,07/08/2019 09:15,57.58355957,56.74142687,11.3,0.882328937,10.94,10.44,97.2
1,07/08/2019 09:20,57.57381546,56.82127638,11.3,0.90387304,10.92,10.62,97.2
1,07/08/2019 09:25,57.57083319,56.89129938,11.32,0.918562201,10.97,10.47,97.2
1,07/08/2019 09:30,57.57195012,56.95295216,11.31,0.781659221,10.98,10.44,97.2
1,07/08/2019 09:35,57.575548,57.00727852,11.31,0.875473996,10.95,10.62,97.2
1,07/08/2019 09:40,57.58065131,57.05505432,11.29,0.93423064,10.98,10.58,97.2
1,07/08/2019 09:45,57.58666985,57.09688502,11.29,0.78733903,11,10.6,97.2
1,07/08/2019 09:50,57.5932406,57.13327074,11.29,0.727994819,11.02,10.62,97.2
1,07/08/2019 09:55,57.60014359,57.16463363,11.3,0.597065431,11,10.68,97.2
1,07/08/2019 10:00,57.60724973,57.19252523,11.28,0.616357196,10.98,10.71,97.2
1,07/08/2019 10:05,57.61448,57.21792143,11.28,1.086997914,11,10.79,97.2
1,07/08/2019 10:10,57.62178127,57.24143831,11.28,1.225076027,10.99,10.85,97.2
1,07/08/2019 10:15,57.59219478,57.26346776,11.27,1.214303976,11.06,10.71,97.2
1,07/08/2019 10:20,57.54027692,57.28427532,11.26,1.296563278,11.02,10.81,97.2
1,07/08/2019 10:25,57.47484509,57.3040428,11.27,1.133023952,11.05,10.92,97.2
1,07/08/2019 10:30,57.40123557,57.32289758,11.27,0.510301453,11.08,10.85,97.2
1,07/08/2019 10:35,57.3226781,57.34093894,11.26,0.769907892,11.04,10.85,97.2
1,07/08/2019 10:40,57.24112814,57.35824407,11.26,1.265226401,11.04,10.98,97.2
1,07/08/2019 10:45,57.1577649,57.37487095,11.26,1.190801318,11.09,10.89,97.2
1,07/08/2019 10:50,57.07330209,57.39087467,11.28,1.067412366,11.07,11.03,97.2
1,07/08/2019 10:55,56.98817443,57.40629744,11.26,1.202552647,11.08,11.09,97.2
1,07/08/2019 11:00,56.90264538,57.41871734,11.26,1.134003229,11.08,11.09,97.2
1,07/08/2019 11:05,56.81687396,57.42684368,11.25,1.227034582,11.06,11.18,97.2
1,07/08/2019 11:10,56.73095324,57.43005091,11.24,1.333775819,11.1,11.11,97.2
1,07/08/2019 11:15,56.72426749,57.42812539,11.23,1.284811949,11.08,11.27,97.2
1,07/08/2019 11:20,56.7657026,57.42107876,11.23,1.076225863,11.09,11.35,97.2
1,07/08/2019 11:25,56.83639499,57.40905563,11.22,0.896038821,11.11,11.34,97.2
1,07/08/2019 11:30,56.92488206,57.39226884,11.23,1.069370921,11.13,11.33,97.2
1,07/08/2019 11:35,57.02419441,57.3709675,11.23,0.988090897,11.1,11.48,97.2
1,07/08/2019 11:40,57.13008911,57.34541435,11.22,0.972422458,11.12,11.46,97.2
1,07/08/2019 11:45,57.23998771,57.31586864,11.19,1.000821503,11.12,11.56,97.2
1,07/08/2019 11:50,57.35232192,57.28258588,11.2,0.968505349,11.14,11.53,97.2
1,07/08/2019 11:55,57.46613404,57.24581068,11.2,0.711347103,11.12,11.64,97.2
1,07/08/2019 12:00,57.58084516,57.21106114,11.19,0.418347305,11.13,11.61,97.2
1,07/08/2019 12:05,57.69610107,57.18140191,11.15,0.396803202,11.12,11.63,97.2
1,07/08/2019 12:10,57.81168919,57.15843134,11.16,0.371537846,11.12,11.65,97.2
1,07/08/2019 12:15,57.69484161,57.14288813,11.15,0.372321267,11.09,11.71,97.2
1,07/08/2019 12:20,57.43754924,57.13499058,11.15,0.42118721,11.12,11.71,97.2
1,07/08/2019 12:25,57.09561001,57.13466471,11.12,0.480041781,11.12,11.77,97.2
1,07/08/2019 12:30,56.70270296,57.14167209,11.13,0.452426159,11.13,11.79,97.2
1,07/08/2019 12:35,56.27911093,57.15569035,11.13,0.481804481,11.13,11.83,97.2
1,07/08/2019 12:40,55.83703495,57.17635703,11.1,0.641818408,11.12,11.84,97.2
1,07/08/2019 12:45,55.38382226,57.20329273,11.11,0.831406513,11.13,11.9,97.2
1,07/08/2019 12:50,54.92389413,57.2361232,11.13,0.992008006,11.13,11.94,97.2
1,07/08/2019 12:55,54.45991888,57.27448797,11.13,1.17121577,11.12,12.03,97.2
1,07/08/2019 13:00,53.99350729,57.30252061,11.15,1.185904931,11.14,12.05,97.2
1,07/08/2019 13:05,53.52563158,57.31152797,11.13,1.045868263,11.14,12.09,97.2
1,07/08/2019 13:10,53.05688176,57.29712619,11.13,0.945002691,11.15,12.13,97.2
1,07/08/2019 13:15,52.66651007,57.25749151,11.14,0.892121711,11.15,12.2,97.2
1,07/08/2019 13:20,52.32399061,57.19230748,11.15,0.826510126,11.15,12.18,97.2
1,07/08/2019 13:25,52.01075922,57.10211762,11.16,0.806924578,11.16,12.26,97.2
1,07/08/2019 13:30,51.71548728,56.98793699,11.15,0.875473996,11.16,12.25,97.2
1,07/08/2019 13:35,51.43124694,56.85104107,11.14,0.867639776,11.17,12.27,97.2
1,07/08/2019 13:40,51.15379158,56.69279096,11.14,0.749538922,11.19,12.29,97.2
1,07/08/2019 13:45,50.88051494,56.51459123,11.11,0.641916336,11.2,12.29,97.2
1,07/08/2019 13:50,50.60981841,56.31781617,11.12,0.711445031,11.21,12.32,97.2
1,07/08/2019 13:55,50.34071547,56.1037958,11.11,0.870577609,11.2,12.34,97.2
1,07/08/2019 14:00,50.07260062,55.8789425,11.12,0.65778063,11.2,12.39,97.2
1,07/08/2019 14:05,49.80509829,55.64719157,11.1,0.631535995,11.22,12.35,97.2
1,07/08/2019 14:10,49.53798013,55.41096321,11.11,0.679226805,11.22,12.42,97.2
1,07/08/2019 14:15,49.83643889,55.17176248,11.11,0.758842057,11.23,12.46,97.2
1,07/08/2019 14:20,50.48941668,54.93053226,11.09,0.822593016,11.24,12.43,97.2
1,07/08/2019 14:25,51.36615845,54.68786812,11.1,0.931292807,11.28,12.39,97.2
1,07/08/2019 14:30,52.38441085,54.44415042,11.09,1.03215838,11.28,12.4,97.2
1,07/08/2019 14:35,53.49202619,54.19962943,11.09,1.036075489,11.27,12.49,97.2
1,07/08/2019 14:40,54.65583644,53.95447513,11.1,1.040971876,11.29,12.48,97.2
1,07/08/2019 14:45,55.85477002,53.70880423,11.07,1.085039359,11.28,12.53,97.2
1,07/08/2019 14:50,57.07546948,53.47953518,11.09,1.095811411,11.3,12.51,97.1
1,07/08/2019 14:55,58.3095034,53.24869509,11.08,0.896038821,11.31,12.59,97.1
1,07/08/2019 15:00,59.55157551,53.01642623,11.03,0.519506661,11.32,12.54,97.1
1,07/08/2019 15:05,60.79837736,52.81805797,11.04,0.670511236,11.34,12.48,97.1
1,07/08/2019 15:10,62.04785953,52.67319455,11.03,1.018448496,11.34,12.53,97.1
1,07/08/2019 15:15,62.7852939,52.59203015,11.14,0.991028729,11.35,12.58,97.1
1,07/08/2019 15:20,63.2128288,52.57914695,11.14,0.898976653,11.4,12.48,97.1
1,07/08/2019 15:25,63.45438396,52.63581121,11.18,0.671098802,11.4,12.53,97.1
1,07/08/2019 15:30,63.58489398,52.76138548,11.19,0.624191415,11.38,12.57,97.1
1,07/08/2019 15:35,63.64928208,52.95417466,11.19,0.52949529,11.4,12.59,97.1
1,07/08/2019 15:40,63.67436825,53.21195394,11.18,0.388283489,11.43,12.53,97.1
1,07/08/2019 15:45,63.67611562,53.53225835,11.2,0.332660533,11.39,12.64,97.1
1,07/08/2019 15:50,63.66400949,53.95497679,11.21,0.343530512,11.41,12.61,97.1
1,07/08/2019 15:55,63.64368318,54.47022921,11.23,0.392004743,11.42,12.6,97.1
1,07/08/2019 16:00,63.6184793,55.00393419,11.22,0.530768351,11.43,12.57,97.1
1,07/08/2019 16:05,63.590386,55.53513321,11.23,0.534979244,11.41,12.65,97.1
1,07/08/2019 16:10,63.56057072,56.05167098,11.25,0.551822815,11.42,12.63,97.1
1,07/08/2019 16:15,63.54070279,56.54677307,11.26,0.538015004,11.47,12.49,97.1
1,07/08/2019 16:20,63.52674248,57.01692864,11.28,0.520485938,11.46,12.52,97.1
1,07/08/2019 16:25,63.51628509,57.4605989,11.29,0.597359214,11.44,12.68,97.1
1,07/08/2019 16:30,63.50790987,57.87742906,11.29,0.538308787,11.47,12.58,97.1
1,07/08/2019 16:35,63.50077053,58.26777282,11.3,0.459672812,11.44,12.63,97.1
1,07/08/2019 16:40,63.4943654,58.63239436,11.31,0.378099004,11.48,12.64,97.1
1,07/08/2019 16:45,63.48839651,58.97228527,11.29,0.298875462,11.45,12.65,97.1
1,07/08/2019 16:50,63.48268547,59.28856492,11.31,0.226898574,11.49,12.62,97.1
1,07/08/2019 16:55,63.4771278,59.58240772,11.3,0.170492195,11.47,12.63,97.1
1,07/08/2019 17:00,63.47166106,59.85576,11.29,0.142680717,11.47,12.68,97.1
1,07/08/2019 17:05,63.46624863,60.11021213,11.29,0.131321099,11.46,12.7,97.1
1,07/08/2019 17:10,63.46087005,60.34711652,11.28,0.12867705,11.49,12.54,97.1
1,07/08/2019 17:15,63.47737023,60.56765588,11.26,0.117611216,11.45,12.7,97.1
1,07/08/2019 17:20,63.50686912,60.77291429,11.24,0.109287358,11.45,12.63,97.1
1,07/08/2019 17:25,63.54409183,60.96388186,11.22,0.109776997,11.45,12.62,97.1
1,07/08/2019 17:30,63.58590315,61.14147925,11.2,0.120255265,11.48,12.59,97.1
1,07/08/2019 17:35,63.63044266,61.30656998,11.17,0.133083799,11.44,12.62,97.1
1,07/08/2019 17:40,63.67660105,61.45995955,11.18,0.15727195,11.43,12.68,97.2
1,07/08/2019 17:45,63.72372076,61.60213376,11.16,0.165595808,11.44,12.57,97.1
1,07/08/2019 17:50,63.77141194,61.73399912,11.13,0.163735181,11.41,12.67,97.1
1,07/08/2019 17:55,63.81944483,61.85789304,11.14,0.158936722,11.42,12.67,97.1
1,07/08/2019 18:00,63.86767861,61.97526663,11.12,0.153256913,11.41,12.68,97.1
1,07/08/2019 18:05,63.91603144,62.08711416,11.13,0.130537677,11.42,12.59,97.1
1,07/08/2019 18:10,63.96445395,62.19412554,11.1,0.110364563,11.42,12.64,97.1
1,07/08/2019 18:15,63.99551377,62.29682157,11.11,0.100865572,11.45,12.49,97.1
1,07/08/2019 18:20,64.01627196,62.39560555,11.09,0.107818442,11.41,12.59,97.1
1,07/08/2019 18:25,64.03092168,62.49081689,11.09,0.114281673,11.4,12.62,97.1
1,07/08/2019 18:30,64.04194657,62.58273733,11.09,0.10830808,11.41,12.59,97.1
1,07/08/2019 18:35,64.05082472,62.67161086,11.08,0.103509621,11.39,12.59,97.1
1,07/08/2019 18:40,64.05842863,62.75766892,11.09,0.09185622,11.38,12.62,97.1
1,07/08/2019 18:45,64.06527985,62.84110908,11.15,0.060519343,11.37,12.61,97.2
1,07/08/2019 18:50,64.07168204,62.92211222,11.15,0.051637297,11.38,12.54,97.2
1,07/08/2019 18:55,64.0778194,62.99959774,11.15,0.036458498,11.34,12.56,97.2
1,07/08/2019 19:00,64.08379817,63.0730591,11.17,0.02538287,11.35,12.49,97.2
1,07/08/2019 19:05,64.08968467,63.14233901,11.17,0.023923747,11.34,12.46,97.2
1,07/08/2019 19:10,64.09551629,63.20746429,11.17,0.025774581,11.27,12.58,97.2
1,07/08/2019 19:15,64.09914284,63.26856944,11.17,0.029858168,11.28,12.51,97.2
1,07/08/2019 19:20,64.10146306,63.32584248,11.17,0.032453253,11.25,12.49,97.2
1,07/08/2019 19:25,64.10300514,63.37949823,11.19,0.03028905,11.28,12.44,97.2
1,07/08/2019 19:30,64.10408619,63.42975791,11.19,0.023669135,11.23,12.54,97.2
1,07/08/2019 19:35,64.10489855,63.476843,11.18,0.020163322,11.22,12.52,97.2
1,07/08/2019 19:40,64.10555128,63.52097083,11.18,0.019144873,11.22,12.48,97.2
1,07/08/2019 19:45,64.10610632,63.56234179,11.19,0.017715128,11.22,12.39,97.2
1,07/08/2019 19:50,64.10660794,63.60115275,11.16,0.015492168,11.2,12.45,97.2
1,07/08/2019 19:55,64.10707634,63.63741643,11.15,0.01447372,11.19,12.45,97.2
1,07/08/2019 20:00,64.10752096,63.67121878,11.14,0.014816467,11.16,12.43,97.2
1,07/08/2019 20:05,64.1079541,63.70268774,11.12,0.014307243,11.18,12.41,97.2
1,07/08/2019 20:10,64.10837926,63.73195419,11.14,0.014111387,11.18,12.37,97.2
1,07/08/2019 20:15,64.1103972,63.759153,11.11,0.013827397,11.16,12.35,97.2
1,07/08/2019 20:20,64.11335873,63.78442363,11.11,0.012681642,11.17,12.27,97.2
1,07/08/2019 20:25,64.11687888,63.80790538,11.1,0.010585989,11.14,12.33,97.2
1,07/08/2019 20:30,64.12073065,63.8297157,11.07,0.008255308,11.12,12.35,97.2
1,07/08/2019 20:35,64.12477811,63.84997461,11.08,0.006637542,11.12,12.34,97.2
1,07/08/2019 20:40,64.12894222,63.86879258,11.05,0.004951227,11.11,12.29,97.2
1,07/08/2019 20:45,64.13317585,63.88626794,11.05,0.003823099,11.08,12.3,97.2
1,07/08/2019 20:50,64.13744967,63.90250038,11.07,0.002682241,11.13,12.2,97.2
1,07/08/2019 20:55,64.14174806,63.91769846,11.05,0.001710798,11.07,12.24,97.2
1,07/08/2019 21:00,64.14606038,63.93200561,11.07,0.00101649,11.05,12.24,97.2
1,07/08/2019 21:05,64.15037966,63.94552458,11.08,0.000507266,11.07,12.23,97.2
1,07/08/2019 21:10,64.15470663,63.95833935,11.06,0.000187042,11.05,12.12,97.2
1,07/08/2019 21:15,64.14817151,63.97051362,11.06,1.96E-05,11.05,12.15,97.2
1,07/08/2019 21:20,64.13520179,63.98210416,11.06,0,11.03,12.12,97.2
1,07/08/2019 21:25,64.11841739,63.99315554,11.06,0,11.03,12.14,97.2
1,07/08/2019 21:30,64.09937097,64.00371396,11.04,0,11.05,12.01,97.2
1,07/08/2019 21:35,64.07899122,64.01381754,11.04,0,11.02,12.1,97.2
1,07/08/2019 21:40,64.05781706,64.02349731,11.02,0,11.01,12.06,97.2
1,07/08/2019 21:45,64.03617064,64.03278617,11.02,0,11,12.06,97.2
1,07/08/2019 21:50,64.01424863,64.04171258,11.02,0,11.01,11.96,97.2
1,07/08/2019 21:55,63.99215992,64.04950839,11.01,0,10.98,12.07,97.2
1,07/08/2019 22:00,63.96997594,64.05578907,11.01,0,10.99,11.97,97.2
1,07/08/2019 22:05,63.9477328,64.06037548,11.01,0,10.96,12.04,97.2
1,07/08/2019 22:10,63.92545546,64.06323193,11.02,0,10.96,12,97.2
1,07/08/2019 22:15,62.97829501,64.06438614,11.03,0,10.94,11.95,97.2
1,07/08/2019 22:20,61.49061854,64.06390482,11.02,0,10.95,11.89,97.2
1,07/08/2019 22:25,59.68974001,64.06187284,11.04,0,10.93,11.95,97.2
1,07/08/2019 22:30,57.70820001,64.05838374,11.03,0,10.94,11.89,97.2
1,07/08/2019 22:35,55.62288262,64.05353539,11.03,0,10.91,11.9,97.2
1,07/08/2019 22:40,53.47840981,64.04741635,11.04,0,10.89,11.96,97.2
1,07/08/2019 22:45,51.30079689,64.04011713,11.02,0,10.93,11.79,97.2
1,07/08/2019 22:50,49.10533739,64.03172324,11.02,0,10.88,11.89,97.2
1,07/08/2019 22:55,46.90114439,63.95463885,11.02,0,10.89,11.8,97.2
1,07/08/2019 23:00,44.69377161,63.77464329,11.01,0,10.89,11.82,97.2
1,07/08/2019 23:05,42.48671846,63.47717067,11,0,10.85,11.83,97.2
1,07/08/2019 23:10,40.28230913,63.0590455,10.99,0,10.86,11.78,97.2
1,07/08/2019 23:15,38.57754859,62.52349288,10.98,0,10.85,11.78,97.2
1,07/08/2019 23:20,37.18203403,61.87721391,10.98,0,10.85,11.73,97.2
1,07/08/2019 23:25,35.98075346,61.20830166,10.97,0,10.84,11.71,97.3
1,07/08/2019 23:30,34.90284652,60.51321233,10.94,0,10.82,11.67,97.2
1,07/08/2019 23:35,33.90403499,59.72107881,10.92,0,10.8,11.7,97.2
1,07/08/2019 23:40,32.95636069,58.84130182,10.91,0,10.82,11.6,97.2
1,07/08/2019 23:45,32.04201949,57.88307841,10.91,0,10.8,11.61,97.2
1,07/08/2019 23:50,31.14962108,56.85520438,10.9,0,10.79,11.63,97.2
1,07/08/2019 23:55,30.27183003,55.76597779,10.89,0,10.81,11.58,97.3
1,08/08/2019 00:00,29.40391372,54.65489075,10.86,0,10.79,11.58,97.3
1,08/08/2019 00:05,28.54281074,53.54456751,10.86,0,10.77,11.6,97.3
1,08/08/2019 00:10,27.68654085,52.52207224,10.84,0,10.79,11.49,97.3
1,08/08/2019 00:15,27.00572277,51.5051748,10.82,0,10.78,11.48,97.3
1,08/08/2019 00:20,26.4423029,50.50126001,10.81,0,10.81,11.4,97.3
1,08/08/2019 00:25,25.95806471,49.51419554,10.77,0,10.76,11.4,97.2
1,08/08/2019 00:30,25.52755657,48.54574265,10.75,0,10.79,11.36,97.2
1,08/08/2019 00:35,25.13368614,47.59641509,10.72,0,10.79,11.27,97.2
1,08/08/2019 00:40,24.76489902,46.71608891,10.69,0,10.77,11.32,97.2
1,08/08/2019 00:45,24.41334429,45.84889353,10.67,0,10.74,11.39,97.2
1,08/08/2019 00:50,24.07366887,44.99476993,10.65,0,10.72,11.29,97.2
1,08/08/2019 00:55,23.7422103,44.15340528,10.61,0,10.74,11.26,97.2
1,08/08/2019 01:00,23.41645373,43.32435043,10.59,0,10.72,11.25,97.2
1,08/08/2019 01:05,23.09467159,42.51519843,10.57,0,10.75,11.12,97.2
1,08/08/2019 01:10,22.77567322,41.75220873,10.54,0,10.68,11.22,97.2
1,08/08/2019 01:15,22.55627604,41.0049828,10.52,0,10.73,11.14,97.2
1,08/08/2019 01:20,22.40649759,40.27822565,10.5,0,10.71,11.19,97.2
1,08/08/2019 01:25,22.30561256,39.5742498,10.49,0,10.7,11.16,97.2
1,08/08/2019 01:30,22.23918025,38.89388436,10.47,0,10.69,11.18,97.2
1,08/08/2019 01:35,22.19708663,38.24731668,10.44,0,10.71,11.07,97.2
1,08/08/2019 01:40,22.17221221,37.62998552,10.42,0,10.68,11.11,97.2
1,08/08/2019 01:45,22.15953597,37.03259958,10.4,0,10.68,11.08,97.2
1,08/08/2019 01:50,22.1555069,36.45447508,10.39,0,10.66,11.11,97.2
1,08/08/2019 01:55,22.15761123,35.8947456,10.38,0,10.67,11.02,97.2
1,08/08/2019 02:00,22.16406775,35.35245595,10.36,0,10.65,11.08,97.2
1,08/08/2019 02:05,22.17361259,34.84088507,10.34,0,10.66,11.03,97.2
1,08/08/2019 02:10,22.18534974,34.34366084,10.33,0,10.65,10.98,97.2
1,08/08/2019 02:15,22.19932152,33.85998495,10.3,0,10.63,11.03,97.2
1,08/08/2019 02:20,22.21487901,33.38907022,10.3,0,10.66,10.95,97.2
1,08/08/2019 02:25,22.23156294,32.93423973,10.29,0,10.59,11.16,97.2
1,08/08/2019 02:30,22.24904587,32.49728233,10.26,0,10.62,11.02,97.3
1,08/08/2019 02:35,22.26709623,32.08310413,10.24,0,10.61,11.01,97.2
1,08/08/2019 02:40,22.2855506,31.6860839,10.22,0,10.6,10.96,97.2
1,08/08/2019 02:45,22.30428897,31.30647015,10.21,0,10.59,11.06,97.2
1,08/08/2019 02:50,22.32322991,30.9440963,10.19,0,10.61,10.9,97.2
1,08/08/2019 02:55,22.34231433,30.5985341,10.17,0,10.58,11,97.2
1,08/08/2019 03:00,22.36150129,30.26919476,10.14,0,10.56,11.07,97.2
1,08/08/2019 03:05,22.3807609,29.95540714,10.12,0,10.6,10.83,97.2
1,08/08/2019 03:10,22.4000712,29.65637404,10.1,0,10.58,10.87,97.2
1,08/08/2019 03:15,22.38933621,29.37128948,10.06,0,10.58,10.82,97.2
1,08/08/2019 03:20,22.35732414,29.09949174,10.05,0,10.58,10.8,97.2
1,08/08/2019 03:25,22.3102608,28.84033126,10.02,0,10.57,10.83,97.2
1,08/08/2019 03:30,22.25255729,28.59316648,10,0,10.57,10.78,97.2
1,08/08/2019 03:35,22.18733079,28.35740537,9.97,0,10.59,10.71,97.2
1,08/08/2019 03:40,22.1167922,28.13247534,9.95,0,10.61,10.59,97.3
1,08/08/2019 03:45,22.04249716,27.91782956,9.92,0,10.58,10.75,97.2
1,08/08/2019 03:50,21.96554531,27.71294368,9.9,0,10.55,10.82,97.2
1,08/08/2019 03:55,21.88671653,27.51668309,9.88,0,10.49,11.07,97.2
1,08/08/2019 04:00,21.80656004,27.32923966,9.87,0,10.54,10.85,97.2
1,08/08/2019 04:05,21.72546464,27.15017556,9.86,5.29E-05,10.5,11.01,97.2
1,08/08/2019 04:10,21.64370628,26.97907861,9.83,0.0002174,10.49,10.98,97.2
1,08/08/2019 04:15,22.04785451,26.81556088,9.82,0.000585608,10.43,11.33,97.2
1,08/08/2019 04:20,22.80426814,26.65925458,9.8,0.001068392,10.47,11.11,97.2
1,08/08/2019 04:25,23.81962521,26.50981376,9.79,0.001505149,10.43,11.18,97.2
1,08/08/2019 04:30,25.02603365,26.36691405,9.79,0.002126991,10.48,11.03,97.2
1,08/08/2019 04:35,26.37280178,26.2302471,9.77,0.002889848,10.45,11.1,97.3
1,08/08/2019 04:40,27.82160901,26.09849762,9.77,0.003720275,10.48,10.97,97.3
1,08/08/2019 04:45,29.3434445,25.97071288,9.77,0.005042299,10.47,10.91,97.2
1,08/08/2019 04:50,30.91648723,25.84620393,9.77,0.007396482,10.45,10.93,97.2
1,08/08/2019 04:55,32.52450805,25.72641463,9.78,0.010350962,10.47,10.82,97.2
1,08/08/2019 05:00,34.15562358,25.60919035,9.8,0.014610819,10.45,10.92,97.2
1,08/08/2019 05:05,35.80128437,25.49416825,9.8,0.019340729,10.49,10.72,97.2
1,08/08/2019 05:10,37.4554623,25.38107537,9.82,0.022278561,10.43,10.92,97.2
1,08/08/2019 05:15,38.70570811,25.2697027,9.86,0.023796441,10.44,10.94,97.2
1,08/08/2019 05:20,39.68041079,25.15989085,9.88,0.030504491,10.45,10.79,97.2
1,08/08/2019 05:25,40.47007747,25.05151125,9.9,0.034548907,10.45,10.77,97.2
1,08/08/2019 05:30,41.13680813,24.94446086,9.92,0.033481494,10.45,10.75,97.2
1,08/08/2019 05:35,41.72246737,24.83865333,9.96,0.036252849,10.47,10.64,97.2
1,08/08/2019 05:40,42.25495557,24.7340164,9.99,0.048914906,10.43,10.75,97.2
1,08/08/2019 05:45,42.7527091,24.64633512,10.01,0.067384078,10.49,10.57,97.2
1,08/08/2019 05:50,43.22784424,24.58636043,10.06,0.066492935,10.48,10.58,97.2
1,08/08/2019 05:55,43.68828742,24.56143346,10.1,0.05305725,10.48,10.62,97.2
1,08/08/2019 06:00,44.13920366,24.5765342,10.14,0.050364237,10.49,10.55,97.2
1,08/08/2019 06:05,44.58394869,24.63499687,10.18,0.049003041,10.49,10.53,97.2
1,08/08/2019 06:10,45.02470101,24.73900517,10.23,0.056083217,10.5,10.52,97.3
1,08/08/2019 06:15,45.39940607,24.88995416,10.3,0.074141092,10.5,10.54,97.3
1,08/08/2019 06:20,45.73179071,25.088715,10.36,0.073112851,10.5,10.54,97.3
1,08/08/2019 06:25,46.03713032,25.33582554,10.43,0.07844012,10.51,10.5,97.3
1,08/08/2019 06:30,46.32521858,25.63162799,10.49,0.083238579,10.52,10.5,97.3
1,08/08/2019 06:35,46.60232112,25.99628999,10.54,0.09704639,10.53,10.5,97.3
1,08/08/2019 06:40,46.87243786,26.43297608,10.6,0.12564129,10.53,10.53,97.3
1,08/08/2019 06:45,47.1381187,26.89480656,10.64,0.169317062,10.53,10.54,97.3
1,08/08/2019 06:50,47.40098314,27.3752026,10.71,0.17852227,10.55,10.47,97.3
1,08/08/2019 06:55,47.66205829,27.87606841,10.69,0.174115522,10.56,10.49,97.3
1,08/08/2019 07:00,47.92199963,28.4009317,10.74,0.144345489,10.57,10.46,97.3
1,08/08/2019 07:05,48.18122075,28.93319509,10.78,0.146499899,10.59,10.46,97.3
1,08/08/2019 07:10,48.43998483,29.47177954,10.82,0.16422482,10.6,10.46,97.3
1,08/08/2019 07:15,48.70341779,30.02103439,10.88,0.165889592,10.61,10.47,97.3
1,08/08/2019 07:20,48.96978814,30.58733747,10.9,0.167652291,10.6,10.51,97.3
1,08/08/2019 07:25,49.23800495,31.15772228,10.98,0.182047669,10.62,10.48,97.3
1,08/08/2019 07:30,49.5073771,31.72923491,11,0.227779923,10.64,10.48,97.3
1,08/08/2019 07:35,49.77747469,32.29983699,11.02,0.275862444,10.65,10.48,97.3
1,08/08/2019 07:40,50.04802368,32.87963997,11.03,0.463785777,10.66,10.44,97.3
1,08/08/2019 07:45,50.31884954,33.45594768,11.05,0.377609365,10.67,10.53,97.3
1,08/08/2019 07:50,50.58984545,34.02768826,11.06,0.474166117,10.67,10.54,97.3
1,08/08/2019 07:55,50.86094656,34.59439441,11.07,0.612048375,10.7,10.47,97.3
1,08/08/2019 08:00,51.13210668,35.15569697,11.07,0.443220951,10.72,10.53,97.3
1,08/08/2019 08:05,51.40330549,35.72209263,11.09,0.308570309,10.73,10.47,97.3
1,08/08/2019 08:10,51.67451904,36.28314486,11.08,0.564455493,10.74,10.52,97.3
1,08/08/2019 08:15,51.7600573,36.83778833,11.11,0.628794019,10.76,10.5,97.3
1,08/08/2019 08:20,51.73046692,37.38607282,11.12,0.457028763,10.76,10.63,97.3
1,08/08/2019 08:25,51.62970227,37.92800116,11.15,0.528026374,10.75,10.57,97.3
1,08/08/2019 08:30,51.48499995,38.46354553,11.16,0.681283287,10.79,10.55,97.3
1,08/08/2019 08:35,51.3131984,39.00269038,11.18,0.73230364,10.78,10.66,97.3
1,08/08/2019 08:40,51.12467998,39.53816489,11.2,0.728092747,10.81,10.63,97.3
1,08/08/2019 08:45,50.92584854,40.06680944,11.21,0.690488495,10.83,10.65,97.3
1,08/08/2019 08:50,50.72065345,40.58858932,11.22,0.543988596,10.83,10.63,97.3
1,08/08/2019 08:55,50.51152889,41.10348433,11.22,0.560636312,10.88,10.66,97.3
1,08/08/2019 09:00,50.29997785,41.61149253,11.23,0.343432584,10.85,10.75,97.3
1,08/08/2019 09:05,50.08692813,42.11262653,11.13,0.639663998,10.89,10.71,97.3
1,08/08/2019 09:10,49.87295327,42.6069188,11.11,0.762367456,10.89,10.74,97.3
1,08/08/2019 09:15,49.63809501,43.08325055,11.12,0.691663628,10.92,10.59,97.3
1,08/08/2019 09:20,49.3903064,43.53341281,11.15,0.886246047,10.92,10.64,97.3
1,08/08/2019 09:25,49.13450083,43.95580923,11.14,0.874494718,10.91,10.75,97.3
1,08/08/2019 09:30,48.87372441,44.34972544,11.14,0.785380475,10.94,10.78,97.3
1,08/08/2019 09:35,48.60986899,44.71509434,11.14,0.370166857,10.97,10.73,97.3
1,08/08/2019 09:40,48.34410002,45.05226885,11.15,0.35185437,10.97,10.72,97.3
1,08/08/2019 09:45,48.07714511,45.36187333,11.17,0.290649532,11,10.73,97.3
1,08/08/2019 09:50,47.80945541,45.64470236,11.15,0.270672273,11,10.62,97.3
1,08/08/2019 09:55,47.54131119,45.90165897,11.16,0.298385824,11,10.68,97.3
1,08/08/2019 10:00,47.27288819,46.1337169,11.15,0.352931575,11.05,10.53,97.3
1,08/08/2019 10:05,47.00429311,46.34188267,11.15,0.355183913,11.04,10.71,97.3
1,08/08/2019 10:10,46.73559525,46.52603996,11.12,0.917582924,11.04,10.71,97.3
1,08/08/2019 10:15,46.56085595,46.68656604,11.12,0.927375698,11.04,10.71,97.2
1,08/08/2019 10:20,46.44508366,46.82413025,11.09,0.354204636,11.04,10.71,97.2
