date_time,input_flow,observed_flow
03/08/2019 00:00,62.495,74.844666
03/08/2019 00:05,62.16641667,74.81047158
03/08/2019 00:10,61.83783333,74.77627717
03/08/2019 00:15,61.50925,74.74208275
03/08/2019 00:20,61.18066667,74.70788833
03/08/2019 00:25,60.85208333,74.67369392
03/08/2019 00:30,60.5235,74.6394995
03/08/2019 00:35,60.19491667,74.60530508
03/08/2019 00:40,59.86633333,74.57111067
03/08/2019 00:45,59.53775,74.53691625
03/08/2019 00:50,59.20916667,74.50272183
03/08/2019 00:55,58.88058333,74.46852742
03/08/2019 01:00,58.552,74.434333
03/08/2019 01:05,59.199,73.75898583
03/08/2019 01:10,59.846,73.08363867
03/08/2019 01:15,60.493,72.4082915
03/08/2019 01:20,61.14,71.73294433
03/08/2019 01:25,61.787,71.05759717
03/08/2019 01:30,62.434,70.38225
03/08/2019 01:35,63.081,69.70690283
03/08/2019 01:40,63.728,69.03155567
03/08/2019 01:45,64.375,68.3562085
03/08/2019 01:50,65.022,67.68086133
03/08/2019 01:55,65.669,67.00551417
03/08/2019 02:00,66.316,66.330167
03/08/2019 02:05,65.63025,66.24390308
03/08/2019 02:10,64.9445,66.15763917
03/08/2019 02:15,64.25875,66.07137525
03/08/2019 02:20,63.573,65.98511133
03/08/2019 02:25,62.88725,65.89884742
03/08/2019 02:30,62.2015,65.8125835
03/08/2019 02:35,61.51575,65.72631958
03/08/2019 02:40,60.83,65.64005567
03/08/2019 02:45,60.14425,65.55379175
03/08/2019 02:50,59.4585,65.46752783
03/08/2019 02:55,58.77275,65.38126392
03/08/2019 03:00,58.087,65.295
03/08/2019 03:05,57.86458333,64.99998608
03/08/2019 03:10,57.64216667,64.70497217
03/08/2019 03:15,57.41975,64.40995825
03/08/2019 03:20,57.19733333,64.11494433
03/08/2019 03:25,56.97491667,63.81993042
03/08/2019 03:30,56.7525,63.5249165
03/08/2019 03:35,56.53008333,63.22990258
03/08/2019 03:40,56.30766667,62.93488867
03/08/2019 03:45,56.08525,62.63987475
03/08/2019 03:50,55.86283333,62.34486083
03/08/2019 03:55,55.64041667,62.04984692
03/08/2019 04:00,55.418,61.754833
03/08/2019 04:05,55.57933333,61.55161083
03/08/2019 04:10,55.74066667,61.34838867
03/08/2019 04:15,55.902,61.1451665
03/08/2019 04:20,56.06333333,60.94194433
03/08/2019 04:25,56.22466667,60.73872217
03/08/2019 04:30,56.386,60.5355
03/08/2019 04:35,56.54733333,60.33227783
03/08/2019 04:40,56.70866667,60.12905567
03/08/2019 04:45,56.87,59.9258335
03/08/2019 04:50,57.03133333,59.72261133
03/08/2019 04:55,57.19266667,59.51938917
03/08/2019 05:00,57.354,59.316167
03/08/2019 05:05,57.43216667,59.30986142
03/08/2019 05:10,57.51033333,59.30355583
03/08/2019 05:15,57.5885,59.29725025
03/08/2019 05:20,57.66666667,59.29094467
03/08/2019 05:25,57.74483333,59.28463908
03/08/2019 05:30,57.823,59.2783335
03/08/2019 05:35,57.90116667,59.27202792
03/08/2019 05:40,57.97933333,59.26572233
03/08/2019 05:45,58.0575,59.25941675
03/08/2019 05:50,58.13566667,59.25311117
03/08/2019 05:55,58.21383333,59.24680558
03/08/2019 06:00,58.292,59.2405
03/08/2019 06:05,58.44458333,58.97522217
03/08/2019 06:10,58.59716667,58.70994433
03/08/2019 06:15,58.74975,58.4446665
03/08/2019 06:20,58.90233333,58.17938867
03/08/2019 06:25,59.05491667,57.91411083
03/08/2019 06:30,59.2075,57.648833
03/08/2019 06:35,59.36008333,57.38355517
03/08/2019 06:40,59.51266667,57.11827733
03/08/2019 06:45,59.66525,56.8529995
03/08/2019 06:50,59.81783333,56.58772167
03/08/2019 06:55,59.97041667,56.32244383
03/08/2019 07:00,60.123,56.057166
03/08/2019 07:05,60.28941667,55.86749933
03/08/2019 07:10,60.45583333,55.67783267
03/08/2019 07:15,60.62225,55.488166
03/08/2019 07:20,60.78866667,55.29849933
03/08/2019 07:25,60.95508333,55.10883267
03/08/2019 07:30,61.1215,54.919166
03/08/2019 07:35,61.28791667,54.72949933
03/08/2019 07:40,61.45433333,54.53983267
03/08/2019 07:45,61.62075,54.350166
03/08/2019 07:50,61.78716667,54.16049933
03/08/2019 07:55,61.95358333,53.97083267
03/08/2019 08:00,62.12,53.781166
03/08/2019 08:05,62.38716667,54.13219383
03/08/2019 08:10,62.65433333,54.48322167
03/08/2019 08:15,62.9215,54.8342495
03/08/2019 08:20,63.18866667,55.18527733
03/08/2019 08:25,63.45583333,55.53630517
03/08/2019 08:30,63.723,55.887333
03/08/2019 08:35,63.99016667,56.23836083
03/08/2019 08:40,64.25733333,56.58938867
03/08/2019 08:45,64.5245,56.9404165
03/08/2019 08:50,64.79166667,57.29144433
03/08/2019 08:55,65.05883333,57.64247217
03/08/2019 09:00,65.326,57.9935
03/08/2019 09:05,65.33141667,58.23426392
03/08/2019 09:10,65.33683333,58.47502783
03/08/2019 09:15,65.34225,58.71579175
03/08/2019 09:20,65.34766667,58.95655567
03/08/2019 09:25,65.35308333,59.19731958
03/08/2019 09:30,65.3585,59.4380835
03/08/2019 09:35,65.36391667,59.67884742
03/08/2019 09:40,65.36933333,59.91961133
03/08/2019 09:45,65.37475,60.16037525
03/08/2019 09:50,65.38016667,60.40113917
03/08/2019 09:55,65.38558333,60.64190308
03/08/2019 10:00,65.391,60.882667
03/08/2019 10:05,65.40666667,60.91237525
03/08/2019 10:10,65.42233333,60.9420835
03/08/2019 10:15,65.438,60.97179175
03/08/2019 10:20,65.45366667,61.0015
03/08/2019 10:25,65.46933333,61.03120825
03/08/2019 10:30,65.485,61.0609165
03/08/2019 10:35,65.50066667,61.09062475
03/08/2019 10:40,65.51633333,61.120333
03/08/2019 10:45,65.532,61.15004125
03/08/2019 10:50,65.54766667,61.1797495
03/08/2019 10:55,65.56333333,61.20945775
03/08/2019 11:00,65.579,61.239166
03/08/2019 11:05,65.53666667,61.23469383
03/08/2019 11:10,65.49433333,61.23022167
03/08/2019 11:15,65.452,61.2257495
03/08/2019 11:20,65.40966667,61.22127733
03/08/2019 11:25,65.36733333,61.21680517
03/08/2019 11:30,65.325,61.212333
03/08/2019 11:35,65.28266667,61.20786083
03/08/2019 11:40,65.24033333,61.20338867
03/08/2019 11:45,65.198,61.1989165
03/08/2019 11:50,65.15566667,61.19444433
03/08/2019 11:55,65.11333333,61.18997217
03/08/2019 12:00,65.071,61.1855
03/08/2019 12:05,65.01141667,61.15576392
03/08/2019 12:10,64.95183333,61.12602783
03/08/2019 12:15,64.89225,61.09629175
03/08/2019 12:20,64.83266667,61.06655567
03/08/2019 12:25,64.77308333,61.03681958
03/08/2019 12:30,64.7135,61.0070835
03/08/2019 12:35,64.65391667,60.97734742
03/08/2019 12:40,64.59433333,60.94761133
03/08/2019 12:45,64.53475,60.91787525
03/08/2019 12:50,64.47516667,60.88813917
03/08/2019 12:55,64.41558333,60.85840308
03/08/2019 13:00,64.356,60.828667
03/08/2019 13:05,64.31008333,60.78501425
03/08/2019 13:10,64.26416667,60.7413615
03/08/2019 13:15,64.21825,60.69770875
03/08/2019 13:20,64.17233333,60.654056
03/08/2019 13:25,64.12641667,60.61040325
03/08/2019 13:30,64.0805,60.5667505
03/08/2019 13:35,64.03458333,60.52309775
03/08/2019 13:40,63.98866667,60.479445
03/08/2019 13:45,63.94275,60.43579225
03/08/2019 13:50,63.89683333,60.3921395
03/08/2019 13:55,63.85091667,60.34848675
03/08/2019 14:00,63.805,60.304834
03/08/2019 14:05,63.76316667,60.36422283
03/08/2019 14:10,63.72133333,60.42361167
03/08/2019 14:15,63.6795,60.4830005
03/08/2019 14:20,63.63766667,60.54238933
03/08/2019 14:25,63.59583333,60.60177817
03/08/2019 14:30,63.554,60.661167
03/08/2019 14:35,63.51216667,60.72055583
03/08/2019 14:40,63.47033333,60.77994467
03/08/2019 14:45,63.4285,60.8393335
03/08/2019 14:50,63.38666667,60.89872233
03/08/2019 14:55,63.34483333,60.95811117
03/08/2019 15:00,63.303,61.0175
03/08/2019 15:05,63.29191667,61.01304167
03/08/2019 15:10,63.28083333,61.00858333
03/08/2019 15:15,63.26975,61.004125
03/08/2019 15:20,63.25866667,60.99966667
03/08/2019 15:25,63.24758333,60.99520833
03/08/2019 15:30,63.2365,60.99075
03/08/2019 15:35,63.22541667,60.98629167
03/08/2019 15:40,63.21433333,60.98183333
03/08/2019 15:45,63.20325,60.977375
03/08/2019 15:50,63.19216667,60.97291667
03/08/2019 15:55,63.18108333,60.96845833
03/08/2019 16:00,63.17,60.964
03/08/2019 16:05,63.19733333,60.9739305
03/08/2019 16:10,63.22466667,60.983861
03/08/2019 16:15,63.252,60.9937915
03/08/2019 16:20,63.27933333,61.003722
03/08/2019 16:25,63.30666667,61.0136525
03/08/2019 16:30,63.334,61.023583
03/08/2019 16:35,63.36133333,61.0335135
03/08/2019 16:40,63.38866667,61.043444
03/08/2019 16:45,63.416,61.0533745
03/08/2019 16:50,63.44333333,61.063305
03/08/2019 16:55,63.47066667,61.0732355
03/08/2019 17:00,63.498,61.083166
03/08/2019 17:05,63.71075,61.07454108
03/08/2019 17:10,63.9235,61.06591617
03/08/2019 17:15,64.13625,61.05729125
03/08/2019 17:20,64.349,61.04866633
03/08/2019 17:25,64.56175,61.04004142
03/08/2019 17:30,64.7745,61.0314165
03/08/2019 17:35,64.98725,61.02279158
03/08/2019 17:40,65.2,61.01416667
03/08/2019 17:45,65.41275,61.00554175
03/08/2019 17:50,65.6255,60.99691683
03/08/2019 17:55,65.83825,60.98829192
03/08/2019 18:00,66.051,60.979667
03/08/2019 18:05,66.13791667,61.00536142
03/08/2019 18:10,66.22483333,61.03105583
03/08/2019 18:15,66.31175,61.05675025
03/08/2019 18:20,66.39866667,61.08244467
03/08/2019 18:25,66.48558333,61.10813908
03/08/2019 18:30,66.5725,61.1338335
03/08/2019 18:35,66.65941667,61.15952792
03/08/2019 18:40,66.74633333,61.18522233
03/08/2019 18:45,66.83325,61.21091675
03/08/2019 18:50,66.92016667,61.23661117
03/08/2019 18:55,67.00708333,61.26230558
03/08/2019 19:00,67.094,61.288
03/08/2019 19:05,67.0575,61.28994442
03/08/2019 19:10,67.021,61.29188883
03/08/2019 19:15,66.9845,61.29383325
03/08/2019 19:20,66.948,61.29577767
03/08/2019 19:25,66.9115,61.29772208
03/08/2019 19:30,66.875,61.2996665
03/08/2019 19:35,66.8385,61.30161092
03/08/2019 19:40,66.802,61.30355533
03/08/2019 19:45,66.7655,61.30549975
03/08/2019 19:50,66.729,61.30744417
03/08/2019 19:55,66.6925,61.30938858
03/08/2019 20:00,66.656,61.311333
03/08/2019 20:05,67.42416667,61.41272192
03/08/2019 20:10,68.19233333,61.51411083
03/08/2019 20:15,68.9605,61.61549975
03/08/2019 20:20,69.72866667,61.71688867
03/08/2019 20:25,70.49683333,61.81827758
03/08/2019 20:30,71.265,61.9196665
03/08/2019 20:35,72.03316667,62.02105542
03/08/2019 20:40,72.80133333,62.12244433
03/08/2019 20:45,73.5695,62.22383325
03/08/2019 20:50,74.33766667,62.32522217
03/08/2019 20:55,75.10583333,62.42661108
03/08/2019 21:00,75.874,62.528
03/08/2019 21:05,75.87541667,63.03772225
03/08/2019 21:10,75.87683333,63.5474445
03/08/2019 21:15,75.87825,64.05716675
03/08/2019 21:20,75.87966667,64.566889
03/08/2019 21:25,75.88108333,65.07661125
03/08/2019 21:30,75.8825,65.5863335
03/08/2019 21:35,75.88391667,66.09605575
03/08/2019 21:40,75.88533333,66.605778
03/08/2019 21:45,75.88675,67.11550025
03/08/2019 21:50,75.88816667,67.6252225
03/08/2019 21:55,75.88958333,68.13494475
03/08/2019 22:00,75.891,68.644667
03/08/2019 22:05,74.88741667,68.64465308
03/08/2019 22:10,73.88383333,68.64463917
03/08/2019 22:15,72.88025,68.64462525
03/08/2019 22:20,71.87666667,68.64461133
03/08/2019 22:25,70.87308333,68.64459742
03/08/2019 22:30,69.8695,68.6445835
03/08/2019 22:35,68.86591667,68.64456958
03/08/2019 22:40,67.86233333,68.64455567
03/08/2019 22:45,66.85875,68.64454175
03/08/2019 22:50,65.85516667,68.64452783
03/08/2019 22:55,64.85158333,68.64451392
03/08/2019 23:00,63.848,68.6445
03/08/2019 23:05,61.56825,68.64997225
03/08/2019 23:10,59.2885,68.6554445
03/08/2019 23:15,57.00875,68.66091675
03/08/2019 23:20,54.729,68.666389
03/08/2019 23:25,52.44925,68.67186125
03/08/2019 23:30,50.1695,68.6773335
03/08/2019 23:35,47.88975,68.68280575
03/08/2019 23:40,45.61,68.688278
03/08/2019 23:45,43.33025,68.69375025
03/08/2019 23:50,41.0505,68.6992225
03/08/2019 23:55,38.77075,68.70469475
04/08/2019 00:00,36.491,68.710167
04/08/2019 00:05,35.88666667,68.70173633
04/08/2019 00:10,35.28233333,68.69330567
04/08/2019 00:15,34.678,68.684875
04/08/2019 00:20,34.07366667,68.67644433
04/08/2019 00:25,33.46933333,68.66801367
04/08/2019 00:30,32.865,68.659583
04/08/2019 00:35,32.26066667,68.65115233
04/08/2019 00:40,31.65633333,68.64272167
04/08/2019 00:45,31.052,68.634291
04/08/2019 00:50,30.44766667,68.62586033
04/08/2019 00:55,29.84333333,68.61742967
04/08/2019 01:00,29.239,68.608999
04/08/2019 01:05,29.07175,67.552013
04/08/2019 01:10,28.9045,66.495027
04/08/2019 01:15,28.73725,65.438041
04/08/2019 01:20,28.57,64.381055
04/08/2019 01:25,28.40275,63.324069
04/08/2019 01:30,28.2355,62.267083
04/08/2019 01:35,28.06825,61.210097
04/08/2019 01:40,27.901,60.153111
04/08/2019 01:45,27.73375,59.096125
04/08/2019 01:50,27.5665,58.039139
04/08/2019 01:55,27.39925,56.982153
04/08/2019 02:00,27.232,55.925167
04/08/2019 02:05,27.18058333,54.99302808
04/08/2019 02:10,27.12916667,54.06088917
04/08/2019 02:15,27.07775,53.12875025
04/08/2019 02:20,27.02633333,52.19661133
04/08/2019 02:25,26.97491667,51.26447242
04/08/2019 02:30,26.9235,50.3323335
04/08/2019 02:35,26.87208333,49.40019458
04/08/2019 02:40,26.82066667,48.46805567
04/08/2019 02:45,26.76925,47.53591675
04/08/2019 02:50,26.71783333,46.60377783
04/08/2019 02:55,26.66641667,45.67163892
04/08/2019 03:00,26.615,44.7395
04/08/2019 03:05,26.58633333,44.19097217
04/08/2019 03:10,26.55766667,43.64244433
04/08/2019 03:15,26.529,43.0939165
04/08/2019 03:20,26.50033333,42.54538867
04/08/2019 03:25,26.47166667,41.99686083
04/08/2019 03:30,26.443,41.448333
04/08/2019 03:35,26.41433333,40.89980517
04/08/2019 03:40,26.38566667,40.35127733
04/08/2019 03:45,26.357,39.8027495
04/08/2019 03:50,26.32833333,39.25422167
04/08/2019 03:55,26.29966667,38.70569383
04/08/2019 04:00,26.271,38.157166
04/08/2019 04:05,26.08608333,37.59655492
04/08/2019 04:10,25.90116667,37.03594383
04/08/2019 04:15,25.71625,36.47533275
04/08/2019 04:20,25.53133333,35.91472167
04/08/2019 04:25,25.34641667,35.35411058
04/08/2019 04:30,25.1615,34.7934995
04/08/2019 04:35,24.97658333,34.23288842
04/08/2019 04:40,24.79166667,33.67227733
04/08/2019 04:45,24.60675,33.11166625
04/08/2019 04:50,24.42183333,32.55105517
04/08/2019 04:55,24.23691667,31.99044408
04/08/2019 05:00,24.052,31.429833
04/08/2019 05:05,25.53108333,31.36080525
04/08/2019 05:10,27.01016667,31.2917775
04/08/2019 05:15,28.48925,31.22274975
04/08/2019 05:20,29.96833333,31.153722
04/08/2019 05:25,31.44741667,31.08469425
04/08/2019 05:30,32.9265,31.0156665
04/08/2019 05:35,34.40558333,30.94663875
04/08/2019 05:40,35.88466667,30.877611
04/08/2019 05:45,37.36375,30.80858325
04/08/2019 05:50,38.84283333,30.7395555
04/08/2019 05:55,40.32191667,30.67052775
04/08/2019 06:00,41.801,30.6015
04/08/2019 06:05,42.0325,30.37320833
04/08/2019 06:10,42.264,30.14491667
04/08/2019 06:15,42.4955,29.916625
04/08/2019 06:20,42.727,29.68833333
04/08/2019 06:25,42.9585,29.46004167
04/08/2019 06:30,43.19,29.23175
04/08/2019 06:35,43.4215,29.00345833
04/08/2019 06:40,43.653,28.77516667
04/08/2019 06:45,43.8845,28.546875
04/08/2019 06:50,44.116,28.31858333
04/08/2019 06:55,44.3475,28.09029167
04/08/2019 07:00,44.579,27.862
04/08/2019 07:05,44.50741667,27.8829305
04/08/2019 07:10,44.43583333,27.903861
04/08/2019 07:15,44.36425,27.9247915
04/08/2019 07:20,44.29266667,27.945722
04/08/2019 07:25,44.22108333,27.9666525
04/08/2019 07:30,44.1495,27.987583
04/08/2019 07:35,44.07791667,28.0085135
04/08/2019 07:40,44.00633333,28.029444
04/08/2019 07:45,43.93475,28.0503745
04/08/2019 07:50,43.86316667,28.071305
04/08/2019 07:55,43.79158333,28.0922355
04/08/2019 08:00,43.72,28.113166
04/08/2019 08:05,44.3005,28.7369855
04/08/2019 08:10,44.881,29.360805
04/08/2019 08:15,45.4615,29.9846245
04/08/2019 08:20,46.042,30.608444
04/08/2019 08:25,46.6225,31.2322635
04/08/2019 08:30,47.203,31.856083
04/08/2019 08:35,47.7835,32.4799025
04/08/2019 08:40,48.364,33.103722
04/08/2019 08:45,48.9445,33.7275415
04/08/2019 08:50,49.525,34.351361
04/08/2019 08:55,50.1055,34.9751805
04/08/2019 09:00,50.686,35.599
04/08/2019 09:05,50.99258333,36.18836108
04/08/2019 09:10,51.29916667,36.77772217
04/08/2019 09:15,51.60575,37.36708325
04/08/2019 09:20,51.91233333,37.95644433
04/08/2019 09:25,52.21891667,38.54580542
04/08/2019 09:30,52.5255,39.1351665
04/08/2019 09:35,52.83208333,39.72452758
04/08/2019 09:40,53.13866667,40.31388867
04/08/2019 09:45,53.44525,40.90324975
04/08/2019 09:50,53.75183333,41.49261083
04/08/2019 09:55,54.05841667,42.08197192
04/08/2019 10:00,54.365,42.671333
04/08/2019 10:05,54.36958333,42.64448583
04/08/2019 10:10,54.37416667,42.61763867
04/08/2019 10:15,54.37875,42.5907915
04/08/2019 10:20,54.38333333,42.56394433
04/08/2019 10:25,54.38791667,42.53709717
04/08/2019 10:30,54.3925,42.51025
04/08/2019 10:35,54.39708333,42.48340283
04/08/2019 10:40,54.40166667,42.45655567
04/08/2019 10:45,54.40625,42.4297085
04/08/2019 10:50,54.41083333,42.40286133
04/08/2019 10:55,54.41541667,42.37601417
04/08/2019 11:00,54.42,42.349167
04/08/2019 11:05,54.42625,42.7338475
04/08/2019 11:10,54.4325,43.118528
04/08/2019 11:15,54.43875,43.5032085
04/08/2019 11:20,54.445,43.887889
04/08/2019 11:25,54.45125,44.2725695
04/08/2019 11:30,54.4575,44.65725
04/08/2019 11:35,54.46375,45.0419305
04/08/2019 11:40,54.47,45.426611
04/08/2019 11:45,54.47625,45.8112915
04/08/2019 11:50,54.4825,46.195972
04/08/2019 11:55,54.48875,46.5806525
04/08/2019 12:00,54.495,46.965333
04/08/2019 12:05,54.387,47.15911083
04/08/2019 12:10,54.279,47.35288867
04/08/2019 12:15,54.171,47.5466665
04/08/2019 12:20,54.063,47.74044433
04/08/2019 12:25,53.955,47.93422217
04/08/2019 12:30,53.847,48.128
04/08/2019 12:35,53.739,48.32177783
04/08/2019 12:40,53.631,48.51555567
04/08/2019 12:45,53.523,48.7093335
04/08/2019 12:50,53.415,48.90311133
04/08/2019 12:55,53.307,49.09688917
04/08/2019 13:00,53.199,49.290667
04/08/2019 13:05,53.07808333,49.32609758
04/08/2019 13:10,52.95716667,49.36152817
04/08/2019 13:15,52.83625,49.39695875
04/08/2019 13:20,52.71533333,49.43238933
04/08/2019 13:25,52.59441667,49.46781992
04/08/2019 13:30,52.4735,49.5032505
04/08/2019 13:35,52.35258333,49.53868108
04/08/2019 13:40,52.23166667,49.57411167
04/08/2019 13:45,52.11075,49.60954225
04/08/2019 13:50,51.98983333,49.64497283
04/08/2019 13:55,51.86891667,49.68040342
04/08/2019 14:00,51.748,49.715834
04/08/2019 14:05,51.55516667,49.70418117
04/08/2019 14:10,51.36233333,49.69252833
04/08/2019 14:15,51.1695,49.6808755
04/08/2019 14:20,50.97666667,49.66922267
04/08/2019 14:25,50.78383333,49.65756983
04/08/2019 14:30,50.591,49.645917
04/08/2019 14:35,50.39816667,49.63426417
04/08/2019 14:40,50.20533333,49.62261133
04/08/2019 14:45,50.0125,49.6109585
04/08/2019 14:50,49.81966667,49.59930567
04/08/2019 14:55,49.62683333,49.58765283
04/08/2019 15:00,49.434,49.576
04/08/2019 15:05,49.26458333,49.86977775
04/08/2019 15:10,49.09516667,50.1635555
04/08/2019 15:15,48.92575,50.45733325
04/08/2019 15:20,48.75633333,50.751111
04/08/2019 15:25,48.58691667,51.04488875
04/08/2019 15:30,48.4175,51.3386665
04/08/2019 15:35,48.24808333,51.63244425
04/08/2019 15:40,48.07866667,51.926222
04/08/2019 15:45,47.90925,52.21999975
04/08/2019 15:50,47.73983333,52.5137775
04/08/2019 15:55,47.57041667,52.80755525
04/08/2019 16:00,47.401,53.101333
04/08/2019 16:05,47.72683333,52.91259692
04/08/2019 16:10,48.05266667,52.72386083
04/08/2019 16:15,48.3785,52.53512475
04/08/2019 16:20,48.70433333,52.34638867
04/08/2019 16:25,49.03016667,52.15765258
04/08/2019 16:30,49.356,51.9689165
04/08/2019 16:35,49.68183333,51.78018042
04/08/2019 16:40,50.00766667,51.59144433
04/08/2019 16:45,50.3335,51.40270825
04/08/2019 16:50,50.65933333,51.21397217
04/08/2019 16:55,50.98516667,51.02523608
04/08/2019 17:00,51.311,50.8365
04/08/2019 17:05,52.38791667,50.54198617
04/08/2019 17:10,53.46483333,50.24747233
04/08/2019 17:15,54.54175,49.9529585
04/08/2019 17:20,55.61866667,49.65844467
04/08/2019 17:25,56.69558333,49.36393083
04/08/2019 17:30,57.7725,49.069417
04/08/2019 17:35,58.84941667,48.77490317
04/08/2019 17:40,59.92633333,48.48038933
04/08/2019 17:45,61.00325,48.1858755
04/08/2019 17:50,62.08016667,47.89136167
04/08/2019 17:55,63.15708333,47.59684783
04/08/2019 18:00,64.234,47.302334
04/08/2019 18:05,65.26608333,47.37786175
04/08/2019 18:10,66.29816667,47.4533895
04/08/2019 18:15,67.33025,47.52891725
04/08/2019 18:20,68.36233333,47.604445
04/08/2019 18:25,69.39441667,47.67997275
04/08/2019 18:30,70.4265,47.7555005
04/08/2019 18:35,71.45858333,47.83102825
04/08/2019 18:40,72.49066667,47.906556
04/08/2019 18:45,73.52275,47.98208375
04/08/2019 18:50,74.55483333,48.0576115
04/08/2019 18:55,75.58691667,48.13313925
04/08/2019 19:00,76.619,48.208667
04/08/2019 19:05,76.62975,48.78763917
04/08/2019 19:10,76.6405,49.36661133
04/08/2019 19:15,76.65125,49.9455835
04/08/2019 19:20,76.662,50.52455567
04/08/2019 19:25,76.67275,51.10352783
04/08/2019 19:30,76.6835,51.6825
04/08/2019 19:35,76.69425,52.26147217
04/08/2019 19:40,76.705,52.84044433
04/08/2019 19:45,76.71575,53.4194165
04/08/2019 19:50,76.7265,53.99838867
04/08/2019 19:55,76.73725,54.57736083
04/08/2019 20:00,76.748,55.156333
04/08/2019 20:05,76.74566667,55.77177742
04/08/2019 20:10,76.74333333,56.38722183
04/08/2019 20:15,76.741,57.00266625
04/08/2019 20:20,76.73866667,57.61811067
04/08/2019 20:25,76.73633333,58.23355508
04/08/2019 20:30,76.734,58.8489995
04/08/2019 20:35,76.73166667,59.46444392
04/08/2019 20:40,76.72933333,60.07988833
04/08/2019 20:45,76.727,60.69533275
04/08/2019 20:50,76.72466667,61.31077717
04/08/2019 20:55,76.72233333,61.92622158
04/08/2019 21:00,76.72,62.541666
04/08/2019 21:05,76.68883333,63.11145767
04/08/2019 21:10,76.65766667,63.68124933
04/08/2019 21:15,76.6265,64.251041
04/08/2019 21:20,76.59533333,64.82083267
04/08/2019 21:25,76.56416667,65.39062433
04/08/2019 21:30,76.533,65.960416
04/08/2019 21:35,76.50183333,66.53020767
04/08/2019 21:40,76.47066667,67.09999933
04/08/2019 21:45,76.4395,67.669791
04/08/2019 21:50,76.40833333,68.23958267
04/08/2019 21:55,76.37716667,68.80937433
04/08/2019 22:00,76.346,69.379166
04/08/2019 22:05,75.76766667,69.42031883
04/08/2019 22:10,75.18933333,69.46147167
04/08/2019 22:15,74.611,69.5026245
04/08/2019 22:20,74.03266667,69.54377733
04/08/2019 22:25,73.45433333,69.58493017
04/08/2019 22:30,72.876,69.626083
04/08/2019 22:35,72.29766667,69.66723583
04/08/2019 22:40,71.71933333,69.70838867
04/08/2019 22:45,71.141,69.7495415
04/08/2019 22:50,70.56266667,69.79069433
04/08/2019 22:55,69.98433333,69.83184717
04/08/2019 23:00,69.406,69.873
04/08/2019 23:05,65.58241667,70.4449305
04/08/2019 23:10,61.75883333,71.016861
04/08/2019 23:15,57.93525,71.5887915
04/08/2019 23:20,54.11166667,72.160722
04/08/2019 23:25,50.28808333,72.7326525
04/08/2019 23:30,46.4645,73.304583
04/08/2019 23:35,42.64091667,73.8765135
04/08/2019 23:40,38.81733333,74.448444
04/08/2019 23:45,34.99375,75.0203745
04/08/2019 23:50,31.17016667,75.592305
04/08/2019 23:55,27.34658333,76.1642355
05/08/2019 00:00,23.523,76.736166
05/08/2019 00:05,23.33775,76.03562442
05/08/2019 00:10,23.1525,75.33508283
05/08/2019 00:15,22.96725,74.63454125
05/08/2019 00:20,22.782,73.93399967
05/08/2019 00:25,22.59675,73.23345808
05/08/2019 00:30,22.4115,72.5329165
05/08/2019 00:35,22.22625,71.83237492
05/08/2019 00:40,22.041,71.13183333
05/08/2019 00:45,21.85575,70.43129175
05/08/2019 00:50,21.6705,69.73075017
05/08/2019 00:55,21.48525,69.03020858
05/08/2019 01:00,21.3,68.329667
05/08/2019 01:05,21.18583333,66.97981975
05/08/2019 01:10,21.07166667,65.6299725
05/08/2019 01:15,20.9575,64.28012525
05/08/2019 01:20,20.84333333,62.930278
05/08/2019 01:25,20.72916667,61.58043075
05/08/2019 01:30,20.615,60.2305835
05/08/2019 01:35,20.50083333,58.88073625
05/08/2019 01:40,20.38666667,57.530889
05/08/2019 01:45,20.2725,56.18104175
05/08/2019 01:50,20.15833333,54.8311945
05/08/2019 01:55,20.04416667,53.48134725
05/08/2019 02:00,19.93,52.1315
05/08/2019 02:05,19.92333333,51.154625
05/08/2019 02:10,19.91666667,50.17775
05/08/2019 02:15,19.91,49.200875
05/08/2019 02:20,19.90333333,48.224
05/08/2019 02:25,19.89666667,47.247125
05/08/2019 02:30,19.89,46.27025
05/08/2019 02:35,19.88333333,45.293375
05/08/2019 02:40,19.87666667,44.3165
05/08/2019 02:45,19.87,43.339625
05/08/2019 02:50,19.86333333,42.36275
05/08/2019 02:55,19.85666667,41.385875
05/08/2019 03:00,19.85,40.409
05/08/2019 03:05,19.7965,39.67183333
05/08/2019 03:10,19.743,38.93466667
05/08/2019 03:15,19.6895,38.1975
05/08/2019 03:20,19.636,37.46033333
05/08/2019 03:25,19.5825,36.72316667
05/08/2019 03:30,19.529,35.986
05/08/2019 03:35,19.4755,35.24883333
05/08/2019 03:40,19.422,34.51166667
05/08/2019 03:45,19.3685,33.7745
05/08/2019 03:50,19.315,33.03733333
05/08/2019 03:55,19.2615,32.30016667
05/08/2019 04:00,19.208,31.563
05/08/2019 04:05,20.82666667,31.35408333
05/08/2019 04:10,22.44533333,31.14516667
05/08/2019 04:15,24.064,30.93625
05/08/2019 04:20,25.68266667,30.72733333
05/08/2019 04:25,27.30133333,30.51841667
05/08/2019 04:30,28.92,30.3095
05/08/2019 04:35,30.53866667,30.10058333
05/08/2019 04:40,32.15733333,29.89166667
05/08/2019 04:45,33.776,29.68275
05/08/2019 04:50,35.39466667,29.47383333
05/08/2019 04:55,37.01333333,29.26491667
05/08/2019 05:00,38.632,29.056
05/08/2019 05:05,39.98141667,29.14397225
05/08/2019 05:10,41.33083333,29.2319445
05/08/2019 05:15,42.68025,29.31991675
05/08/2019 05:20,44.02966667,29.407889
05/08/2019 05:25,45.37908333,29.49586125
05/08/2019 05:30,46.7285,29.5838335
05/08/2019 05:35,48.07791667,29.67180575
05/08/2019 05:40,49.42733333,29.759778
05/08/2019 05:45,50.77675,29.84775025
05/08/2019 05:50,52.12616667,29.9357225
05/08/2019 05:55,53.47558333,30.02369475
05/08/2019 06:00,54.825,30.111667
05/08/2019 06:05,55.02691667,30.10019475
05/08/2019 06:10,55.22883333,30.0887225
05/08/2019 06:15,55.43075,30.07725025
05/08/2019 06:20,55.63266667,30.065778
05/08/2019 06:25,55.83458333,30.05430575
05/08/2019 06:30,56.0365,30.0428335
05/08/2019 06:35,56.23841667,30.03136125
05/08/2019 06:40,56.44033333,30.019889
05/08/2019 06:45,56.64225,30.00841675
05/08/2019 06:50,56.84416667,29.9969445
05/08/2019 06:55,57.04608333,29.98547225
05/08/2019 07:00,57.248,29.974
05/08/2019 07:05,57.26233333,29.93581942
05/08/2019 07:10,57.27666667,29.89763883
05/08/2019 07:15,57.291,29.85945825
05/08/2019 07:20,57.30533333,29.82127767
05/08/2019 07:25,57.31966667,29.78309708
05/08/2019 07:30,57.334,29.7449165
05/08/2019 07:35,57.34833333,29.70673592
05/08/2019 07:40,57.36266667,29.66855533
05/08/2019 07:45,57.377,29.63037475
05/08/2019 07:50,57.39133333,29.59219417
05/08/2019 07:55,57.40566667,29.55401358
05/08/2019 08:00,57.42,29.515833
05/08/2019 08:05,57.69083333,30.5110275
05/08/2019 08:10,57.96166667,31.506222
05/08/2019 08:15,58.2325,32.5014165
05/08/2019 08:20,58.50333333,33.496611
05/08/2019 08:25,58.77416667,34.4918055
05/08/2019 08:30,59.045,35.487
05/08/2019 08:35,59.31583333,36.4821945
05/08/2019 08:40,59.58666667,37.477389
05/08/2019 08:45,59.8575,38.4725835
05/08/2019 08:50,60.12833333,39.467778
05/08/2019 08:55,60.39916667,40.4629725
05/08/2019 09:00,60.67,41.458167
05/08/2019 09:05,60.71083333,42.04238917
05/08/2019 09:10,60.75166667,42.62661133
05/08/2019 09:15,60.7925,43.2108335
05/08/2019 09:20,60.83333333,43.79505567
05/08/2019 09:25,60.87416667,44.37927783
05/08/2019 09:30,60.915,44.9635
05/08/2019 09:35,60.95583333,45.54772217
05/08/2019 09:40,60.99666667,46.13194433
05/08/2019 09:45,61.0375,46.7161665
05/08/2019 09:50,61.07833333,47.30038867
05/08/2019 09:55,61.11916667,47.88461083
05/08/2019 10:00,61.16,48.468833
05/08/2019 10:05,61.19116667,48.64429142
05/08/2019 10:10,61.22233333,48.81974983
05/08/2019 10:15,61.2535,48.99520825
05/08/2019 10:20,61.28466667,49.17066667
05/08/2019 10:25,61.31583333,49.34612508
05/08/2019 10:30,61.347,49.5215835
05/08/2019 10:35,61.37816667,49.69704192
05/08/2019 10:40,61.40933333,49.87250033
05/08/2019 10:45,61.4405,50.04795875
05/08/2019 10:50,61.47166667,50.22341717
05/08/2019 10:55,61.50283333,50.39887558
05/08/2019 11:00,61.534,50.574334
05/08/2019 11:05,61.12225,51.03254225
05/08/2019 11:10,60.7105,51.4907505
05/08/2019 11:15,60.29875,51.94895875
05/08/2019 11:20,59.887,52.407167
05/08/2019 11:25,59.47525,52.86537525
05/08/2019 11:30,59.0635,53.3235835
05/08/2019 11:35,58.65175,53.78179175
05/08/2019 11:40,58.24,54.24
05/08/2019 11:45,57.82825,54.69820825
05/08/2019 11:50,57.4165,55.1564165
05/08/2019 11:55,57.00475,55.61462475
05/08/2019 12:00,56.593,56.072833
05/08/2019 12:05,56.951,56.07659692
05/08/2019 12:10,57.309,56.08036083
05/08/2019 12:15,57.667,56.08412475
05/08/2019 12:20,58.025,56.08788867
05/08/2019 12:25,58.383,56.09165258
05/08/2019 12:30,58.741,56.0954165
05/08/2019 12:35,59.099,56.09918042
05/08/2019 12:40,59.457,56.10294433
05/08/2019 12:45,59.815,56.10670825
05/08/2019 12:50,60.173,56.11047217
05/08/2019 12:55,60.531,56.11423608
05/08/2019 13:00,60.889,56.118
05/08/2019 13:05,60.48458333,56.10613892
05/08/2019 13:10,60.08016667,56.09427783
05/08/2019 13:15,59.67575,56.08241675
05/08/2019 13:20,59.27133333,56.07055567
05/08/2019 13:25,58.86691667,56.05869458
05/08/2019 13:30,58.4625,56.0468335
05/08/2019 13:35,58.05808333,56.03497242
05/08/2019 13:40,57.65366667,56.02311133
05/08/2019 13:45,57.24925,56.01125025
05/08/2019 13:50,56.84483333,55.99938917
05/08/2019 13:55,56.44041667,55.98752808
05/08/2019 14:00,56.036,55.975667
05/08/2019 14:05,55.47133333,56.01425025
05/08/2019 14:10,54.90666667,56.0528335
05/08/2019 14:15,54.342,56.09141675
05/08/2019 14:20,53.77733333,56.13
05/08/2019 14:25,53.21266667,56.16858325
05/08/2019 14:30,52.648,56.2071665
05/08/2019 14:35,52.08333333,56.24574975
05/08/2019 14:40,51.51866667,56.284333
05/08/2019 14:45,50.954,56.32291625
05/08/2019 14:50,50.38933333,56.3614995
05/08/2019 14:55,49.82466667,56.40008275
05/08/2019 15:00,49.26,56.438666
05/08/2019 15:05,49.26308333,56.27059667
05/08/2019 15:10,49.26616667,56.10252733
05/08/2019 15:15,49.26925,55.934458
05/08/2019 15:20,49.27233333,55.76638867
05/08/2019 15:25,49.27541667,55.59831933
05/08/2019 15:30,49.2785,55.43025
05/08/2019 15:35,49.28158333,55.26218067
05/08/2019 15:40,49.28466667,55.09411133
05/08/2019 15:45,49.28775,54.926042
05/08/2019 15:50,49.29083333,54.75797267
05/08/2019 15:55,49.29391667,54.58990333
05/08/2019 16:00,49.297,54.421834
05/08/2019 16:05,49.34133333,54.10329225
05/08/2019 16:10,49.38566667,53.7847505
05/08/2019 16:15,49.43,53.46620875
05/08/2019 16:20,49.47433333,53.147667
05/08/2019 16:25,49.51866667,52.82912525
05/08/2019 16:30,49.563,52.5105835
05/08/2019 16:35,49.60733333,52.19204175
05/08/2019 16:40,49.65166667,51.8735
05/08/2019 16:45,49.696,51.55495825
05/08/2019 16:50,49.74033333,51.2364165
05/08/2019 16:55,49.78466667,50.91787475
05/08/2019 17:00,49.829,50.599333
05/08/2019 17:05,50.55066667,50.56159692
05/08/2019 17:10,51.27233333,50.52386083
05/08/2019 17:15,51.994,50.48612475
05/08/2019 17:20,52.71566667,50.44838867
05/08/2019 17:25,53.43733333,50.41065258
05/08/2019 17:30,54.159,50.3729165
05/08/2019 17:35,54.88066667,50.33518042
05/08/2019 17:40,55.60233333,50.29744433
05/08/2019 17:45,56.324,50.25970825
05/08/2019 17:50,57.04566667,50.22197217
05/08/2019 17:55,57.76733333,50.18423608
05/08/2019 18:00,58.489,50.1465
05/08/2019 18:05,58.56641667,50.17931942
05/08/2019 18:10,58.64383333,50.21213883
05/08/2019 18:15,58.72125,50.24495825
05/08/2019 18:20,58.79866667,50.27777767
05/08/2019 18:25,58.87608333,50.31059708
05/08/2019 18:30,58.9535,50.3434165
05/08/2019 18:35,59.03091667,50.37623592
05/08/2019 18:40,59.10833333,50.40905533
05/08/2019 18:45,59.18575,50.44187475
05/08/2019 18:50,59.26316667,50.47469417
05/08/2019 18:55,59.34058333,50.50751358
05/08/2019 19:00,59.418,50.540333
05/08/2019 19:05,59.38641667,50.53211075
05/08/2019 19:10,59.35483333,50.5238885
05/08/2019 19:15,59.32325,50.51566625
05/08/2019 19:20,59.29166667,50.507444
05/08/2019 19:25,59.26008333,50.49922175
05/08/2019 19:30,59.2285,50.4909995
05/08/2019 19:35,59.19691667,50.48277725
05/08/2019 19:40,59.16533333,50.474555
05/08/2019 19:45,59.13375,50.46633275
05/08/2019 19:50,59.10216667,50.4581105
05/08/2019 19:55,59.07058333,50.44988825
05/08/2019 20:00,59.039,50.441666
05/08/2019 20:05,59.1675,50.47444383
05/08/2019 20:10,59.296,50.50722167
05/08/2019 20:15,59.4245,50.5399995
05/08/2019 20:20,59.553,50.57277733
05/08/2019 20:25,59.6815,50.60555517
05/08/2019 20:30,59.81,50.638333
05/08/2019 20:35,59.9385,50.67111083
05/08/2019 20:40,60.067,50.70388867
05/08/2019 20:45,60.1955,50.7366665
05/08/2019 20:50,60.324,50.76944433
05/08/2019 20:55,60.4525,50.80222217
05/08/2019 21:00,60.581,50.835
05/08/2019 21:05,60.04,51.14672217
05/08/2019 21:10,59.499,51.45844433
05/08/2019 21:15,58.958,51.7701665
05/08/2019 21:20,58.417,52.08188867
05/08/2019 21:25,57.876,52.39361083
05/08/2019 21:30,57.335,52.705333
05/08/2019 21:35,56.794,53.01705517
05/08/2019 21:40,56.253,53.32877733
05/08/2019 21:45,55.712,53.6404995
05/08/2019 21:50,55.171,53.95222167
05/08/2019 21:55,54.63,54.26394383
05/08/2019 22:00,54.089,54.575666
05/08/2019 22:05,52.54458333,54.80365217
05/08/2019 22:10,51.00016667,55.03163833
05/08/2019 22:15,49.45575,55.2596245
05/08/2019 22:20,47.91133333,55.48761067
05/08/2019 22:25,46.36691667,55.71559683
05/08/2019 22:30,44.8225,55.943583
05/08/2019 22:35,43.27808333,56.17156917
05/08/2019 22:40,41.73366667,56.39955533
05/08/2019 22:45,40.18925,56.6275415
05/08/2019 22:50,38.64483333,56.85552767
05/08/2019 22:55,37.10041667,57.08351383
05/08/2019 23:00,35.556,57.3115
05/08/2019 23:05,35.46541667,57.04227775
05/08/2019 23:10,35.37483333,56.7730555
05/08/2019 23:15,35.28425,56.50383325
05/08/2019 23:20,35.19366667,56.234611
05/08/2019 23:25,35.10308333,55.96538875
05/08/2019 23:30,35.0125,55.6961665
05/08/2019 23:35,34.92191667,55.42694425
05/08/2019 23:40,34.83133333,55.157722
05/08/2019 23:45,34.74075,54.88849975
05/08/2019 23:50,34.65016667,54.6192775
05/08/2019 23:55,34.55958333,54.35005525
06/08/2019 00:00,34.469,54.080833
06/08/2019 00:05,34.28183333,53.508583
06/08/2019 00:10,34.09466667,52.936333
06/08/2019 00:15,33.9075,52.364083
06/08/2019 00:20,33.72033333,51.791833
06/08/2019 00:25,33.53316667,51.219583
06/08/2019 00:30,33.346,50.647333
06/08/2019 00:35,33.15883333,50.075083
06/08/2019 00:40,32.97166667,49.502833
06/08/2019 00:45,32.7845,48.930583
06/08/2019 00:50,32.59733333,48.358333
06/08/2019 00:55,32.41016667,47.786083
06/08/2019 01:00,32.223,47.213833
06/08/2019 01:05,31.78708333,46.75202742
06/08/2019 01:10,31.35116667,46.29022183
06/08/2019 01:15,30.91525,45.82841625
06/08/2019 01:20,30.47933333,45.36661067
06/08/2019 01:25,30.04341667,44.90480508
06/08/2019 01:30,29.6075,44.4429995
06/08/2019 01:35,29.17158333,43.98119392
06/08/2019 01:40,28.73566667,43.51938833
06/08/2019 01:45,28.29975,43.05758275
06/08/2019 01:50,27.86383333,42.59577717
06/08/2019 01:55,27.42791667,42.13397158
06/08/2019 02:00,26.992,41.672166
06/08/2019 02:05,27.039,41.23356883
06/08/2019 02:10,27.086,40.79497167
06/08/2019 02:15,27.133,40.3563745
06/08/2019 02:20,27.18,39.91777733
06/08/2019 02:25,27.227,39.47918017
06/08/2019 02:30,27.274,39.040583
06/08/2019 02:35,27.321,38.60198583
06/08/2019 02:40,27.368,38.16338867
06/08/2019 02:45,27.415,37.7247915
06/08/2019 02:50,27.462,37.28619433
06/08/2019 02:55,27.509,36.84759717
06/08/2019 03:00,27.556,36.409
06/08/2019 03:05,27.55875,36.27411117
06/08/2019 03:10,27.5615,36.13922233
06/08/2019 03:15,27.56425,36.0043335
06/08/2019 03:20,27.567,35.86944467
06/08/2019 03:25,27.56975,35.73455583
06/08/2019 03:30,27.5725,35.599667
06/08/2019 03:35,27.57525,35.46477817
06/08/2019 03:40,27.578,35.32988933
06/08/2019 03:45,27.58075,35.1950005
06/08/2019 03:50,27.5835,35.06011167
06/08/2019 03:55,27.58625,34.92522283
06/08/2019 04:00,27.589,34.790334
06/08/2019 04:05,29.98241667,34.1777645
06/08/2019 04:10,32.37583333,33.565195
06/08/2019 04:15,34.76925,32.9526255
06/08/2019 04:20,37.16266667,32.340056
06/08/2019 04:25,39.55608333,31.7274865
06/08/2019 04:30,41.9495,31.114917
06/08/2019 04:35,44.34291667,30.5023475
06/08/2019 04:40,46.73633333,29.889778
06/08/2019 04:45,49.12975,29.2772085
06/08/2019 04:50,51.52316667,28.664639
06/08/2019 04:55,53.91658333,28.0520695
06/08/2019 05:00,56.31,27.4395
06/08/2019 05:05,56.76283333,27.466375
06/08/2019 05:10,57.21566667,27.49325
06/08/2019 05:15,57.6685,27.520125
06/08/2019 05:20,58.12133333,27.547
06/08/2019 05:25,58.57416667,27.573875
06/08/2019 05:30,59.027,27.60075
06/08/2019 05:35,59.47983333,27.627625
06/08/2019 05:40,59.93266667,27.6545
06/08/2019 05:45,60.3855,27.681375
06/08/2019 05:50,60.83833333,27.70825
06/08/2019 05:55,61.29116667,27.735125
06/08/2019 06:00,61.744,27.762
06/08/2019 06:05,61.93916667,28.50063883
06/08/2019 06:10,62.13433333,29.23927767
06/08/2019 06:15,62.3295,29.9779165
06/08/2019 06:20,62.52466667,30.71655533
06/08/2019 06:25,62.71983333,31.45519417
06/08/2019 06:30,62.915,32.193833
06/08/2019 06:35,63.11016667,32.93247183
06/08/2019 06:40,63.30533333,33.67111067
06/08/2019 06:45,63.5005,34.4097495
06/08/2019 06:50,63.69566667,35.14838833
06/08/2019 06:55,63.89083333,35.88702717
06/08/2019 07:00,64.086,36.625666
06/08/2019 07:05,64.24891667,37.3824855
06/08/2019 07:10,64.41183333,38.139305
06/08/2019 07:15,64.57475,38.8961245
06/08/2019 07:20,64.73766667,39.652944
06/08/2019 07:25,64.90058333,40.4097635
06/08/2019 07:30,65.0635,41.166583
06/08/2019 07:35,65.22641667,41.9234025
06/08/2019 07:40,65.38933333,42.680222
06/08/2019 07:45,65.55225,43.4370415
06/08/2019 07:50,65.71516667,44.193861
06/08/2019 07:55,65.87808333,44.9506805
06/08/2019 08:00,66.041,45.7075
06/08/2019 08:05,66.02041667,46.30673608
06/08/2019 08:10,65.99983333,46.90597217
06/08/2019 08:15,65.97925,47.50520825
06/08/2019 08:20,65.95866667,48.10444433
06/08/2019 08:25,65.93808333,48.70368042
06/08/2019 08:30,65.9175,49.3029165
06/08/2019 08:35,65.89691667,49.90215258
06/08/2019 08:40,65.87633333,50.50138867
06/08/2019 08:45,65.85575,51.10062475
06/08/2019 08:50,65.83516667,51.69986083
06/08/2019 08:55,65.81458333,52.29909692
06/08/2019 09:00,65.794,52.898333
06/08/2019 09:05,65.73816667,53.12862467
06/08/2019 09:10,65.68233333,53.35891633
06/08/2019 09:15,65.6265,53.589208
06/08/2019 09:20,65.57066667,53.81949967
06/08/2019 09:25,65.51483333,54.04979133
06/08/2019 09:30,65.459,54.280083
06/08/2019 09:35,65.40316667,54.51037467
06/08/2019 09:40,65.34733333,54.74066633
06/08/2019 09:45,65.2915,54.970958
06/08/2019 09:50,65.23566667,55.20124967
06/08/2019 09:55,65.17983333,55.43154133
06/08/2019 10:00,65.124,55.661833
06/08/2019 10:05,65.19466667,56.28633308
06/08/2019 10:10,65.26533333,56.91083317
06/08/2019 10:15,65.336,57.53533325
06/08/2019 10:20,65.40666667,58.15983333
06/08/2019 10:25,65.47733333,58.78433342
06/08/2019 10:30,65.548,59.4088335
06/08/2019 10:35,65.61866667,60.03333358
06/08/2019 10:40,65.68933333,60.65783367
06/08/2019 10:45,65.76,61.28233375
06/08/2019 10:50,65.83066667,61.90683383
06/08/2019 10:55,65.90133333,62.53133392
06/08/2019 11:00,65.972,63.155834
06/08/2019 11:05,65.58316667,63.15243117
06/08/2019 11:10,65.19433333,63.14902833
06/08/2019 11:15,64.8055,63.1456255
06/08/2019 11:20,64.41666667,63.14222267
06/08/2019 11:25,64.02783333,63.13881983
06/08/2019 11:30,63.639,63.135417
06/08/2019 11:35,63.25016667,63.13201417
06/08/2019 11:40,62.86133333,63.12861133
06/08/2019 11:45,62.4725,63.1252085
06/08/2019 11:50,62.08366667,63.12180567
06/08/2019 11:55,61.69483333,63.11840283
06/08/2019 12:00,61.306,63.115
06/08/2019 12:05,60.3715,63.05673608
06/08/2019 12:10,59.437,62.99847217
06/08/2019 12:15,58.5025,62.94020825
06/08/2019 12:20,57.568,62.88194433
06/08/2019 12:25,56.6335,62.82368042
06/08/2019 12:30,55.699,62.7654165
06/08/2019 12:35,54.7645,62.70715258
06/08/2019 12:40,53.83,62.64888867
06/08/2019 12:45,52.8955,62.59062475
06/08/2019 12:50,51.961,62.53236083
06/08/2019 12:55,51.0265,62.47409692
06/08/2019 13:00,50.092,62.415833
06/08/2019 13:05,50.04058333,61.98211083
06/08/2019 13:10,49.98916667,61.54838867
06/08/2019 13:15,49.93775,61.1146665
06/08/2019 13:20,49.88633333,60.68094433
06/08/2019 13:25,49.83491667,60.24722217
06/08/2019 13:30,49.7835,59.8135
06/08/2019 13:35,49.73208333,59.37977783
06/08/2019 13:40,49.68066667,58.94605567
06/08/2019 13:45,49.62925,58.5123335
06/08/2019 13:50,49.57783333,58.07861133
06/08/2019 13:55,49.52641667,57.64488917
06/08/2019 14:00,49.475,57.211167
06/08/2019 14:05,50.27083333,57.29245867
06/08/2019 14:10,51.06666667,57.37375033
06/08/2019 14:15,51.8625,57.455042
06/08/2019 14:20,52.65833333,57.53633367
06/08/2019 14:25,53.45416667,57.61762533
06/08/2019 14:30,54.25,57.698917
06/08/2019 14:35,55.04583333,57.78020867
06/08/2019 14:40,55.84166667,57.86150033
06/08/2019 14:45,56.6375,57.942792
06/08/2019 14:50,57.43333333,58.02408367
06/08/2019 14:55,58.22916667,58.10537533
06/08/2019 15:00,59.025,58.186667
06/08/2019 15:05,59.3195,57.61681975
06/08/2019 15:10,59.614,57.0469725
06/08/2019 15:15,59.9085,56.47712525
06/08/2019 15:20,60.203,55.907278
06/08/2019 15:25,60.4975,55.33743075
06/08/2019 15:30,60.792,54.7675835
06/08/2019 15:35,61.0865,54.19773625
06/08/2019 15:40,61.381,53.627889
06/08/2019 15:45,61.6755,53.05804175
06/08/2019 15:50,61.97,52.4881945
06/08/2019 15:55,62.2645,51.91834725
06/08/2019 16:00,62.559,51.3485
06/08/2019 16:05,62.951,51.41486108
06/08/2019 16:10,63.343,51.48122217
06/08/2019 16:15,63.735,51.54758325
06/08/2019 16:20,64.127,51.61394433
06/08/2019 16:25,64.519,51.68030542
06/08/2019 16:30,64.911,51.7466665
06/08/2019 16:35,65.303,51.81302758
06/08/2019 16:40,65.695,51.87938867
06/08/2019 16:45,66.087,51.94574975
06/08/2019 16:50,66.479,52.01211083
06/08/2019 16:55,66.871,52.07847192
06/08/2019 17:00,67.263,52.144833
06/08/2019 17:05,67.27375,52.57322192
06/08/2019 17:10,67.2845,53.00161083
06/08/2019 17:15,67.29525,53.42999975
06/08/2019 17:20,67.306,53.85838867
06/08/2019 17:25,67.31675,54.28677758
06/08/2019 17:30,67.3275,54.7151665
06/08/2019 17:35,67.33825,55.14355542
06/08/2019 17:40,67.349,55.57194433
06/08/2019 17:45,67.35975,56.00033325
06/08/2019 17:50,67.3705,56.42872217
06/08/2019 17:55,67.38125,56.85711108
06/08/2019 18:00,67.392,57.2855
06/08/2019 18:05,67.412,57.3348055
06/08/2019 18:10,67.432,57.384111
06/08/2019 18:15,67.452,57.4334165
06/08/2019 18:20,67.472,57.482722
06/08/2019 18:25,67.492,57.5320275
06/08/2019 18:30,67.512,57.581333
06/08/2019 18:35,67.532,57.6306385
06/08/2019 18:40,67.552,57.679944
06/08/2019 18:45,67.572,57.7292495
06/08/2019 18:50,67.592,57.778555
06/08/2019 18:55,67.612,57.8278605
06/08/2019 19:00,67.632,57.877166
06/08/2019 19:05,67.62533333,58.50163833
06/08/2019 19:10,67.61866667,59.12611067
06/08/2019 19:15,67.612,59.750583
06/08/2019 19:20,67.60533333,60.37505533
06/08/2019 19:25,67.59866667,60.99952767
06/08/2019 19:30,67.592,61.624
06/08/2019 19:35,67.58533333,62.24847233
06/08/2019 19:40,67.57866667,62.87294467
06/08/2019 19:45,67.572,63.497417
06/08/2019 19:50,67.56533333,64.12188933
06/08/2019 19:55,67.55866667,64.74636167
06/08/2019 20:00,67.552,65.370834
06/08/2019 20:05,67.56325,65.29518117
06/08/2019 20:10,67.5745,65.21952833
06/08/2019 20:15,67.58575,65.1438755
06/08/2019 20:20,67.597,65.06822267
06/08/2019 20:25,67.60825,64.99256983
06/08/2019 20:30,67.6195,64.916917
06/08/2019 20:35,67.63075,64.84126417
06/08/2019 20:40,67.642,64.76561133
06/08/2019 20:45,67.65325,64.6899585
06/08/2019 20:50,67.6645,64.61430567
06/08/2019 20:55,67.67575,64.53865283
06/08/2019 21:00,67.687,64.463
06/08/2019 21:05,67.66466667,64.50056942
06/08/2019 21:10,67.64233333,64.53813883
06/08/2019 21:15,67.62,64.57570825
06/08/2019 21:20,67.59766667,64.61327767
06/08/2019 21:25,67.57533333,64.65084708
06/08/2019 21:30,67.553,64.6884165
06/08/2019 21:35,67.53066667,64.72598592
06/08/2019 21:40,67.50833333,64.76355533
06/08/2019 21:45,67.486,64.80112475
06/08/2019 21:50,67.46366667,64.83869417
06/08/2019 21:55,67.44133333,64.87626358
06/08/2019 22:00,67.419,64.913833
06/08/2019 22:05,66.67516667,64.92030525
06/08/2019 22:10,65.93133333,64.9267775
06/08/2019 22:15,65.1875,64.93324975
06/08/2019 22:20,64.44366667,64.939722
06/08/2019 22:25,63.69983333,64.94619425
06/08/2019 22:30,62.956,64.9526665
06/08/2019 22:35,62.21216667,64.95913875
06/08/2019 22:40,61.46833333,64.965611
06/08/2019 22:45,60.7245,64.97208325
06/08/2019 22:50,59.98066667,64.9785555
06/08/2019 22:55,59.23683333,64.98502775
06/08/2019 23:00,58.493,64.9915
06/08/2019 23:05,57.04575,64.94773608
06/08/2019 23:10,55.5985,64.90397217
06/08/2019 23:15,54.15125,64.86020825
06/08/2019 23:20,52.704,64.81644433
06/08/2019 23:25,51.25675,64.77268042
06/08/2019 23:30,49.8095,64.7289165
06/08/2019 23:35,48.36225,64.68515258
06/08/2019 23:40,46.915,64.64138867
06/08/2019 23:45,45.46775,64.59762475
06/08/2019 23:50,44.0205,64.55386083
06/08/2019 23:55,42.57325,64.51009692
07/08/2019 00:00,41.126,64.466333
07/08/2019 00:05,40.13208333,64.00513858
07/08/2019 00:10,39.13816667,63.54394417
07/08/2019 00:15,38.14425,63.08274975
07/08/2019 00:20,37.15033333,62.62155533
07/08/2019 00:25,36.15641667,62.16036092
07/08/2019 00:30,35.1625,61.6991665
07/08/2019 00:35,34.16858333,61.23797208
07/08/2019 00:40,33.17466667,60.77677767
07/08/2019 00:45,32.18075,60.31558325
07/08/2019 00:50,31.18683333,59.85438883
07/08/2019 00:55,30.19291667,59.39319442
07/08/2019 01:00,29.199,58.932
07/08/2019 01:05,28.81983333,58.335875
07/08/2019 01:10,28.44066667,57.73975
07/08/2019 01:15,28.0615,57.143625
07/08/2019 01:20,27.68233333,56.5475
07/08/2019 01:25,27.30316667,55.951375
07/08/2019 01:30,26.924,55.35525
07/08/2019 01:35,26.54483333,54.759125
07/08/2019 01:40,26.16566667,54.163
07/08/2019 01:45,25.7865,53.566875
07/08/2019 01:50,25.40733333,52.97075
07/08/2019 01:55,25.02816667,52.374625
07/08/2019 02:00,24.649,51.7785
07/08/2019 02:05,24.75725,51.00051392
07/08/2019 02:10,24.8655,50.22252783
07/08/2019 02:15,24.97375,49.44454175
07/08/2019 02:20,25.082,48.66655567
07/08/2019 02:25,25.19025,47.88856958
07/08/2019 02:30,25.2985,47.1105835
07/08/2019 02:35,25.40675,46.33259742
07/08/2019 02:40,25.515,45.55461133
07/08/2019 02:45,25.62325,44.77662525
07/08/2019 02:50,25.7315,43.99863917
07/08/2019 02:55,25.83975,43.22065308
07/08/2019 03:00,25.948,42.442667
07/08/2019 03:05,25.74391667,41.8475975
07/08/2019 03:10,25.53983333,41.252528
07/08/2019 03:15,25.33575,40.6574585
07/08/2019 03:20,25.13166667,40.062389
07/08/2019 03:25,24.92758333,39.4673195
07/08/2019 03:30,24.7235,38.87225
07/08/2019 03:35,24.51941667,38.2771805
07/08/2019 03:40,24.31533333,37.682111
07/08/2019 03:45,24.11125,37.0870415
07/08/2019 03:50,23.90716667,36.491972
07/08/2019 03:55,23.70308333,35.8969025
07/08/2019 04:00,23.499,35.301833
07/08/2019 04:05,26.10233333,34.919208
07/08/2019 04:10,28.70566667,34.536583
07/08/2019 04:15,31.309,34.153958
07/08/2019 04:20,33.91233333,33.771333
07/08/2019 04:25,36.51566667,33.388708
07/08/2019 04:30,39.119,33.006083
07/08/2019 04:35,41.72233333,32.623458
07/08/2019 04:40,44.32566667,32.240833
07/08/2019 04:45,46.929,31.858208
07/08/2019 04:50,49.53233333,31.475583
07/08/2019 04:55,52.13566667,31.092958
07/08/2019 05:00,54.739,30.710333
07/08/2019 05:05,55.21925,30.548458
07/08/2019 05:10,55.6995,30.386583
07/08/2019 05:15,56.17975,30.224708
07/08/2019 05:20,56.66,30.062833
07/08/2019 05:25,57.14025,29.900958
07/08/2019 05:30,57.6205,29.739083
07/08/2019 05:35,58.10075,29.577208
07/08/2019 05:40,58.581,29.415333
07/08/2019 05:45,59.06125,29.253458
07/08/2019 05:50,59.5415,29.091583
07/08/2019 05:55,60.02175,28.929708
07/08/2019 06:00,60.502,28.767833
07/08/2019 06:05,61.00558333,29.04551358
07/08/2019 06:10,61.50916667,29.32319417
07/08/2019 06:15,62.01275,29.60087475
07/08/2019 06:20,62.51633333,29.87855533
07/08/2019 06:25,63.01991667,30.15623592
07/08/2019 06:30,63.5235,30.4339165
07/08/2019 06:35,64.02708333,30.71159708
07/08/2019 06:40,64.53066667,30.98927767
07/08/2019 06:45,65.03425,31.26695825
07/08/2019 06:50,65.53783333,31.54463883
07/08/2019 06:55,66.04141667,31.82231942
07/08/2019 07:00,66.545,32.1
07/08/2019 07:05,65.83275,33.24472217
07/08/2019 07:10,65.1205,34.38944433
07/08/2019 07:15,64.40825,35.5341665
07/08/2019 07:20,63.696,36.67888867
07/08/2019 07:25,62.98375,37.82361083
07/08/2019 07:30,62.2715,38.968333
07/08/2019 07:35,61.55925,40.11305517
07/08/2019 07:40,60.847,41.25777733
07/08/2019 07:45,60.13475,42.4024995
07/08/2019 07:50,59.4225,43.54722167
07/08/2019 07:55,58.71025,44.69194383
07/08/2019 08:00,57.998,45.836666
07/08/2019 08:05,57.96016667,46.3869855
07/08/2019 08:10,57.92233333,46.937305
07/08/2019 08:15,57.8845,47.4876245
07/08/2019 08:20,57.84666667,48.037944
07/08/2019 08:25,57.80883333,48.5882635
07/08/2019 08:30,57.771,49.138583
07/08/2019 08:35,57.73316667,49.6889025
07/08/2019 08:40,57.69533333,50.239222
07/08/2019 08:45,57.6575,50.7895415
07/08/2019 08:50,57.61966667,51.339861
07/08/2019 08:55,57.58183333,51.8901805
07/08/2019 09:00,57.544,52.4405
07/08/2019 09:05,57.55141667,52.67923608
07/08/2019 09:10,57.55883333,52.91797217
07/08/2019 09:15,57.56625,53.15670825
07/08/2019 09:20,57.57366667,53.39544433
07/08/2019 09:25,57.58108333,53.63418042
07/08/2019 09:30,57.5885,53.8729165
07/08/2019 09:35,57.59591667,54.11165258
07/08/2019 09:40,57.60333333,54.35038867
07/08/2019 09:45,57.61075,54.58912475
07/08/2019 09:50,57.61816667,54.82786083
07/08/2019 09:55,57.62558333,55.06659692
07/08/2019 10:00,57.633,55.305333
07/08/2019 10:05,57.54675,55.30579142
07/08/2019 10:10,57.4605,55.30624983
07/08/2019 10:15,57.37425,55.30670825
07/08/2019 10:20,57.288,55.30716667
07/08/2019 10:25,57.20175,55.30762508
07/08/2019 10:30,57.1155,55.3080835
07/08/2019 10:35,57.02925,55.30854192
07/08/2019 10:40,56.943,55.30900033
07/08/2019 10:45,56.85675,55.30945875
07/08/2019 10:50,56.7705,55.30991717
07/08/2019 10:55,56.68425,55.31037558
07/08/2019 11:00,56.598,55.310834
07/08/2019 11:05,56.71391667,55.38437558
07/08/2019 11:10,56.82983333,55.45791717
07/08/2019 11:15,56.94575,55.53145875
07/08/2019 11:20,57.06166667,55.60500033
07/08/2019 11:25,57.17758333,55.67854192
07/08/2019 11:30,57.2935,55.7520835
07/08/2019 11:35,57.40941667,55.82562508
07/08/2019 11:40,57.52533333,55.89916667
07/08/2019 11:45,57.64125,55.97270825
07/08/2019 11:50,57.75716667,56.04624983
07/08/2019 11:55,57.87308333,56.11979142
07/08/2019 12:00,57.989,56.193333
07/08/2019 12:05,57.51558333,55.7476525
07/08/2019 12:10,57.04216667,55.301972
07/08/2019 12:15,56.56875,54.8562915
07/08/2019 12:20,56.09533333,54.410611
07/08/2019 12:25,55.62191667,53.9649305
07/08/2019 12:30,55.1485,53.51925
07/08/2019 12:35,54.67508333,53.0735695
07/08/2019 12:40,54.20166667,52.627889
07/08/2019 12:45,53.72825,52.1822085
07/08/2019 12:50,53.25483333,51.736528
07/08/2019 12:55,52.78141667,51.2908475
07/08/2019 13:00,52.308,50.845167
07/08/2019 13:05,52.04033333,50.9644725
07/08/2019 13:10,51.77266667,51.083778
07/08/2019 13:15,51.505,51.2030835
07/08/2019 13:20,51.23733333,51.322389
07/08/2019 13:25,50.96966667,51.4416945
07/08/2019 13:30,50.702,51.561
07/08/2019 13:35,50.43433333,51.6803055
07/08/2019 13:40,50.16666667,51.799611
07/08/2019 13:45,49.899,51.9189165
07/08/2019 13:50,49.63133333,52.038222
07/08/2019 13:55,49.36366667,52.1575275
07/08/2019 14:00,49.096,52.276833
07/08/2019 14:05,50.33008333,52.53068025
07/08/2019 14:10,51.56416667,52.7845275
07/08/2019 14:15,52.79825,53.03837475
07/08/2019 14:20,54.03233333,53.292222
07/08/2019 14:25,55.26641667,53.54606925
07/08/2019 14:30,56.5005,53.7999165
07/08/2019 14:35,57.73458333,54.05376375
07/08/2019 14:40,58.96866667,54.307611
07/08/2019 14:45,60.20275,54.56145825
07/08/2019 14:50,61.43683333,54.8153055
07/08/2019 14:55,62.67091667,55.06915275
07/08/2019 15:00,63.905,55.323
07/08/2019 15:05,63.87266667,54.85405558
07/08/2019 15:10,63.84033333,54.38511117
07/08/2019 15:15,63.808,53.91616675
07/08/2019 15:20,63.77566667,53.44722233
07/08/2019 15:25,63.74333333,52.97827792
07/08/2019 15:30,63.711,52.5093335
07/08/2019 15:35,63.67866667,52.04038908
07/08/2019 15:40,63.64633333,51.57144467
07/08/2019 15:45,63.614,51.10250025
07/08/2019 15:50,63.58166667,50.63355583
07/08/2019 15:55,63.54933333,50.16461142
07/08/2019 16:00,63.517,49.695667
07/08/2019 16:05,63.51166667,49.92461142
07/08/2019 16:10,63.50633333,50.15355583
07/08/2019 16:15,63.501,50.38250025
07/08/2019 16:20,63.49566667,50.61144467
07/08/2019 16:25,63.49033333,50.84038908
07/08/2019 16:30,63.485,51.0693335
07/08/2019 16:35,63.47966667,51.29827792
07/08/2019 16:40,63.47433333,51.52722233
07/08/2019 16:45,63.469,51.75616675
07/08/2019 16:50,63.46366667,51.98511117
07/08/2019 16:55,63.45833333,52.21405558
07/08/2019 17:00,63.453,52.443
07/08/2019 17:05,63.5015,52.91420833
07/08/2019 17:10,63.55,53.38541667
07/08/2019 17:15,63.5985,53.856625
07/08/2019 17:20,63.647,54.32783333
07/08/2019 17:25,63.6955,54.79904167
07/08/2019 17:30,63.744,55.27025
07/08/2019 17:35,63.7925,55.74145833
07/08/2019 17:40,63.841,56.21266667
07/08/2019 17:45,63.8895,56.683875
07/08/2019 17:50,63.938,57.15508333
07/08/2019 17:55,63.9865,57.62629167
07/08/2019 18:00,64.035,58.0975
07/08/2019 18:05,64.04075,58.5214305
07/08/2019 18:10,64.0465,58.945361
07/08/2019 18:15,64.05225,59.3692915
07/08/2019 18:20,64.058,59.793222
07/08/2019 18:25,64.06375,60.2171525
07/08/2019 18:30,64.0695,60.641083
07/08/2019 18:35,64.07525,61.0650135
07/08/2019 18:40,64.081,61.488944
07/08/2019 18:45,64.08675,61.9128745
07/08/2019 18:50,64.0925,62.336805
07/08/2019 18:55,64.09825,62.7607355
07/08/2019 19:00,64.104,63.184666
07/08/2019 19:05,64.10441667,63.07209658
07/08/2019 19:10,64.10483333,62.95952717
07/08/2019 19:15,64.10525,62.84695775
07/08/2019 19:20,64.10566667,62.73438833
07/08/2019 19:25,64.10608333,62.62181892
07/08/2019 19:30,64.1065,62.5092495
07/08/2019 19:35,64.10691667,62.39668008
07/08/2019 19:40,64.10733333,62.28411067
07/08/2019 19:45,64.10775,62.17154125
07/08/2019 19:50,64.10816667,62.05897183
07/08/2019 19:55,64.10858333,61.94640242
07/08/2019 20:00,64.109,61.833833
07/08/2019 20:05,64.11333333,61.48298575
07/08/2019 20:10,64.11766667,61.1321385
07/08/2019 20:15,64.122,60.78129125
07/08/2019 20:20,64.12633333,60.430444
07/08/2019 20:25,64.13066667,60.07959675
07/08/2019 20:30,64.135,59.7287495
07/08/2019 20:35,64.13933333,59.37790225
07/08/2019 20:40,64.14366667,59.027055
07/08/2019 20:45,64.148,58.67620775
07/08/2019 20:50,64.15233333,58.3253605
07/08/2019 20:55,64.15666667,57.97451325
07/08/2019 21:00,64.161,57.623666
07/08/2019 21:05,64.13866667,58.11281883
07/08/2019 21:10,64.11633333,58.60197167
07/08/2019 21:15,64.094,59.0911245
07/08/2019 21:20,64.07166667,59.58027733
07/08/2019 21:25,64.04933333,60.06943017
07/08/2019 21:30,64.027,60.558583
07/08/2019 21:35,64.00466667,61.04773583
07/08/2019 21:40,63.98233333,61.53688867
07/08/2019 21:45,63.96,62.0260415
07/08/2019 21:50,63.93766667,62.51519433
07/08/2019 21:55,63.91533333,63.00434717
07/08/2019 22:00,63.893,63.4935
07/08/2019 22:05,61.5925,63.52551392
07/08/2019 22:10,59.292,63.55752783
07/08/2019 22:15,56.9915,63.58954175
07/08/2019 22:20,54.691,63.62155567
07/08/2019 22:25,52.3905,63.65356958
07/08/2019 22:30,50.09,63.6855835
07/08/2019 22:35,47.7895,63.71759742
07/08/2019 22:40,45.489,63.74961133
07/08/2019 22:45,43.1885,63.78162525
07/08/2019 22:50,40.888,63.81363917
07/08/2019 22:55,38.5875,63.84565308
07/08/2019 23:00,36.287,63.877667
07/08/2019 23:05,35.4145,63.57243092
07/08/2019 23:10,34.542,63.26719483
07/08/2019 23:15,33.6695,62.96195875
07/08/2019 23:20,32.797,62.65672267
07/08/2019 23:25,31.9245,62.35148658
07/08/2019 23:30,31.052,62.0462505
07/08/2019 23:35,30.1795,61.74101442
07/08/2019 23:40,29.307,61.43577833
07/08/2019 23:45,28.4345,61.13054225
07/08/2019 23:50,27.562,60.82530617
07/08/2019 23:55,26.6895,60.52007008
08/08/2019 00:00,25.817,60.214834
08/08/2019 00:05,25.49966667,59.5466395
08/08/2019 00:10,25.18233333,58.878445
08/08/2019 00:15,24.865,58.2102505
08/08/2019 00:20,24.54766667,57.542056
08/08/2019 00:25,24.23033333,56.8738615
08/08/2019 00:30,23.913,56.205667
08/08/2019 00:35,23.59566667,55.5374725
08/08/2019 00:40,23.27833333,54.869278
08/08/2019 00:45,22.961,54.2010835
08/08/2019 00:50,22.64366667,53.532889
08/08/2019 00:55,22.32633333,52.8646945
08/08/2019 01:00,22.009,52.1965
08/08/2019 01:05,22.02608333,51.40543058
08/08/2019 01:10,22.04316667,50.61436117
08/08/2019 01:15,22.06025,49.82329175
08/08/2019 01:20,22.07733333,49.03222233
08/08/2019 01:25,22.09441667,48.24115292
08/08/2019 01:30,22.1115,47.4500835
08/08/2019 01:35,22.12858333,46.65901408
08/08/2019 01:40,22.14566667,45.86794467
08/08/2019 01:45,22.16275,45.07687525
08/08/2019 01:50,22.17983333,44.28580583
08/08/2019 01:55,22.19691667,43.49473642
08/08/2019 02:00,22.214,42.703667
08/08/2019 02:05,22.23341667,41.94744475
08/08/2019 02:10,22.25283333,41.1912225
08/08/2019 02:15,22.27225,40.43500025
08/08/2019 02:20,22.29166667,39.678778
08/08/2019 02:25,22.31108333,38.92255575
08/08/2019 02:30,22.3305,38.1663335
08/08/2019 02:35,22.34991667,37.41011125
08/08/2019 02:40,22.36933333,36.653889
08/08/2019 02:45,22.38875,35.89766675
08/08/2019 02:50,22.40816667,35.1414445
08/08/2019 02:55,22.42758333,34.38522225
08/08/2019 03:00,22.447,33.629
08/08/2019 03:05,22.36325,33.22531942
08/08/2019 03:10,22.2795,32.82163883
08/08/2019 03:15,22.19575,32.41795825
08/08/2019 03:20,22.112,32.01427767
08/08/2019 03:25,22.02825,31.61059708
08/08/2019 03:30,21.9445,31.2069165
08/08/2019 03:35,21.86075,30.80323592
08/08/2019 03:40,21.777,30.39955533
08/08/2019 03:45,21.69325,29.99587475
08/08/2019 03:50,21.6095,29.59219417
08/08/2019 03:55,21.52575,29.18851358
08/08/2019 04:00,21.442,28.784833
08/08/2019 04:05,23.04116667,28.43726358
08/08/2019 04:10,24.64033333,28.08969417
08/08/2019 04:15,26.2395,27.74212475
08/08/2019 04:20,27.83866667,27.39455533
08/08/2019 04:25,29.43783333,27.04698592
08/08/2019 04:30,31.037,26.6994165
08/08/2019 04:35,32.63616667,26.35184708
08/08/2019 04:40,34.23533333,26.00427767
08/08/2019 04:45,35.8345,25.65670825
08/08/2019 04:50,37.43366667,25.30913883
08/08/2019 04:55,39.03283333,24.96156942
08/08/2019 05:00,40.632,24.614
08/08/2019 05:05,41.062,24.65223617
08/08/2019 05:10,41.492,24.69047233
08/08/2019 05:15,41.922,24.7287085
08/08/2019 05:20,42.352,24.76694467
08/08/2019 05:25,42.782,24.80518083
08/08/2019 05:30,43.212,24.843417
08/08/2019 05:35,43.642,24.88165317
08/08/2019 05:40,44.072,24.91988933
08/08/2019 05:45,44.502,24.9581255
08/08/2019 05:50,44.932,24.99636167
08/08/2019 05:55,45.362,25.03459783
08/08/2019 06:00,45.792,25.072834
08/08/2019 06:05,46.04883333,25.12348667
08/08/2019 06:10,46.30566667,25.17413933
08/08/2019 06:15,46.5625,25.224792
08/08/2019 06:20,46.81933333,25.27544467
08/08/2019 06:25,47.07616667,25.32609733
08/08/2019 06:30,47.333,25.37675
08/08/2019 06:35,47.58983333,25.42740267
08/08/2019 06:40,47.84666667,25.47805533
08/08/2019 06:45,48.1035,25.528708
08/08/2019 06:50,48.36033333,25.57936067
08/08/2019 06:55,48.61716667,25.63001333
08/08/2019 07:00,48.874,25.680666
08/08/2019 07:05,49.14408333,26.5848605
08/08/2019 07:10,49.41416667,27.489055
08/08/2019 07:15,49.68425,28.3932495
08/08/2019 07:20,49.95433333,29.297444
08/08/2019 07:25,50.22441667,30.2016385
08/08/2019 07:30,50.4945,31.105833
08/08/2019 07:35,50.76458333,32.0100275
08/08/2019 07:40,51.03466667,32.914222
08/08/2019 07:45,51.30475,33.8184165
08/08/2019 07:50,51.57483333,34.722611
08/08/2019 07:55,51.84491667,35.6268055
08/08/2019 08:00,52.115,36.531
08/08/2019 08:05,51.89875,36.74118058
08/08/2019 08:10,51.6825,36.95136117
08/08/2019 08:15,51.46625,37.16154175
08/08/2019 08:20,51.25,37.37172233
08/08/2019 08:25,51.03375,37.58190292
08/08/2019 08:30,50.8175,37.7920835
08/08/2019 08:35,50.60125,38.00226408
08/08/2019 08:40,50.385,38.21244467
08/08/2019 08:45,50.16875,38.42262525
08/08/2019 08:50,49.9525,38.63280583
08/08/2019 08:55,49.73625,38.84298642
08/08/2019 09:00,49.52,39.053167
08/08/2019 09:05,49.24983333,39.41104192
08/08/2019 09:10,48.97966667,39.76891683
08/08/2019 09:15,48.7095,40.12679175
08/08/2019 09:20,48.43933333,40.48466667
08/08/2019 09:25,48.16916667,40.84254158
08/08/2019 09:30,47.899,41.2004165
08/08/2019 09:35,47.62883333,41.55829142
08/08/2019 09:40,47.35866667,41.91616633
08/08/2019 09:45,47.0885,42.27404125
08/08/2019 09:50,46.81833333,42.63191617
08/08/2019 09:55,46.54816667,42.98979108
08/08/2019 10:00,46.278,43.347666
08/08/2019 10:05,46.26258333,43.66297158
08/08/2019 10:10,46.24716667,43.97827717
08/08/2019 10:15,46.23175,44.29358275
08/08/2019 10:20,46.21633333,44.60888833
08/08/2019 10:25,46.20091667,44.92419392
08/08/2019 10:30,46.1855,45.2394995
08/08/2019 10:35,46.17008333,45.55480508
08/08/2019 10:40,46.15466667,45.87011067
08/08/2019 10:45,46.13925,46.18541625
08/08/2019 10:50,46.12383333,46.50072183
08/08/2019 10:55,46.10841667,46.81602742
08/08/2019 11:00,46.093,47.131333
08/08/2019 11:05,46.015,47.220833
08/08/2019 11:10,45.937,47.310333
08/08/2019 11:15,45.859,47.399833
08/08/2019 11:20,45.781,47.489333
08/08/2019 11:25,45.703,47.578833
08/08/2019 11:30,45.625,47.668333
08/08/2019 11:35,45.547,47.757833
08/08/2019 11:40,45.469,47.847333
08/08/2019 11:45,45.391,47.936833
08/08/2019 11:50,45.313,48.026333
08/08/2019 11:55,45.235,48.115833
08/08/2019 12:00,45.157,48.205333
08/08/2019 12:05,45.121,47.77962467
08/08/2019 12:10,45.085,47.35391633
08/08/2019 12:15,45.049,46.928208
08/08/2019 12:20,45.013,46.50249967
08/08/2019 12:25,44.977,46.07679133
08/08/2019 12:30,44.941,45.651083
08/08/2019 12:35,44.905,45.22537467
08/08/2019 12:40,44.869,44.79966633
08/08/2019 12:45,44.833,44.373958
08/08/2019 12:50,44.797,43.94824967
08/08/2019 12:55,44.761,43.52254133
08/08/2019 13:00,44.725,43.096833
08/08/2019 13:05,44.61666667,43.10877742
08/08/2019 13:10,44.50833333,43.12072183
08/08/2019 13:15,44.4,43.13266625
08/08/2019 13:20,44.29166667,43.14461067
08/08/2019 13:25,44.18333333,43.15655508
08/08/2019 13:30,44.075,43.1684995
08/08/2019 13:35,43.96666667,43.18044392
08/08/2019 13:40,43.85833333,43.19238833
08/08/2019 13:45,43.75,43.20433275
08/08/2019 13:50,43.64166667,43.21627717
08/08/2019 13:55,43.53333333,43.22822158
08/08/2019 14:00,43.425,43.240166
08/08/2019 14:05,43.32308333,43.18254108
08/08/2019 14:10,43.22116667,43.12491617
08/08/2019 14:15,43.11925,43.06729125
08/08/2019 14:20,43.01733333,43.00966633
08/08/2019 14:25,42.91541667,42.95204142
08/08/2019 14:30,42.8135,42.8944165
08/08/2019 14:35,42.71158333,42.83679158
08/08/2019 14:40,42.60966667,42.77916667
08/08/2019 14:45,42.50775,42.72154175
08/08/2019 14:50,42.40583333,42.66391683
08/08/2019 14:55,42.30391667,42.60629192
08/08/2019 15:00,42.202,42.548667
08/08/2019 15:05,42.21691667,42.58844475
08/08/2019 15:10,42.23183333,42.6282225
08/08/2019 15:15,42.24675,42.66800025
08/08/2019 15:20,42.26166667,42.707778
08/08/2019 15:25,42.27658333,42.74755575
08/08/2019 15:30,42.2915,42.7873335
08/08/2019 15:35,42.30641667,42.82711125
08/08/2019 15:40,42.32133333,42.866889
08/08/2019 15:45,42.33625,42.90666675
08/08/2019 15:50,42.35116667,42.9464445
08/08/2019 15:55,42.36608333,42.98622225
08/08/2019 16:00,42.381,43.026
08/08/2019 16:05,42.54016667,43.04784725
08/08/2019 16:10,42.69933333,43.0696945
08/08/2019 16:15,42.8585,43.09154175
08/08/2019 16:20,43.01766667,43.113389
08/08/2019 16:25,43.17683333,43.13523625
08/08/2019 16:30,43.336,43.1570835
08/08/2019 16:35,43.49516667,43.17893075
08/08/2019 16:40,43.65433333,43.200778
08/08/2019 16:45,43.8135,43.22262525
08/08/2019 16:50,43.97266667,43.2444725
08/08/2019 16:55,44.13183333,43.26631975
08/08/2019 17:00,44.291,43.288167
08/08/2019 17:05,44.68741667,43.26701417
08/08/2019 17:10,45.08383333,43.24586133
08/08/2019 17:15,45.48025,43.2247085
08/08/2019 17:20,45.87666667,43.20355567
08/08/2019 17:25,46.27308333,43.18240283
08/08/2019 17:30,46.6695,43.16125
08/08/2019 17:35,47.06591667,43.14009717
08/08/2019 17:40,47.46233333,43.11894433
08/08/2019 17:45,47.85875,43.0977915
08/08/2019 17:50,48.25516667,43.07663867
08/08/2019 17:55,48.65158333,43.05548583
08/08/2019 18:00,49.048,43.034333
08/08/2019 18:05,49.30808333,43.057458
08/08/2019 18:10,49.56816667,43.080583
08/08/2019 18:15,49.82825,43.103708
08/08/2019 18:20,50.08833333,43.126833
08/08/2019 18:25,50.34841667,43.149958
08/08/2019 18:30,50.6085,43.173083
08/08/2019 18:35,50.86858333,43.196208
08/08/2019 18:40,51.12866667,43.219333
08/08/2019 18:45,51.38875,43.242458
08/08/2019 18:50,51.64883333,43.265583
08/08/2019 18:55,51.90891667,43.288708
08/08/2019 19:00,52.169,43.311833
08/08/2019 19:05,52.23633333,43.30027742
08/08/2019 19:10,52.30366667,43.28872183
08/08/2019 19:15,52.371,43.27716625
08/08/2019 19:20,52.43833333,43.26561067
08/08/2019 19:25,52.50566667,43.25405508
08/08/2019 19:30,52.573,43.2424995
08/08/2019 19:35,52.64033333,43.23094392
08/08/2019 19:40,52.70766667,43.21938833
08/08/2019 19:45,52.775,43.20783275
08/08/2019 19:50,52.84233333,43.19627717
08/08/2019 19:55,52.90966667,43.18472158
08/08/2019 20:00,52.977,43.173166
08/08/2019 20:05,52.94558333,43.31324933
08/08/2019 20:10,52.91416667,43.45333267
08/08/2019 20:15,52.88275,43.593416
08/08/2019 20:20,52.85133333,43.73349933
08/08/2019 20:25,52.81991667,43.87358267
08/08/2019 20:30,52.7885,44.013666
08/08/2019 20:35,52.75708333,44.15374933
08/08/2019 20:40,52.72566667,44.29383267
08/08/2019 20:45,52.69425,44.433916
08/08/2019 20:50,52.66283333,44.57399933
08/08/2019 20:55,52.63141667,44.71408267
08/08/2019 21:00,52.6,44.854166
08/08/2019 21:05,52.69166667,45.22122158
08/08/2019 21:10,52.78333333,45.58827717
08/08/2019 21:15,52.875,45.95533275
08/08/2019 21:20,52.96666667,46.32238833
08/08/2019 21:25,53.05833333,46.68944392
08/08/2019 21:30,53.15,47.0564995
08/08/2019 21:35,53.24166667,47.42355508
08/08/2019 21:40,53.33333333,47.79061067
08/08/2019 21:45,53.425,48.15766625
08/08/2019 21:50,53.51666667,48.52472183
08/08/2019 21:55,53.60833333,48.89177742
08/08/2019 22:00,53.7,49.258833
08/08/2019 22:05,52.522,49.27712467
08/08/2019 22:10,51.344,49.29541633
08/08/2019 22:15,50.166,49.313708
08/08/2019 22:20,48.988,49.33199967
08/08/2019 22:25,47.81,49.35029133
08/08/2019 22:30,46.632,49.368583
08/08/2019 22:35,45.454,49.38687467
08/08/2019 22:40,44.276,49.40516633
08/08/2019 22:45,43.098,49.423458
08/08/2019 22:50,41.92,49.44174967
08/08/2019 22:55,40.742,49.46004133
08/08/2019 23:00,39.564,49.478333
08/08/2019 23:05,38.50916667,49.46523575
08/08/2019 23:10,37.45433333,49.4521385
08/08/2019 23:15,36.3995,49.43904125
08/08/2019 23:20,35.34466667,49.425944
08/08/2019 23:25,34.28983333,49.41284675
08/08/2019 23:30,33.235,49.3997495
08/08/2019 23:35,32.18016667,49.38665225
08/08/2019 23:40,31.12533333,49.373555
08/08/2019 23:45,30.0705,49.36045775
08/08/2019 23:50,29.01566667,49.3473605
08/08/2019 23:55,27.96083333,49.33426325
09/08/2019 00:00,26.906,49.321166
09/08/2019 00:05,26.70675,49.08592992
09/08/2019 00:10,26.5075,48.85069383
09/08/2019 00:15,26.30825,48.61545775
09/08/2019 00:20,26.109,48.38022167
09/08/2019 00:25,25.90975,48.14498558
09/08/2019 00:30,25.7105,47.9097495
09/08/2019 00:35,25.51125,47.67451342
09/08/2019 00:40,25.312,47.43927733
09/08/2019 00:45,25.11275,47.20404125
09/08/2019 00:50,24.9135,46.96880517
09/08/2019 00:55,24.71425,46.73356908
09/08/2019 01:00,24.515,46.498333
09/08/2019 01:05,24.59816667,45.92318025
09/08/2019 01:10,24.68133333,45.3480275
09/08/2019 01:15,24.7645,44.77287475
09/08/2019 01:20,24.84766667,44.197722
09/08/2019 01:25,24.93083333,43.62256925
09/08/2019 01:30,25.014,43.0474165
09/08/2019 01:35,25.09716667,42.47226375
09/08/2019 01:40,25.18033333,41.897111
09/08/2019 01:45,25.2635,41.32195825
09/08/2019 01:50,25.34666667,40.7468055
09/08/2019 01:55,25.42983333,40.17165275
09/08/2019 02:00,25.513,39.5965
09/08/2019 02:05,25.52941667,38.99708333
09/08/2019 02:10,25.54583333,38.39766667
09/08/2019 02:15,25.56225,37.79825
09/08/2019 02:20,25.57866667,37.19883333
09/08/2019 02:25,25.59508333,36.59941667
09/08/2019 02:30,25.6115,36
09/08/2019 02:35,25.62791667,35.40058333
09/08/2019 02:40,25.64433333,34.80116667
09/08/2019 02:45,25.66075,34.20175
09/08/2019 02:50,25.67716667,33.60233333
09/08/2019 02:55,25.69358333,33.00291667
09/08/2019 03:00,25.71,32.4035
09/08/2019 03:05,25.585,32.31258333
09/08/2019 03:10,25.46,32.22166667
09/08/2019 03:15,25.335,32.13075
09/08/2019 03:20,25.21,32.03983333
09/08/2019 03:25,25.085,31.94891667
09/08/2019 03:30,24.96,31.858
09/08/2019 03:35,24.835,31.76708333
09/08/2019 03:40,24.71,31.67616667
09/08/2019 03:45,24.585,31.58525
09/08/2019 03:50,24.46,31.49433333
09/08/2019 03:55,24.335,31.40341667
09/08/2019 04:00,24.21,31.3125
09/08/2019 04:05,25.20691667,30.80641667
09/08/2019 04:10,26.20383333,30.30033333
09/08/2019 04:15,27.20075,29.79425
09/08/2019 04:20,28.19766667,29.28816667
09/08/2019 04:25,29.19458333,28.78208333
09/08/2019 04:30,30.1915,28.276
09/08/2019 04:35,31.18841667,27.76991667
09/08/2019 04:40,32.18533333,27.26383333
09/08/2019 04:45,33.18225,26.75775
09/08/2019 04:50,34.17916667,26.25166667
09/08/2019 04:55,35.17608333,25.74558333
09/08/2019 05:00,36.173,25.2395
09/08/2019 05:05,36.49108333,25.25083333
09/08/2019 05:10,36.80916667,25.26216667
09/08/2019 05:15,37.12725,25.2735
09/08/2019 05:20,37.44533333,25.28483333
09/08/2019 05:25,37.76341667,25.29616667
09/08/2019 05:30,38.0815,25.3075
09/08/2019 05:35,38.39958333,25.31883333
09/08/2019 05:40,38.71766667,25.33016667
09/08/2019 05:45,39.03575,25.3415
09/08/2019 05:50,39.35383333,25.35283333
09/08/2019 05:55,39.67191667,25.36416667
09/08/2019 06:00,39.99,25.3755
09/08/2019 06:05,40.72675,25.43252775
09/08/2019 06:10,41.4635,25.4895555
09/08/2019 06:15,42.20025,25.54658325
09/08/2019 06:20,42.937,25.603611
09/08/2019 06:25,43.67375,25.66063875
09/08/2019 06:30,44.4105,25.7176665
09/08/2019 06:35,45.14725,25.77469425
09/08/2019 06:40,45.884,25.831722
09/08/2019 06:45,46.62075,25.88874975
09/08/2019 06:50,47.3575,25.9457775
09/08/2019 06:55,48.09425,26.00280525
09/08/2019 07:00,48.831,26.059833
09/08/2019 07:05,48.99575,26.50651358
09/08/2019 07:10,49.1605,26.95319417
09/08/2019 07:15,49.32525,27.39987475
09/08/2019 07:20,49.49,27.84655533
09/08/2019 07:25,49.65475,28.29323592
09/08/2019 07:30,49.8195,28.7399165
09/08/2019 07:35,49.98425,29.18659708
09/08/2019 07:40,50.149,29.63327767
09/08/2019 07:45,50.31375,30.07995825
09/08/2019 07:50,50.4785,30.52663883
09/08/2019 07:55,50.64325,30.97331942
09/08/2019 08:00,50.808,31.42
09/08/2019 08:05,50.79366667,31.94295833
09/08/2019 08:10,50.77933333,32.46591667
09/08/2019 08:15,50.765,32.988875
09/08/2019 08:20,50.75066667,33.51183333
09/08/2019 08:25,50.73633333,34.03479167
09/08/2019 08:30,50.722,34.55775
09/08/2019 08:35,50.70766667,35.08070833
09/08/2019 08:40,50.69333333,35.60366667
09/08/2019 08:45,50.679,36.126625
09/08/2019 08:50,50.66466667,36.64958333
09/08/2019 08:55,50.65033333,37.17254167
09/08/2019 09:00,50.636,37.6955
09/08/2019 09:05,51.3815,37.96248608
09/08/2019 09:10,52.127,38.22947217
09/08/2019 09:15,52.8725,38.49645825
09/08/2019 09:20,53.618,38.76344433
09/08/2019 09:25,54.3635,39.03043042
09/08/2019 09:30,55.109,39.2974165
09/08/2019 09:35,55.8545,39.56440258
09/08/2019 09:40,56.6,39.83138867
09/08/2019 09:45,57.3455,40.09837475
09/08/2019 09:50,58.091,40.36536083
09/08/2019 09:55,58.8365,40.63234692
09/08/2019 10:00,59.582,40.899333
09/08/2019 10:05,59.73358333,41.36887475
09/08/2019 10:10,59.88516667,41.8384165
09/08/2019 10:15,60.03675,42.30795825
09/08/2019 10:20,60.18833333,42.7775
09/08/2019 10:25,60.33991667,43.24704175
09/08/2019 10:30,60.4915,43.7165835
09/08/2019 10:35,60.64308333,44.18612525
09/08/2019 10:40,60.79466667,44.655667
09/08/2019 10:45,60.94625,45.12520875
09/08/2019 10:50,61.09783333,45.5947505
09/08/2019 10:55,61.24941667,46.06429225
09/08/2019 11:00,61.401,46.533834
09/08/2019 11:05,61.726,46.6620145
09/08/2019 11:10,62.051,46.790195
09/08/2019 11:15,62.376,46.9183755
09/08/2019 11:20,62.701,47.046556
09/08/2019 11:25,63.026,47.1747365
09/08/2019 11:30,63.351,47.302917
09/08/2019 11:35,63.676,47.4310975
09/08/2019 11:40,64.001,47.559278
09/08/2019 11:45,64.326,47.6874585
09/08/2019 11:50,64.651,47.815639
09/08/2019 11:55,64.976,47.9438195
09/08/2019 12:00,65.301,48.072
09/08/2019 12:05,64.87791667,48.47465275
09/08/2019 12:10,64.45483333,48.8773055
09/08/2019 12:15,64.03175,49.27995825
09/08/2019 12:20,63.60866667,49.682611
09/08/2019 12:25,63.18558333,50.08526375
09/08/2019 12:30,62.7625,50.4879165
09/08/2019 12:35,62.33941667,50.89056925
09/08/2019 12:40,61.91633333,51.293222
09/08/2019 12:45,61.49325,51.69587475
09/08/2019 12:50,61.07016667,52.0985275
09/08/2019 12:55,60.64708333,52.50118025
09/08/2019 13:00,60.224,52.903833
09/08/2019 13:05,60.08441667,53.22598583
09/08/2019 13:10,59.94483333,53.54813867
09/08/2019 13:15,59.80525,53.8702915
09/08/2019 13:20,59.66566667,54.19244433
09/08/2019 13:25,59.52608333,54.51459717
09/08/2019 13:30,59.3865,54.83675
09/08/2019 13:35,59.24691667,55.15890283
09/08/2019 13:40,59.10733333,55.48105567
09/08/2019 13:45,58.96775,55.8032085
09/08/2019 13:50,58.82816667,56.12536133
09/08/2019 13:55,58.68858333,56.44751417
09/08/2019 14:00,58.549,56.769667
09/08/2019 14:05,58.64125,56.99976417
09/08/2019 14:10,58.7335,57.22986133
09/08/2019 14:15,58.82575,57.4599585
09/08/2019 14:20,58.918,57.69005567
09/08/2019 14:25,59.01025,57.92015283
09/08/2019 14:30,59.1025,58.15025
09/08/2019 14:35,59.19475,58.38034717
09/08/2019 14:40,59.287,58.61044433
09/08/2019 14:45,59.37925,58.8405415
09/08/2019 14:50,59.4715,59.07063867
09/08/2019 14:55,59.56375,59.30073583
09/08/2019 15:00,59.656,59.530833
09/08/2019 15:05,59.60441667,59.039708
09/08/2019 15:10,59.55283333,58.548583
09/08/2019 15:15,59.50125,58.057458
09/08/2019 15:20,59.44966667,57.566333
09/08/2019 15:25,59.39808333,57.075208
09/08/2019 15:30,59.3465,56.584083
09/08/2019 15:35,59.29491667,56.092958
09/08/2019 15:40,59.24333333,55.601833
09/08/2019 15:45,59.19175,55.110708
09/08/2019 15:50,59.14016667,54.619583
09/08/2019 15:55,59.08858333,54.128458
09/08/2019 16:00,59.037,53.637333
09/08/2019 16:05,58.20216667,53.82504133
09/08/2019 16:10,57.36733333,54.01274967
09/08/2019 16:15,56.5325,54.200458
09/08/2019 16:20,55.69766667,54.38816633
09/08/2019 16:25,54.86283333,54.57587467
09/08/2019 16:30,54.028,54.763583
09/08/2019 16:35,53.19316667,54.95129133
09/08/2019 16:40,52.35833333,55.13899967
09/08/2019 16:45,51.5235,55.326708
09/08/2019 16:50,50.68866667,55.51441633
09/08/2019 16:55,49.85383333,55.70212467
09/08/2019 17:00,49.019,55.889833
09/08/2019 17:05,48.88308333,56.12111075
09/08/2019 17:10,48.74716667,56.3523885
09/08/2019 17:15,48.61125,56.58366625
09/08/2019 17:20,48.47533333,56.814944
09/08/2019 17:25,48.33941667,57.04622175
09/08/2019 17:30,48.2035,57.2774995
09/08/2019 17:35,48.06758333,57.50877725
09/08/2019 17:40,47.93166667,57.740055
09/08/2019 17:45,47.79575,57.97133275
09/08/2019 17:50,47.65983333,58.2026105
09/08/2019 17:55,47.52391667,58.43388825
09/08/2019 18:00,47.388,58.665166
09/08/2019 18:05,46.52191667,58.08365217
09/08/2019 18:10,45.65583333,57.50213833
09/08/2019 18:15,44.78975,56.9206245
09/08/2019 18:20,43.92366667,56.33911067
09/08/2019 18:25,43.05758333,55.75759683
09/08/2019 18:30,42.1915,55.176083
09/08/2019 18:35,41.32541667,54.59456917
09/08/2019 18:40,40.45933333,54.01305533
09/08/2019 18:45,39.59325,53.4315415
09/08/2019 18:50,38.72716667,52.85002767
09/08/2019 18:55,37.86108333,52.26851383
09/08/2019 19:00,36.995,51.687
09/08/2019 19:05,36.8175,51.66741667
09/08/2019 19:10,36.64,51.64783333
09/08/2019 19:15,36.4625,51.62825
09/08/2019 19:20,36.285,51.60866667
09/08/2019 19:25,36.1075,51.58908333
09/08/2019 19:30,35.93,51.5695
09/08/2019 19:35,35.7525,51.54991667
09/08/2019 19:40,35.575,51.53033333
09/08/2019 19:45,35.3975,51.51075
09/08/2019 19:50,35.22,51.49116667
09/08/2019 19:55,35.0425,51.47158333
09/08/2019 20:00,34.865,51.452
09/08/2019 20:05,34.72041667,50.81388892
09/08/2019 20:10,34.57583333,50.17577783
09/08/2019 20:15,34.43125,49.53766675
09/08/2019 20:20,34.28666667,48.89955567
09/08/2019 20:25,34.14208333,48.26144458
09/08/2019 20:30,33.9975,47.6233335
09/08/2019 20:35,33.85291667,46.98522242
09/08/2019 20:40,33.70833333,46.34711133
09/08/2019 20:45,33.56375,45.70900025
09/08/2019 20:50,33.41916667,45.07088917
09/08/2019 20:55,33.27458333,44.43277808
09/08/2019 21:00,33.13,43.794667
09/08/2019 21:05,32.42275,43.56908367
09/08/2019 21:10,31.7155,43.34350033
09/08/2019 21:15,31.00825,43.117917
09/08/2019 21:20,30.301,42.89233367
09/08/2019 21:25,29.59375,42.66675033
09/08/2019 21:30,28.8865,42.441167
09/08/2019 21:35,28.17925,42.21558367
09/08/2019 21:40,27.472,41.99000033
09/08/2019 21:45,26.76475,41.764417
09/08/2019 21:50,26.0575,41.53883367
09/08/2019 21:55,25.35025,41.31325033
09/08/2019 22:00,24.643,41.087667
09/08/2019 22:05,24.32166667,40.76180592
09/08/2019 22:10,24.00033333,40.43594483
09/08/2019 22:15,23.679,40.11008375
09/08/2019 22:20,23.35766667,39.78422267
09/08/2019 22:25,23.03633333,39.45836158
09/08/2019 22:30,22.715,39.1325005
09/08/2019 22:35,22.39366667,38.80663942
09/08/2019 22:40,22.07233333,38.48077833
09/08/2019 22:45,21.751,38.15491725
09/08/2019 22:50,21.42966667,37.82905617
09/08/2019 22:55,21.10833333,37.50319508
09/08/2019 23:00,20.787,37.177334
09/08/2019 23:05,19.78241667,36.79798675
09/08/2019 23:10,18.77783333,36.4186395
09/08/2019 23:15,17.77325,36.03929225
09/08/2019 23:20,16.76866667,35.659945
09/08/2019 23:25,15.76408333,35.28059775
09/08/2019 23:30,14.7595,34.9012505
09/08/2019 23:35,13.75491667,34.52190325
09/08/2019 23:40,12.75033333,34.142556
09/08/2019 23:45,11.74575,33.76320875
09/08/2019 23:50,10.74116667,33.3838615
09/08/2019 23:55,9.736583333,33.00451425
10/08/2019 00:00,8.732,32.625167
10/08/2019 00:05,8.488833333,32.3124725
10/08/2019 00:10,8.245666667,31.999778
10/08/2019 00:15,8.0025,31.6870835
10/08/2019 00:20,7.759333333,31.374389
10/08/2019 00:25,7.516166667,31.0616945
10/08/2019 00:30,7.273,30.749
10/08/2019 00:35,7.029833333,30.4363055
10/08/2019 00:40,6.786666667,30.123611
10/08/2019 00:45,6.5435,29.8109165
10/08/2019 00:50,6.300333333,29.498222
10/08/2019 00:55,6.057166667,29.1855275
10/08/2019 01:00,5.814,28.872833
10/08/2019 01:05,5.827833333,28.6385135
10/08/2019 01:10,5.841666667,28.404194
10/08/2019 01:15,5.8555,28.1698745
10/08/2019 01:20,5.869333333,27.935555
10/08/2019 01:25,5.883166667,27.7012355
10/08/2019 01:30,5.897,27.466916
10/08/2019 01:35,5.910833333,27.2325965
10/08/2019 01:40,5.924666667,26.998277
10/08/2019 01:45,5.9385,26.7639575
10/08/2019 01:50,5.952333333,26.529638
10/08/2019 01:55,5.966166667,26.2953185
10/08/2019 02:00,5.98,26.060999
10/08/2019 02:05,5.98325,25.16787408
10/08/2019 02:10,5.9865,24.27474917
10/08/2019 02:15,5.98975,23.38162425
10/08/2019 02:20,5.993,22.48849933
10/08/2019 02:25,5.99625,21.59537442
10/08/2019 02:30,5.9995,20.7022495
10/08/2019 02:35,6.00275,19.80912458
10/08/2019 02:40,6.006,18.91599967
10/08/2019 02:45,6.00925,18.02287475
10/08/2019 02:50,6.0125,17.12974983
10/08/2019 02:55,6.01575,16.23662492
10/08/2019 03:00,6.019,15.3435
10/08/2019 03:05,6.023166667,15.34918058
10/08/2019 03:10,6.027333333,15.35486117
10/08/2019 03:15,6.0315,15.36054175
10/08/2019 03:20,6.035666667,15.36622233
10/08/2019 03:25,6.039833333,15.37190292
10/08/2019 03:30,6.044,15.3775835
10/08/2019 03:35,6.048166667,15.38326408
10/08/2019 03:40,6.052333333,15.38894467
10/08/2019 03:45,6.0565,15.39462525
10/08/2019 03:50,6.060666667,15.40030583
10/08/2019 03:55,6.064833333,15.40598642
10/08/2019 04:00,6.069,15.411667
10/08/2019 04:05,6.074916667,16.31888917
10/08/2019 04:10,6.080833333,17.22611133
10/08/2019 04:15,6.08675,18.1333335
10/08/2019 04:20,6.092666667,19.04055567
10/08/2019 04:25,6.098583333,19.94777783
10/08/2019 04:30,6.1045,20.855
10/08/2019 04:35,6.110416667,21.76222217
10/08/2019 04:40,6.116333333,22.66944433
10/08/2019 04:45,6.12225,23.5766665
10/08/2019 04:50,6.128166667,24.48388867
10/08/2019 04:55,6.134083333,25.39111083
10/08/2019 05:00,6.14,26.298333
10/08/2019 05:05,6.146666667,26.362458
10/08/2019 05:10,6.153333333,26.426583
10/08/2019 05:15,6.16,26.490708
10/08/2019 05:20,6.166666667,26.554833
10/08/2019 05:25,6.173333333,26.618958
10/08/2019 05:30,6.18,26.683083
10/08/2019 05:35,6.186666667,26.747208
10/08/2019 05:40,6.193333333,26.811333
10/08/2019 05:45,6.2,26.875458
10/08/2019 05:50,6.206666667,26.939583
10/08/2019 05:55,6.213333333,27.003708
10/08/2019 06:00,6.22,27.067833
10/08/2019 06:05,6.223666667,26.24562467
10/08/2019 06:10,6.227333333,25.42341633
10/08/2019 06:15,6.231,24.601208
10/08/2019 06:20,6.234666667,23.77899967
10/08/2019 06:25,6.238333333,22.95679133
10/08/2019 06:30,6.242,22.134583
10/08/2019 06:35,6.245666667,21.31237467
10/08/2019 06:40,6.249333333,20.49016633
10/08/2019 06:45,6.253,19.667958
10/08/2019 06:50,6.256666667,18.84574967
10/08/2019 06:55,6.260333333,18.02354133
10/08/2019 07:00,6.264,17.201333
10/08/2019 07:05,6.272166667,16.276833
10/08/2019 07:10,6.280333333,15.352333
10/08/2019 07:15,6.2885,14.427833
10/08/2019 07:20,6.296666667,13.503333
10/08/2019 07:25,6.304833333,12.578833
10/08/2019 07:30,6.313,11.654333
10/08/2019 07:35,6.321166667,10.729833
10/08/2019 07:40,6.329333333,9.805333
10/08/2019 07:45,6.3375,8.880833
10/08/2019 07:50,6.345666667,7.956333
10/08/2019 07:55,6.353833333,7.031833
10/08/2019 08:00,6.362,6.107333
10/08/2019 08:05,6.365666667,6.110221917
10/08/2019 08:10,6.369333333,6.113110833
10/08/2019 08:15,6.373,6.11599975
10/08/2019 08:20,6.376666667,6.118888667
10/08/2019 08:25,6.380333333,6.121777583
10/08/2019 08:30,6.384,6.1246665
10/08/2019 08:35,6.387666667,6.127555417
10/08/2019 08:40,6.391333333,6.130444333
10/08/2019 08:45,6.395,6.13333325
10/08/2019 08:50,6.398666667,6.136222167
10/08/2019 08:55,6.402333333,6.139111083
10/08/2019 09:00,6.406,6.142
10/08/2019 09:05,8.24325,6.144888917
10/08/2019 09:10,10.0805,6.147777833
10/08/2019 09:15,11.91775,6.15066675
10/08/2019 09:20,13.755,6.153555667
10/08/2019 09:25,15.59225,6.156444583
10/08/2019 09:30,17.4295,6.1593335
10/08/2019 09:35,19.26675,6.162222417
10/08/2019 09:40,21.104,6.165111333
10/08/2019 09:45,22.94125,6.16800025
10/08/2019 09:50,24.7785,6.170889167
10/08/2019 09:55,26.61575,6.173778083
10/08/2019 10:00,28.453,6.176667
10/08/2019 10:05,29.00208333,7.230166917
10/08/2019 10:10,29.55116667,8.283666833
10/08/2019 10:15,30.10025,9.33716675
10/08/2019 10:20,30.64933333,10.39066667
10/08/2019 10:25,31.19841667,11.44416658
10/08/2019 10:30,31.7475,12.4976665
10/08/2019 10:35,32.29658333,13.55116642
10/08/2019 10:40,32.84566667,14.60466633
10/08/2019 10:45,33.39475,15.65816625
10/08/2019 10:50,33.94383333,16.71166617
10/08/2019 10:55,34.49291667,17.76516608
10/08/2019 11:00,35.042,18.818666
10/08/2019 11:05,34.92058333,19.39826333
10/08/2019 11:10,34.79916667,19.97786067
10/08/2019 11:15,34.67775,20.557458
10/08/2019 11:20,34.55633333,21.13705533
10/08/2019 11:25,34.43491667,21.71665267
10/08/2019 11:30,34.3135,22.29625
10/08/2019 11:35,34.19208333,22.87584733
10/08/2019 11:40,34.07066667,23.45544467
10/08/2019 11:45,33.94925,24.035042
10/08/2019 11:50,33.82783333,24.61463933
10/08/2019 11:55,33.70641667,25.19423667
10/08/2019 12:00,33.585,25.773834
10/08/2019 12:05,33.28841667,25.8663895
10/08/2019 12:10,32.99183333,25.958945
10/08/2019 12:15,32.69525,26.0515005
10/08/2019 12:20,32.39866667,26.144056
10/08/2019 12:25,32.10208333,26.2366115
10/08/2019 12:30,31.8055,26.329167
10/08/2019 12:35,31.50891667,26.4217225
10/08/2019 12:40,31.21233333,26.514278
10/08/2019 12:45,30.91575,26.6068335
10/08/2019 12:50,30.61916667,26.699389
10/08/2019 12:55,30.32258333,26.7919445
10/08/2019 13:00,30.026,26.8845
10/08/2019 13:05,30.05008333,26.71375
10/08/2019 13:10,30.07416667,26.543
10/08/2019 13:15,30.09825,26.37225
10/08/2019 13:20,30.12233333,26.2015
10/08/2019 13:25,30.14641667,26.03075
10/08/2019 13:30,30.1705,25.86
10/08/2019 13:35,30.19458333,25.68925
10/08/2019 13:40,30.21866667,25.5185
10/08/2019 13:45,30.24275,25.34775
10/08/2019 13:50,30.26683333,25.177
10/08/2019 13:55,30.29091667,25.00625
10/08/2019 14:00,30.315,24.8355
10/08/2019 14:05,30.46133333,24.93761108
10/08/2019 14:10,30.60766667,25.03972217
10/08/2019 14:15,30.754,25.14183325
10/08/2019 14:20,30.90033333,25.24394433
10/08/2019 14:25,31.04666667,25.34605542
10/08/2019 14:30,31.193,25.4481665
10/08/2019 14:35,31.33933333,25.55027758
10/08/2019 14:40,31.48566667,25.65238867
10/08/2019 14:45,31.632,25.75449975
10/08/2019 14:50,31.77833333,25.85661083
10/08/2019 14:55,31.92466667,25.95872192
10/08/2019 15:00,32.071,26.060833
10/08/2019 15:05,32.14358333,26.0767635
10/08/2019 15:10,32.21616667,26.092694
10/08/2019 15:15,32.28875,26.1086245
10/08/2019 15:20,32.36133333,26.124555
10/08/2019 15:25,32.43391667,26.1404855
10/08/2019 15:30,32.5065,26.156416
10/08/2019 15:35,32.57908333,26.1723465
10/08/2019 15:40,32.65166667,26.188277
10/08/2019 15:45,32.72425,26.2042075
10/08/2019 15:50,32.79683333,26.220138
10/08/2019 15:55,32.86941667,26.2360685
10/08/2019 16:00,32.942,26.251999
10/08/2019 16:05,32.99683333,26.1868185
10/08/2019 16:10,33.05166667,26.121638
10/08/2019 16:15,33.1065,26.0564575
10/08/2019 16:20,33.16133333,25.991277
10/08/2019 16:25,33.21616667,25.9260965
10/08/2019 16:30,33.271,25.860916
10/08/2019 16:35,33.32583333,25.7957355
10/08/2019 16:40,33.38066667,25.730555
10/08/2019 16:45,33.4355,25.6653745
10/08/2019 16:50,33.49033333,25.600194
10/08/2019 16:55,33.54516667,25.5350135
10/08/2019 17:00,33.6,25.469833
10/08/2019 17:05,33.64175,25.4181525
10/08/2019 17:10,33.6835,25.366472
10/08/2019 17:15,33.72525,25.3147915
10/08/2019 17:20,33.767,25.263111
10/08/2019 17:25,33.80875,25.2114305
10/08/2019 17:30,33.8505,25.15975
10/08/2019 17:35,33.89225,25.1080695
10/08/2019 17:40,33.934,25.056389
10/08/2019 17:45,33.97575,25.0047085
10/08/2019 17:50,34.0175,24.953028
10/08/2019 17:55,34.05925,24.9013475
10/08/2019 18:00,34.101,24.849667
10/08/2019 18:05,35.88258333,25.12000033
10/08/2019 18:10,37.66416667,25.39033367
10/08/2019 18:15,39.44575,25.660667
10/08/2019 18:20,41.22733333,25.93100033
10/08/2019 18:25,43.00891667,26.20133367
10/08/2019 18:30,44.7905,26.471667
10/08/2019 18:35,46.57208333,26.74200033
10/08/2019 18:40,48.35366667,27.01233367
10/08/2019 18:45,50.13525,27.282667
10/08/2019 18:50,51.91683333,27.55300033
10/08/2019 18:55,53.69841667,27.82333367
10/08/2019 19:00,55.48,28.093667
10/08/2019 19:05,54.76583333,29.01638917
10/08/2019 19:10,54.05166667,29.93911133
10/08/2019 19:15,53.3375,30.8618335
10/08/2019 19:20,52.62333333,31.78455567
10/08/2019 19:25,51.90916667,32.70727783
10/08/2019 19:30,51.195,33.63
10/08/2019 19:35,50.48083333,34.55272217
10/08/2019 19:40,49.76666667,35.47544433
10/08/2019 19:45,49.0525,36.3981665
10/08/2019 19:50,48.33833333,37.32088867
10/08/2019 19:55,47.62416667,38.24361083
10/08/2019 20:00,46.91,39.166333
10/08/2019 20:05,46.95766667,39.99255525
10/08/2019 20:10,47.00533333,40.8187775
10/08/2019 20:15,47.053,41.64499975
10/08/2019 20:20,47.10066667,42.471222
10/08/2019 20:25,47.14833333,43.29744425
10/08/2019 20:30,47.196,44.1236665
10/08/2019 20:35,47.24366667,44.94988875
10/08/2019 20:40,47.29133333,45.776111
10/08/2019 20:45,47.339,46.60233325
10/08/2019 20:50,47.38666667,47.4285555
10/08/2019 20:55,47.43433333,48.25477775
10/08/2019 21:00,47.482,49.081
10/08/2019 21:05,47.52191667,49.64866667
10/08/2019 21:10,47.56183333,50.21633333
10/08/2019 21:15,47.60175,50.784
10/08/2019 21:20,47.64166667,51.35166667
10/08/2019 21:25,47.68158333,51.91933333
10/08/2019 21:30,47.7215,52.487
10/08/2019 21:35,47.76141667,53.05466667
10/08/2019 21:40,47.80133333,53.62233333
10/08/2019 21:45,47.84125,54.19
10/08/2019 21:50,47.88116667,54.75766667
10/08/2019 21:55,47.92108333,55.32533333
10/08/2019 22:00,47.961,55.893
10/08/2019 22:05,45.92516667,55.87386108
10/08/2019 22:10,43.88933333,55.85472217
10/08/2019 22:15,41.8535,55.83558325
10/08/2019 22:20,39.81766667,55.81644433
10/08/2019 22:25,37.78183333,55.79730542
10/08/2019 22:30,35.746,55.7781665
10/08/2019 22:35,33.71016667,55.75902758
10/08/2019 22:40,31.67433333,55.73988867
10/08/2019 22:45,29.6385,55.72074975
10/08/2019 22:50,27.60266667,55.70161083
10/08/2019 22:55,25.56683333,55.68247192
10/08/2019 23:00,23.531,55.663333
10/08/2019 23:05,23.11691667,55.67019408
10/08/2019 23:10,22.70283333,55.67705517
10/08/2019 23:15,22.28875,55.68391625
10/08/2019 23:20,21.87466667,55.69077733
10/08/2019 23:25,21.46058333,55.69763842
10/08/2019 23:30,21.0465,55.7044995
10/08/2019 23:35,20.63241667,55.71136058
10/08/2019 23:40,20.21833333,55.71822167
10/08/2019 23:45,19.80425,55.72508275
10/08/2019 23:50,19.39016667,55.73194383
10/08/2019 23:55,18.97608333,55.73880492
11/08/2019 00:00,18.562,55.745666
11/08/2019 00:05,18.6225,55.62417992
11/08/2019 00:10,18.683,55.50269383
11/08/2019 00:15,18.7435,55.38120775
11/08/2019 00:20,18.804,55.25972167
11/08/2019 00:25,18.8645,55.13823558
11/08/2019 00:30,18.925,55.0167495
11/08/2019 00:35,18.9855,54.89526342
11/08/2019 00:40,19.046,54.77377733
11/08/2019 00:45,19.1065,54.65229125
11/08/2019 00:50,19.167,54.53080517
11/08/2019 00:55,19.2275,54.40931908
11/08/2019 01:00,19.288,54.287833
